Kotlin Toolchain version 0.13.0 (abc7a5f, 2026-09-30)
running on Linux 7.2.8 jvm arch amd64

00:01.069 DEBUG                           MockProjectInitializer$DebugLogger Loaded text for file /home/mark/Nextcloud/Documents/School/2026 - Fall/SWE/tmp/libs.versions.toml
00:01.085 DEBUG                           MockProjectInitializer$DebugLogger INFO: null: java.lang.ExceptionInInitializerError
	at com.intellij.DynamicBundle.getParent(DynamicBundle.java:152)
	at com.intellij.DynamicBundle.resolveBundleOrder(DynamicBundle.java:165)
	at com.intellij.DynamicBundle.resolveResourceBundle(DynamicBundle.java:123)
	at com.intellij.DynamicBundle.lambda$findBundle$2(DynamicBundle.java:83)
	at java.base/java.util.concurrent.ConcurrentMap.computeIfAbsent(Unknown Source)
	at com.intellij.DynamicBundle.findBundle(DynamicBundle.java:82)
	at com.intellij.AbstractBundle.getResourceBundle$lambda$0(AbstractBundle.kt:162)
	at com.intellij.AbstractBundle$Companion.resolveResourceBundleWithFallback(AbstractBundle.kt:86)
	at com.intellij.AbstractBundle.getResourceBundle(AbstractBundle.kt:161)
	at com.intellij.AbstractBundle.getMessage(AbstractBundle.kt:112)
	at com.intellij.analysis.AnalysisBundle.message(AnalysisBundle.java:20)
	at com.intellij.lang.parser.GeneratedParserUtilBase.reportError(GeneratedParserUtilBase.java:772)
	at com.intellij.lang.parser.GeneratedParserUtilBase.exit_section_impl_(GeneratedParserUtilBase.java:563)
	at com.intellij.lang.parser.GeneratedParserUtilBase.exit_section_(GeneratedParserUtilBase.java:500)
	at com.intellij.lang.parser.GeneratedParserUtilBase.exit_section_(GeneratedParserUtilBase.java:477)
	at org.toml.lang.parse.TomlParser.ArrayTableHeader(TomlParser.java:163)
	at org.toml.lang.parse.TomlParser.ArrayTable(TomlParser.java:136)
	at org.toml.lang.parse.TomlParser.FileForm(TomlParser.java:238)
	at org.toml.lang.parse.TomlParser.File(TomlParser.java:225)
	at org.toml.lang.parse.TomlParser.parse_root_(TomlParser.java:35)
	at org.toml.lang.parse.TomlParser.parse_root_(TomlParser.java:31)
	at org.toml.lang.parse.TomlParser.parseLight(TomlParser.java:26)
	at org.toml.lang.parse.TomlParser.parse(TomlParser.java:18)
	at com.intellij.psi.tree.ILazyParseableElementType.doParseContents(ILazyParseableElementType.java:65)
	at com.intellij.psi.tree.IFileElementType.parseContents(IFileElementType.java:38)
	at com.intellij.psi.impl.source.tree.LazyParseableElement.lambda$ensureParsed$2(LazyParseableElement.java:183)
	at com.intellij.psi.impl.DebugUtil.performPsiModification(DebugUtil.java:589)
	at com.intellij.psi.impl.source.tree.LazyParseableElement.ensureParsed(LazyParseableElement.java:182)
	at com.intellij.psi.impl.source.tree.LazyParseableElement.getFirstChildNode(LazyParseableElement.java:234)
	at com.intellij.psi.impl.source.tree.LazyParseableElement.getFirstChildNode(LazyParseableElement.java:25)
	at com.intellij.psi.impl.source.tree.SharedImplUtil.getFirstChild(SharedImplUtil.java:41)
	at com.intellij.psi.impl.source.PsiFileImpl.getFirstChild(PsiFileImpl.java:907)
	at com.intellij.psi.util.PsiTreeUtil.getChildrenOfTypeAsList(PsiTreeUtil.java:492)
	at org.jetbrains.amper.frontend.catalogs.Gradle_catalogKt.findTableOrNull(gradle-catalog.kt:128)
	at org.jetbrains.amper.frontend.catalogs.Gradle_catalogKt.parseCatalogLibraries(gradle-catalog.kt:76)
	at org.jetbrains.amper.frontend.catalogs.Gradle_catalogKt.parseGradleVersionCatalog(gradle-catalog.kt:65)
	at org.jetbrains.amper.frontend.project.StandaloneAmperProjectContext.projectVersionsCatalog_delegate$lambda$0(StandaloneAmperProjectContext.kt:57)
	at kotlin.SynchronizedLazyImpl.getValue(LazyJVM.kt:86)
	at org.jetbrains.amper.frontend.project.StandaloneAmperProjectContext.getProjectVersionsCatalog(StandaloneAmperProjectContext.kt:53)
	at org.jetbrains.amper.frontend.aomBuilder.BuildKt.doReadProjectModel(build.kt:105)
	at org.jetbrains.amper.frontend.aomBuilder.BuildKt.doReadProjectModel$default(build.kt:92)
	at org.jetbrains.amper.frontend.aomBuilder.BuildKt.readProjectModel(build.kt:86)
	at org.jetbrains.amper.cli.project.ProjectKt$preparePluginsAndReadModel$$inlined$use$3.invokeSuspend(tracing.kt:103)
	at org.jetbrains.amper.cli.project.ProjectKt$preparePluginsAndReadModel$$inlined$use$3.invoke(tracing.kt)
	at org.jetbrains.amper.cli.project.ProjectKt$preparePluginsAndReadModel$$inlined$use$3.invoke(tracing.kt)
	at kotlinx.coroutines.intrinsics.UndispatchedKt.startUndispatched(Undispatched.kt:66)
	at kotlinx.coroutines.intrinsics.UndispatchedKt.startUndispatchedOrReturn(Undispatched.kt:43)
	at kotlinx.coroutines.BuildersKt__Builders_commonKt.withContext(Builders.common.kt:497)
	at kotlinx.coroutines.BuildersKt.withContext(Unknown Source)
	at org.jetbrains.amper.cli.project.ProjectKt.preparePluginsAndReadModel(project.kt:97)
	at org.jetbrains.amper.cli.commands.RunCommand.run(RunCommand.kt:194)
	at org.jetbrains.amper.cli.commands.AmperProjectAwareCommand.run(AmperProjectAwareCommand.kt:29)
	at org.jetbrains.amper.cli.MainKt$mainWithTelemetry$$inlined$use$2.invokeSuspend(tracing.kt:102)
	at org.jetbrains.amper.cli.MainKt$mainWithTelemetry$$inlined$use$2.invoke(tracing.kt)
	at org.jetbrains.amper.cli.MainKt$mainWithTelemetry$$inlined$use$2.invoke(tracing.kt)
	at kotlinx.coroutines.intrinsics.UndispatchedKt.startUndispatched(Undispatched.kt:66)
	at kotlinx.coroutines.intrinsics.UndispatchedKt.startUndispatchedOrReturn(Undispatched.kt:43)
	at kotlinx.coroutines.BuildersKt__Builders_commonKt.withContext(Builders.common.kt:497)
	at kotlinx.coroutines.BuildersKt.withContext(Unknown Source)
	at org.jetbrains.amper.cli.MainKt.mainWithTelemetry(main.kt:188)
	at org.jetbrains.amper.cli.MainKt.access$mainWithTelemetry(main.kt:1)
	at org.jetbrains.amper.cli.MainKt$main$$inlined$use$1.invokeSuspend(tracing.kt:114)
	at org.jetbrains.amper.cli.MainKt$main$$inlined$use$1.invoke(tracing.kt)
	at org.jetbrains.amper.cli.MainKt$main$$inlined$use$1.invoke(tracing.kt)
	at kotlinx.coroutines.intrinsics.UndispatchedKt.startUndispatched(Undispatched.kt:66)
	at kotlinx.coroutines.intrinsics.UndispatchedKt.startUndispatchedOrReturn(Undispatched.kt:43)
	at kotlinx.coroutines.BuildersKt__Builders_commonKt.withContext(Builders.common.kt:497)
	at kotlinx.coroutines.BuildersKt.withContext(Unknown Source)
	at org.jetbrains.amper.cli.MainKt.main(main.kt:180)
	at org.jetbrains.amper.cli.MainKt$main$3.invoke(main.kt)
	at org.jetbrains.amper.cli.MainKt$main$3.invoke(main.kt)
	at kotlin.coroutines.intrinsics.IntrinsicsKt__IntrinsicsJvmKt$createCoroutineUnintercepted$$inlined$createCoroutineFromSuspendFunction$IntrinsicsKt__IntrinsicsJvmKt$1.invokeSuspend(IntrinsicsJvm.kt:271)
	at kotlin.coroutines.jvm.internal.BaseContinuationImpl.resumeWith(ContinuationImpl.kt:34)
	at kotlin.coroutines.ContinuationKt.startCoroutine(Continuation.kt:115)
	at kotlin.coroutines.jvm.internal.RunSuspendKt.runSuspend(RunSuspend.kt:19)
	at org.jetbrains.amper.cli.MainKt.main(main.kt)
Caused by: java.lang.reflect.InaccessibleObjectException: Unable to make protected void java.util.ResourceBundle.setParent(java.util.ResourceBundle) accessible: module java.base does not "opens java.util" to unnamed module @59d4cd39
	at java.base/java.lang.reflect.AccessibleObject.throwInaccessibleObjectException(Unknown Source)
	at java.base/java.lang.reflect.AccessibleObject.checkCanSetAccessible(Unknown Source)
	at java.base/java.lang.reflect.AccessibleObject.checkCanSetAccessible(Unknown Source)
	at java.base/java.lang.reflect.Method.checkCanSetAccessible(Unknown Source)
	at java.base/java.lang.reflect.Method.setAccessible(Unknown Source)
	at com.intellij.DynamicBundle$DynamicBundleInternal.<clinit>(DynamicBundle.java:223)
	... 76 more
00:01.087 DEBUG                           MockProjectInitializer$DebugLogger No bundles found in: localization//messages/AnalysisBundle
00:01.107 DEBUG                           MockProjectInitializer$DebugLogger Loaded text for file /home/mark/Nextcloud/Documents/School/2026 - Fall/SWE/tmp/desktopApp/module.yaml
00:01.169 DEBUG                           MockProjectInitializer$DebugLogger Loaded text for file /home/mark/Nextcloud/Documents/School/2026 - Fall/SWE/tmp/shared/module.yaml
00:01.315 DEBUG                           HotReloadLoop             Initial reading model
00:01.322 DEBUG                           HotReloadLoop             Started server
00:01.337 DEBUG                           HotReloadLoop             Running the app
00:01.500 DEBUG :shared:resolveDependenciesJvm ResolveExternalDependenciesTask$Companion resolve dependencies shared -- common jvm -- org.jetbrains.androidx.lifecycle:lifecycle-runtime-compose:2.11.0 org.jetbrains.androidx.lifecycle:lifecycle-viewmodel-compose:2.11.0 org.jetbrains.compose.components:components-resources:1.12.1 org.jetbrains.compose.foundation:foundation:1.12.1 org.jetbrains.compose.hot-reload:hot-reload-runtime-api:1.2.0 org.jetbrains.compose.material3:material3:1.12.0-alpha03 org.jetbrains.compose.runtime:runtime:1.12.1 org.jetbrains.compose.ui:ui-tooling-preview:1.12.1 org.jetbrains.compose.ui:ui:1.12.1 org.jetbrains.kotlin:kotlin-stdlib:2.4.20 -- resolvePlatform=jvm nativeTarget=null wasmTarget=null
00:01.500 DEBUG :desktopApp:resolveDependenciesJvm ResolveExternalDependenciesTask$Companion resolve dependencies desktopApp -- main -- ch.qos.logback:logback-classic:1.6.2 org.jetbrains.compose.components:components-resources:1.12.1 org.jetbrains.compose.desktop:desktop-jvm-linux-x64:1.12.1 org.jetbrains.compose.runtime:runtime:1.12.1 org.jetbrains.compose.ui:ui-tooling-preview:1.12.1 org.jetbrains.kotlin:kotlin-stdlib:2.4.20 org.jetbrains.kotlinx:kotlinx-coroutines-swing:1.11.0 -- resolvePlatform=jvm nativeTarget=null wasmTarget=null
00:01.521 DEBUG generated/desktopApp/main/src/compose/resources/commonResClass IncrementalCache          [inc] 'generated/desktopApp/main/src/compose/resources/commonResClass' is up-to-date according to state file at '/home/mark/Nextcloud/Documents/School/2026 - Fall/SWE/tmp/build/incremental.state/generated_desktopApp_main_src_compose_resources_co-67c7083b86'
00:01.521 DEBUG generated/shared/jvm/preparedComposeResources IncrementalCache          [inc] 'generated/shared/jvm/preparedComposeResources' is up-to-date according to state file at '/home/mark/Nextcloud/Documents/School/2026 - Fall/SWE/tmp/build/incremental.state/generated_shared_jvm_preparedComposeResources-1d350bfa93'
00:01.521 DEBUG generated/desktopApp/main/preparedComposeResources IncrementalCache          [inc] 'generated/desktopApp/main/preparedComposeResources' is up-to-date according to state file at '/home/mark/Nextcloud/Documents/School/2026 - Fall/SWE/tmp/build/incremental.state/generated_desktopApp_main_preparedComposeResources-8e579013c4'
00:01.526 DEBUG generated/shared/common/src/compose/resources/collectors IncrementalCache          [inc] 'generated/shared/common/src/compose/resources/collectors' is up-to-date according to state file at '/home/mark/Nextcloud/Documents/School/2026 - Fall/SWE/tmp/build/incremental.state/generated_shared_common_src_compose_resources_coll-6024fa8cd8'
00:01.526 DEBUG generated/shared/common/src/compose/resources/commonResClass IncrementalCache          [inc] 'generated/shared/common/src/compose/resources/commonResClass' is up-to-date according to state file at '/home/mark/Nextcloud/Documents/School/2026 - Fall/SWE/tmp/build/incremental.state/generated_shared_common_src_compose_resources_comm-fc9064597f'
00:01.526 DEBUG generated/shared/common/preparedComposeResources IncrementalCache          [inc] 'generated/shared/common/preparedComposeResources' is up-to-date according to state file at '/home/mark/Nextcloud/Documents/School/2026 - Fall/SWE/tmp/build/incremental.state/generated_shared_common_preparedComposeResources-812b5731f2'
00:01.529 DEBUG generated/shared/jvm/src/compose/resources/accessors IncrementalCache          [inc] 'generated/shared/jvm/src/compose/resources/accessors' is up-to-date according to state file at '/home/mark/Nextcloud/Documents/School/2026 - Fall/SWE/tmp/build/incremental.state/generated_shared_jvm_src_compose_resources_accesso-aaa7e316a6'
00:01.529 DEBUG generated/desktopApp/main/src/compose/resources/accessors IncrementalCache          [inc] 'generated/desktopApp/main/src/compose/resources/accessors' is up-to-date according to state file at '/home/mark/Nextcloud/Documents/School/2026 - Fall/SWE/tmp/build/incremental.state/generated_desktopApp_main_src_compose_resources_ac-8f19883539'
00:01.530 DEBUG artifacts/MergedPreparedComposeResourcesDirArtifact/desktopAppjvm IncrementalCache          [inc] 'artifacts/MergedPreparedComposeResourcesDirArtifact/desktopAppjvm' is up-to-date according to state file at '/home/mark/Nextcloud/Documents/School/2026 - Fall/SWE/tmp/build/incremental.state/artifacts_MergedPreparedComposeResourcesDirArtifac-a0e66cddf3'
00:01.531 DEBUG artifacts/MergedPreparedComposeResourcesDirArtifact/sharedjvm IncrementalCache          [inc] building 'artifacts/MergedPreparedComposeResourcesDirArtifact/sharedjvm'
00:01.531 DEBUG generated/shared/common/src/compose/resources/accessors IncrementalCache          [inc] building 'generated/shared/common/src/compose/resources/accessors'
00:01.534 DEBUG artifacts/JvmResourcesDirArtifact/desktopAppmain IncrementalCache          [inc] 'artifacts/JvmResourcesDirArtifact/desktopAppmain' is up-to-date according to state file at '/home/mark/Nextcloud/Documents/School/2026 - Fall/SWE/tmp/build/incremental.state/artifacts_JvmResourcesDirArtifact_desktopAppmain-5d271d904d'
00:01.534 DEBUG generated/desktopApp/main/src/compose/resources/collectors IncrementalCache          [inc] 'generated/desktopApp/main/src/compose/resources/collectors' is up-to-date according to state file at '/home/mark/Nextcloud/Documents/School/2026 - Fall/SWE/tmp/build/incremental.state/generated_desktopApp_main_src_compose_resources_co-87c85a03e4'
00:01.556 DEBUG artifacts/MergedPreparedComposeResourcesDirArtifact/sharedjvm IncrementalCache          [inc] 'artifacts/MergedPreparedComposeResourcesDirArtifact/sharedjvm' changes: '/home/mark/Nextcloud/Documents/School/2026 - Fall/SWE/tmp/build/artifacts/MergedPreparedComposeResourcesDirArtifact/sharedjvm/composeResources/com.swe.studyplanner.resources/drawable/compose-multiplatform.xml' MODIFIED
00:01.560 DEBUG artifacts/JvmResourcesDirArtifact/sharedjvm IncrementalCache          [inc] building 'artifacts/JvmResourcesDirArtifact/sharedjvm'
00:01.565 DEBUG artifacts/JvmResourcesDirArtifact/sharedjvm IncrementalCache          [inc] 'artifacts/JvmResourcesDirArtifact/sharedjvm' changes: '/home/mark/Nextcloud/Documents/School/2026 - Fall/SWE/tmp/build/artifacts/JvmResourcesDirArtifact/sharedjvm/composeResources/com.swe.studyplanner.resources/drawable/compose-multiplatform.xml' MODIFIED
00:01.570 DEBUG :shared:resolveDependenciesJvm IncrementalCache          [inc] 'shared:jvm:main' is up-to-date according to state file at '/home/mark/Nextcloud/Documents/School/2026 - Fall/SWE/tmp/build/incremental.state/shared_jvm_main-7ec3b60b83'
00:01.574 DEBUG :desktopApp:resolveDependenciesJvm IncrementalCache          [inc] 'desktopApp:jvm:main' is up-to-date according to state file at '/home/mark/Nextcloud/Documents/School/2026 - Fall/SWE/tmp/build/incremental.state/desktopApp_jvm_main-0b47dc1da0'
00:01.594 DEBUG generated/shared/common/src/compose/resources/accessors IncrementalCache          [inc] 'generated/shared/common/src/compose/resources/accessors' changes: '/home/mark/Nextcloud/Documents/School/2026 - Fall/SWE/tmp/build/generated/shared/common/src/compose/resources/accessors/com/swe/studyplanner/resources/Drawable0.common.kt' MODIFIED
00:01.599 DEBUG generated/shared/jvm/src/compose/resources/collectors IncrementalCache          [inc] building 'generated/shared/jvm/src/compose/resources/collectors'
00:01.600 DEBUG :desktopApp:resolveDependenciesJvm ResolveExternalDependenciesTask$Companion resolve dependencies desktopApp -- main -- ch.qos.logback:logback-classic:1.6.2 org.jetbrains.compose.components:components-resources:1.12.1 org.jetbrains.compose.desktop:desktop-jvm-linux-x64:1.12.1 org.jetbrains.compose.runtime:runtime:1.12.1 org.jetbrains.compose.ui:ui-tooling-preview:1.12.1 org.jetbrains.kotlin:kotlin-stdlib:2.4.20 org.jetbrains.kotlinx:kotlinx-coroutines-swing:1.11.0 -- resolvePlatform=JVM nativeTarget=null
wasmTarget=null
https://repo1.maven.org/maven2 https://maven.google.com resolved to:
  .m2.cache/org/jetbrains/kotlinx/kotlinx-coroutines-swing/1.11.0/kotlinx-coroutines-swing-1.11.0.jar
  .m2.cache/ch/qos/logback/logback-classic/1.6.2/logback-classic-1.6.2.jar
  .m2.cache/org/jetbrains/kotlin/kotlin-stdlib/2.4.20/kotlin-stdlib-2.4.20.jar
  .m2.cache/org/jetbrains/compose/ui/ui-tooling-preview-desktop/1.12.1/ui-tooling-preview-desktop-1.12.1.jar
  .m2.cache/ch/qos/logback/logback-core/1.6.2/logback-core-1.6.2.jar
  .m2.cache/org/slf4j/slf4j-api/2.0.18/slf4j-api-2.0.18.jar
  .m2.cache/org/jetbrains/annotations/23.0.0/annotations-23.0.0.jar
  .m2.cache/org/jetbrains/compose/runtime/runtime-desktop/1.12.1/runtime-desktop-1.12.1.jar
  .m2.cache/org/jetbrains/compose/components/components-resources-desktop/1.12.1/components-resources-desktop-1.12.1.jar
  .m2.cache/org/jetbrains/compose/desktop/desktop-jvm/1.12.1/desktop-jvm-1.12.1.jar
  .m2.cache/org/jetbrains/kotlinx/kotlinx-coroutines-core-jvm/1.11.0/kotlinx-coroutines-core-jvm-1.11.0.jar
  .m2.cache/androidx/annotation/annotation-jvm/1.9.1/annotation-jvm-1.9.1.jar
  .m2.cache/androidx/compose/runtime/runtime-desktop/1.12.1/runtime-desktop-1.12.1.jar
  .m2.cache/org/jetbrains/compose/foundation/foundation-desktop/1.12.1/foundation-desktop-1.12.1.jar
  .m2.cache/org/jetbrains/compose/material/material-desktop/1.12.1/material-desktop-1.12.1.jar
  .m2.cache/org/jetbrains/compose/ui/ui-desktop/1.12.1/ui-desktop-1.12.1.jar
  .m2.cache/androidx/compose/runtime/runtime-annotation-jvm/1.12.1/runtime-annotation-jvm-1.12.1.jar
  .m2.cache/androidx/collection/collection-jvm/1.5.0/collection-jvm-1.5.0.jar
  .m2.cache/org/jetbrains/compose/animation/animation-desktop/1.12.1/animation-desktop-1.12.1.jar
  .m2.cache/org/jetbrains/skiko/skiko-awt/0.150.1/skiko-awt-0.150.1.jar
  .m2.cache/org/jetbrains/compose/animation/animation-core-desktop/1.12.1/animation-core-desktop-1.12.1.jar
  .m2.cache/org/jetbrains/compose/material/material-ripple-desktop/1.12.1/material-ripple-desktop-1.12.1.jar
  .m2.cache/org/jetbrains/compose/ui/ui-text-desktop/1.12.1/ui-text-desktop-1.12.1.jar
  .m2.cache/androidx/compose/runtime/runtime-retain-desktop/1.12.1/runtime-retain-desktop-1.12.1.jar
  .m2.cache/androidx/savedstate/savedstate-compose-desktop/1.4.0/savedstate-compose-desktop-1.4.0.jar
  .m2.cache/org/jetbrains/androidx/lifecycle/lifecycle-runtime-compose-desktop/2.11.0/lifecycle-runtime-compose-desktop-2.11.0.jar
  .m2.cache/org/jetbrains/compose/runtime/runtime-saveable-desktop/1.12.1/runtime-saveable-desktop-1.12.1.jar
  .m2.cache/org/jetbrains/compose/ui/ui-geometry-desktop/1.12.1/ui-geometry-desktop-1.12.1.jar
  .m2.cache/org/jetbrains/compose/ui/ui-graphics-desktop/1.12.1/ui-graphics-desktop-1.12.1.jar
  .m2.cache/org/jetbrains/compose/ui/ui-unit-desktop/1.12.1/ui-unit-desktop-1.12.1.jar
  .m2.cache/org/jetbrains/compose/ui/ui-util-desktop/1.12.1/ui-util-desktop-1.12.1.jar
  .m2.cache/org/jetbrains/compose/foundation/foundation-layout-desktop/1.12.1/foundation-layout-desktop-1.12.1.jar
  .m2.cache/androidx/savedstate/savedstate-desktop/1.4.0/savedstate-desktop-1.4.0.jar
  .m2.cache/androidx/lifecycle/lifecycle-runtime-compose-desktop/2.11.0/lifecycle-runtime-compose-desktop-2.11.0.jar
  .m2.cache/org/jetbrains/androidx/lifecycle/lifecycle-runtime-desktop/2.11.0/lifecycle-runtime-desktop-2.11.0.jar
  .m2.cache/androidx/compose/runtime/runtime-saveable-desktop/1.12.1/runtime-saveable-desktop-1.12.1.jar
  .m2.cache/org/jetbrains/androidx/savedstate/savedstate-compose-desktop/1.3.6/savedstate-compose-desktop-1.3.6.jar
  .m2.cache/org/jetbrains/kotlinx/kotlinx-serialization-core-jvm/1.7.3/kotlinx-serialization-core-jvm-1.7.3.jar
  .m2.cache/androidx/lifecycle/lifecycle-runtime-desktop/2.11.0/lifecycle-runtime-desktop-2.11.0.jar
  .m2.cache/org/jetbrains/androidx/lifecycle/lifecycle-common-jvm/2.11.0/lifecycle-common-jvm-2.11.0.jar
  .m2.cache/androidx/arch/core/core-common/2.2.0/core-common-2.2.0.jar
  .m2.cache/androidx/lifecycle/lifecycle-common-jvm/2.11.0/lifecycle-common-jvm-2.11.0.jar
  .m2.cache/org/jspecify/jspecify/1.0.0/jspecify-1.0.0.jar
00:01.600 DEBUG :shared:resolveDependenciesJvm ResolveExternalDependenciesTask$Companion resolve dependencies shared -- common jvm -- org.jetbrains.androidx.lifecycle:lifecycle-runtime-compose:2.11.0 org.jetbrains.androidx.lifecycle:lifecycle-viewmodel-compose:2.11.0 org.jetbrains.compose.components:components-resources:1.12.1 org.jetbrains.compose.foundation:foundation:1.12.1 org.jetbrains.compose.hot-reload:hot-reload-runtime-api:1.2.0 org.jetbrains.compose.material3:material3:1.12.0-alpha03 org.jetbrains.compose.runtime:runtime:1.12.1 org.jetbrains.compose.ui:ui-tooling-preview:1.12.1 org.jetbrains.compose.ui:ui:1.12.1 org.jetbrains.kotlin:kotlin-stdlib:2.4.20 -- resolvePlatform=JVM nativeTarget=null
wasmTarget=null
https://repo1.maven.org/maven2 https://maven.google.com https://packages.jetbrains.team/maven/p/amper/compose-hot-reload resolved to:
  .m2.cache/org/jetbrains/kotlin/kotlin-stdlib/2.4.20/kotlin-stdlib-2.4.20.jar
  .m2.cache/org/jetbrains/compose/runtime/runtime-desktop/1.12.1/runtime-desktop-1.12.1.jar
  .m2.cache/org/jetbrains/compose/foundation/foundation-desktop/1.12.1/foundation-desktop-1.12.1.jar
  .m2.cache/org/jetbrains/compose/material3/material3-desktop/1.12.0-alpha03/material3-desktop-1.12.0-alpha03.jar
  .m2.cache/org/jetbrains/compose/ui/ui-desktop/1.12.1/ui-desktop-1.12.1.jar
  .m2.cache/org/jetbrains/compose/components/components-resources-desktop/1.12.1/components-resources-desktop-1.12.1.jar
  .m2.cache/org/jetbrains/compose/ui/ui-tooling-preview-desktop/1.12.1/ui-tooling-preview-desktop-1.12.1.jar
  .m2.cache/org/jetbrains/compose/hot-reload/hot-reload-runtime-api-jvm/1.2.0/hot-reload-runtime-api-jvm-1.2.0.jar
  .m2.cache/org/jetbrains/androidx/lifecycle/lifecycle-viewmodel-compose-desktop/2.11.0/lifecycle-viewmodel-compose-desktop-2.11.0.jar
  .m2.cache/org/jetbrains/androidx/lifecycle/lifecycle-runtime-compose-desktop/2.11.0/lifecycle-runtime-compose-desktop-2.11.0.jar
  .m2.cache/org/jetbrains/annotations/23.0.0/annotations-23.0.0.jar
  .m2.cache/androidx/compose/runtime/runtime-desktop/1.12.1/runtime-desktop-1.12.1.jar
  .m2.cache/androidx/collection/collection-jvm/1.5.0/collection-jvm-1.5.0.jar
  .m2.cache/org/jetbrains/compose/animation/animation-desktop/1.12.1/animation-desktop-1.12.1.jar
  .m2.cache/org/jetbrains/skiko/skiko-awt/0.150.1/skiko-awt-0.150.1.jar
  .m2.cache/androidx/graphics/graphics-shapes-desktop/1.1.0/graphics-shapes-desktop-1.1.0.jar
  .m2.cache/org/jetbrains/compose/foundation/foundation-layout-desktop/1.12.1/foundation-layout-desktop-1.12.1.jar
  .m2.cache/org/jetbrains/compose/material/material-ripple-desktop/1.12.0-beta01/material-ripple-desktop-1.12.0-beta01.jar
  .m2.cache/org/jetbrains/compose/ui/ui-text-desktop/1.12.1/ui-text-desktop-1.12.1.jar
  .m2.cache/androidx/annotation/annotation-jvm/1.9.1/annotation-jvm-1.9.1.jar
  .m2.cache/androidx/compose/runtime/runtime-retain-desktop/1.12.1/runtime-retain-desktop-1.12.1.jar
  .m2.cache/androidx/savedstate/savedstate-compose-desktop/1.4.0/savedstate-compose-desktop-1.4.0.jar
  .m2.cache/org/jetbrains/compose/runtime/runtime-saveable-desktop/1.12.1/runtime-saveable-desktop-1.12.1.jar
  .m2.cache/org/jetbrains/compose/ui/ui-geometry-desktop/1.12.1/ui-geometry-desktop-1.12.1.jar
  .m2.cache/org/jetbrains/compose/ui/ui-graphics-desktop/1.12.1/ui-graphics-desktop-1.12.1.jar
  .m2.cache/org/jetbrains/compose/ui/ui-unit-desktop/1.12.1/ui-unit-desktop-1.12.1.jar
  .m2.cache/org/jetbrains/compose/ui/ui-util-desktop/1.12.1/ui-util-desktop-1.12.1.jar
  .m2.cache/org/jetbrains/compose/hot-reload/hot-reload-annotations-jvm/1.2.0/hot-reload-annotations-jvm-1.2.0.jar
  .m2.cache/androidx/lifecycle/lifecycle-viewmodel-compose-desktop/2.11.0/lifecycle-viewmodel-compose-desktop-2.11.0.jar
  .m2.cache/org/jetbrains/androidx/lifecycle/lifecycle-common-jvm/2.11.0/lifecycle-common-jvm-2.11.0.jar
  .m2.cache/org/jetbrains/androidx/lifecycle/lifecycle-viewmodel-desktop/2.11.0/lifecycle-viewmodel-desktop-2.11.0.jar
  .m2.cache/org/jetbrains/androidx/lifecycle/lifecycle-viewmodel-savedstate-desktop/2.11.0/lifecycle-viewmodel-savedstate-desktop-2.11.0.jar
  .m2.cache/androidx/lifecycle/lifecycle-runtime-compose-desktop/2.11.0/lifecycle-runtime-compose-desktop-2.11.0.jar
  .m2.cache/org/jetbrains/androidx/lifecycle/lifecycle-runtime-desktop/2.11.0/lifecycle-runtime-desktop-2.11.0.jar
  .m2.cache/androidx/compose/runtime/runtime-annotation-jvm/1.12.1/runtime-annotation-jvm-1.12.1.jar
  .m2.cache/org/jetbrains/kotlinx/kotlinx-coroutines-core-jvm/1.11.0/kotlinx-coroutines-core-jvm-1.11.0.jar
  .m2.cache/org/jetbrains/compose/animation/animation-core-desktop/1.12.1/animation-core-desktop-1.12.1.jar
  .m2.cache/androidx/savedstate/savedstate-desktop/1.4.0/savedstate-desktop-1.4.0.jar
  .m2.cache/androidx/compose/runtime/runtime-saveable-desktop/1.12.1/runtime-saveable-desktop-1.12.1.jar
  .m2.cache/org/jetbrains/androidx/savedstate/savedstate-compose-desktop/1.3.6/savedstate-compose-desktop-1.3.6.jar
  .m2.cache/androidx/lifecycle/lifecycle-common-jvm/2.11.0/lifecycle-common-jvm-2.11.0.jar
  .m2.cache/androidx/lifecycle/lifecycle-viewmodel-desktop/2.11.0/lifecycle-viewmodel-desktop-2.11.0.jar
  .m2.cache/androidx/lifecycle/lifecycle-viewmodel-savedstate-desktop/2.11.0/lifecycle-viewmodel-savedstate-desktop-2.11.0.jar
  .m2.cache/org/jetbrains/kotlinx/kotlinx-serialization-core-jvm/1.7.3/kotlinx-serialization-core-jvm-1.7.3.jar
  .m2.cache/androidx/lifecycle/lifecycle-runtime-desktop/2.11.0/lifecycle-runtime-desktop-2.11.0.jar
  .m2.cache/org/jspecify/jspecify/1.0.0/jspecify-1.0.0.jar
  .m2.cache/androidx/arch/core/core-common/2.2.0/core-common-2.2.0.jar
00:01.611 DEBUG generated/shared/jvm/src/compose/resources/collectors IncrementalCache          [inc] 'generated/shared/jvm/src/compose/resources/collectors' changes: '/home/mark/Nextcloud/Documents/School/2026 - Fall/SWE/tmp/build/generated/shared/jvm/src/compose/resources/collectors/com/swe/studyplanner/resources/ActualResourceCollectors.kt' MODIFIED
00:01.614 DEBUG :shared:compileJvm        JvmCompileTask            compile shared -- common jvm
00:01.642 DEBUG :shared:compileJvm        JdkProvider               JAVA_HOME is not set (or empty). The Kotlin Toolchain will provision a JDK instead.
00:01.667 DEBUG :shared:compileJvm        IncrementalCache          [inc] 'jdk-provisioning_{"majorVersion":25}' is up-to-date according to state file at '/home/mark/Nextcloud/Documents/School/2026 - Fall/SWE/tmp/build/incremental.state/jdk-provisioning___majorVersion__25_-a1d432fb5a'
00:01.708 DEBUG :shared:compileJvm        IncrementalCache          [inc] building ':shared:compileJvm'
00:01.712 INFO  :shared:compileJvm        Slf4jExtensionsKt         Compiling module 'shared' for platform 'jvm'...
00:01.714 DEBUG :shared:compileJvm        JvmCompileTask            Compiling Kotlin/JVM sources for module 'shared'...
00:01.723 DEBUG :shared:compileJvm        IncrementalCache          [inc] 'resolve-org.jetbrains.kotlin-kotlin-build-tools-impl-2.4.20' is up-to-date according to state file at '/home/mark/Nextcloud/Documents/School/2026 - Fall/SWE/tmp/build/incremental.state/resolve-org.jetbrains.kotlin-kotlin-build-tools-im-c158279dfa'
00:01.742 DEBUG :shared:compileJvm        IncrementalCache          [inc] 'resolve-org.jetbrains.kotlin-kotlin-compose-compiler-plugin-embeddable-2.4.20' is up-to-date according to state file at '/home/mark/Nextcloud/Documents/School/2026 - Fall/SWE/tmp/build/incremental.state/resolve-org.jetbrains.kotlin-kotlin-compose-compil-f4292e0c54'
00:01.763 DEBUG :shared:compileJvm        IncrementalCache          [inc] 'kotlin-jvm-classpath-snapshotting-hot-reload-runtime-api-jvm-1.2.0.jar-51d3641bae080cf030252f79146d22b978026a8ed26ee836b980ddc6a44a7c9f' is up-to-date according to state file at '/home/mark/Nextcloud/Documents/School/2026 - Fall/SWE/tmp/build/incremental.state/kotlin-jvm-classpath-snapshotting-hot-reload-runti-3ae3501b8d'
00:01.763 DEBUG :shared:compileJvm        IncrementalCache          [inc] 'kotlin-jvm-classpath-snapshotting-graphics-shapes-desktop-1.1.0.jar-213c55fb5365763b069ef342ae694532be2f64167247fd0e7909cb767654470e' is up-to-date according to state file at '/home/mark/Nextcloud/Documents/School/2026 - Fall/SWE/tmp/build/incremental.state/kotlin-jvm-classpath-snapshotting-graphics-shapes--e62997c067'
00:01.763 DEBUG :shared:compileJvm        IncrementalCache          [inc] 'kotlin-jvm-classpath-snapshotting-runtime-desktop-1.12.1.jar-643fa37e237e2cb39d9a8bdeef8e1618a9073ef434ca1576b763f995d4d59e85' is up-to-date according to state file at '/home/mark/Nextcloud/Documents/School/2026 - Fall/SWE/tmp/build/incremental.state/kotlin-jvm-classpath-snapshotting-runtime-desktop--55f9dc2d91'
00:01.763 DEBUG :shared:compileJvm        IncrementalCache          [inc] 'kotlin-jvm-classpath-snapshotting-skiko-awt-0.150.1.jar-7dc6726589ca12d30e681d7efc8c4ea82513df080ffe500011ab729d34c5434e' is up-to-date according to state file at '/home/mark/Nextcloud/Documents/School/2026 - Fall/SWE/tmp/build/incremental.state/kotlin-jvm-classpath-snapshotting-skiko-awt-0.150.-ed8f09273c'
00:01.763 DEBUG :shared:compileJvm        IncrementalCache          [inc] 'kotlin-jvm-classpath-snapshotting-kotlin-stdlib-2.4.20.jar-3e0403e7bc108453ab9b1d5ad012ba578556d832e6a108578b4fdf53ca97e670' is up-to-date according to state file at '/home/mark/Nextcloud/Documents/School/2026 - Fall/SWE/tmp/build/incremental.state/kotlin-jvm-classpath-snapshotting-kotlin-stdlib-2.-1c668d51e5'
00:01.764 DEBUG :shared:compileJvm        IncrementalCache          [inc] 'kotlin-jvm-classpath-snapshotting-lifecycle-runtime-compose-desktop-2.11.0.jar-133773c420943d2141b8a7c84a1580012990a5fa1497aa7974fcce28fd719404' is up-to-date according to state file at '/home/mark/Nextcloud/Documents/School/2026 - Fall/SWE/tmp/build/incremental.state/kotlin-jvm-classpath-snapshotting-lifecycle-runtim-0c256efe8f'
00:01.764 DEBUG :shared:compileJvm        IncrementalCache          [inc] 'kotlin-jvm-classpath-snapshotting-runtime-desktop-1.12.1.jar-619446945838a7a378b16bb7266d5fdaf21e47eb35615a71a3d43f45d880dc92' is up-to-date according to state file at '/home/mark/Nextcloud/Documents/School/2026 - Fall/SWE/tmp/build/incremental.state/kotlin-jvm-classpath-snapshotting-runtime-desktop--0704398be9'
00:01.764 DEBUG :shared:compileJvm        IncrementalCache          [inc] 'kotlin-jvm-classpath-snapshotting-lifecycle-viewmodel-compose-desktop-2.11.0.jar-ce0498be95df30f0c1f3f961f05b96c6e0f07f18788615e038927fd7e3e69c9d' is up-to-date according to state file at '/home/mark/Nextcloud/Documents/School/2026 - Fall/SWE/tmp/build/incremental.state/kotlin-jvm-classpath-snapshotting-lifecycle-viewmo-bab9dd571d'
00:01.765 DEBUG :shared:compileJvm        IncrementalCache          [inc] 'kotlin-jvm-classpath-snapshotting-collection-jvm-1.5.0.jar-f5fba867836491ef4d79106c87d9c0312920e15b3c337153bc4961811bb4ab42' is up-to-date according to state file at '/home/mark/Nextcloud/Documents/School/2026 - Fall/SWE/tmp/build/incremental.state/kotlin-jvm-classpath-snapshotting-collection-jvm-1-4caefd5320'
00:01.765 DEBUG :shared:compileJvm        IncrementalCache          [inc] 'kotlin-jvm-classpath-snapshotting-foundation-desktop-1.12.1.jar-cdb5ff75807ec6ff6f11d40e3f2e8e473863363a6682592c5016bfd51c2c53b6' is up-to-date according to state file at '/home/mark/Nextcloud/Documents/School/2026 - Fall/SWE/tmp/build/incremental.state/kotlin-jvm-classpath-snapshotting-foundation-deskt-618f8b070a'
00:01.766 DEBUG :shared:compileJvm        IncrementalCache          [inc] 'kotlin-jvm-classpath-snapshotting-ui-tooling-preview-desktop-1.12.1.jar-08595ac93ce4f24d960097914a58e8b6861496cc9d76da733e7e6f20b909b31b' is up-to-date according to state file at '/home/mark/Nextcloud/Documents/School/2026 - Fall/SWE/tmp/build/incremental.state/kotlin-jvm-classpath-snapshotting-ui-tooling-previ-e6fe6d7b9b'
00:01.766 DEBUG :shared:compileJvm        IncrementalCache          [inc] 'kotlin-jvm-classpath-snapshotting-material3-desktop-1.12.0-alpha03.jar-d61006fb486aca5655d57bda164ce5d76602c1adc31d979691cdeb9b655d5635' is up-to-date according to state file at '/home/mark/Nextcloud/Documents/School/2026 - Fall/SWE/tmp/build/incremental.state/kotlin-jvm-classpath-snapshotting-material3-deskto-3cbfe6289e'
00:01.766 DEBUG :shared:compileJvm        IncrementalCache          [inc] 'kotlin-jvm-classpath-snapshotting-ui-desktop-1.12.1.jar-84ff18df284fd607d7569616f03679b241fb5eb9d6bd3630a75f503858822f5a' is up-to-date according to state file at '/home/mark/Nextcloud/Documents/School/2026 - Fall/SWE/tmp/build/incremental.state/kotlin-jvm-classpath-snapshotting-ui-desktop-1.12.-fd447ee840'
00:01.766 DEBUG :shared:compileJvm        IncrementalCache          [inc] 'kotlin-jvm-classpath-snapshotting-animation-desktop-1.12.1.jar-e7f939cf01c4d218cd9234d9411c0b3ab16eda210f134b549c836807eb71481e' is up-to-date according to state file at '/home/mark/Nextcloud/Documents/School/2026 - Fall/SWE/tmp/build/incremental.state/kotlin-jvm-classpath-snapshotting-animation-deskto-e038137851'
00:01.766 DEBUG :shared:compileJvm        IncrementalCache          [inc] 'kotlin-jvm-classpath-snapshotting-components-resources-desktop-1.12.1.jar-3f318b71de8b50144e115540aa45e01b594aabe3373aba7f1edb611a2c176e7c' is up-to-date according to state file at '/home/mark/Nextcloud/Documents/School/2026 - Fall/SWE/tmp/build/incremental.state/kotlin-jvm-classpath-snapshotting-components-resou-768bf983af'
00:01.767 DEBUG :shared:compileJvm        IncrementalCache          [inc] 'kotlin-jvm-classpath-snapshotting-annotations-23.0.0.jar-c611a068f002f38d2089a42bf872dbb4f1c9e672af3ffe01c5b8204b8617ede8' is up-to-date according to state file at '/home/mark/Nextcloud/Documents/School/2026 - Fall/SWE/tmp/build/incremental.state/kotlin-jvm-classpath-snapshotting-annotations-23.0-3949f9ef59'
00:01.769 DEBUG :shared:compileJvm        IncrementalCache          [inc] 'kotlin-jvm-classpath-snapshotting-foundation-layout-desktop-1.12.1.jar-cefd75e089733bd3c77a7cf23cdd614df43017ec42c827801cb9bf8c38d58ff3' is up-to-date according to state file at '/home/mark/Nextcloud/Documents/School/2026 - Fall/SWE/tmp/build/incremental.state/kotlin-jvm-classpath-snapshotting-foundation-layou-2ca00ba51e'
00:01.770 DEBUG :shared:compileJvm        IncrementalCache          [inc] 'kotlin-jvm-classpath-snapshotting-savedstate-compose-desktop-1.4.0.jar-3d58ae837260932d6ed411fe9c8f58f7bdbbb2a2c9f61348af4f98576c946901' is up-to-date according to state file at '/home/mark/Nextcloud/Documents/School/2026 - Fall/SWE/tmp/build/incremental.state/kotlin-jvm-classpath-snapshotting-savedstate-compo-0bb9ac7d27'
00:01.770 DEBUG :shared:compileJvm        IncrementalCache          [inc] 'kotlin-jvm-classpath-snapshotting-ui-geometry-desktop-1.12.1.jar-8edb499980c861a88acffcb08fe4b2a4c7853f003027f74267c740c916ace724' is up-to-date according to state file at '/home/mark/Nextcloud/Documents/School/2026 - Fall/SWE/tmp/build/incremental.state/kotlin-jvm-classpath-snapshotting-ui-geometry-desk-0079560d17'
00:01.770 DEBUG :shared:compileJvm        IncrementalCache          [inc] 'kotlin-jvm-classpath-snapshotting-ui-text-desktop-1.12.1.jar-0f68b03589098ea14ca05ce8b3875bc550ec4dfde14487fd82301177343e7177' is up-to-date according to state file at '/home/mark/Nextcloud/Documents/School/2026 - Fall/SWE/tmp/build/incremental.state/kotlin-jvm-classpath-snapshotting-ui-text-desktop--d5f903bf4a'
00:01.770 DEBUG :shared:compileJvm        IncrementalCache          [inc] 'kotlin-jvm-classpath-snapshotting-runtime-saveable-desktop-1.12.1.jar-afa8ecbce041cccee391d0d78f92ece86cc01bf81178f8b355d35163073aa2e6' is up-to-date according to state file at '/home/mark/Nextcloud/Documents/School/2026 - Fall/SWE/tmp/build/incremental.state/kotlin-jvm-classpath-snapshotting-runtime-saveable-54acc8cc58'
00:01.770 DEBUG :shared:compileJvm        IncrementalCache          [inc] 'kotlin-jvm-classpath-snapshotting-material-ripple-desktop-1.12.0-beta01.jar-b6d4833bccd9696ac9de136546cd52c33c62dc045d15ff47f5af36f62afae335' is up-to-date according to state file at '/home/mark/Nextcloud/Documents/School/2026 - Fall/SWE/tmp/build/incremental.state/kotlin-jvm-classpath-snapshotting-material-ripple--1bb60e3e8e'
00:01.771 DEBUG :shared:compileJvm        IncrementalCache          [inc] 'kotlin-jvm-classpath-snapshotting-ui-unit-desktop-1.12.1.jar-d5869cd604e1cd4bf69a20a625319782eaa8ca311aabf1ddb1e830a67d9caa0f' is up-to-date according to state file at '/home/mark/Nextcloud/Documents/School/2026 - Fall/SWE/tmp/build/incremental.state/kotlin-jvm-classpath-snapshotting-ui-unit-desktop--4a7dbcd9a6'
00:01.771 DEBUG :shared:compileJvm        IncrementalCache          [inc] 'kotlin-jvm-classpath-snapshotting-runtime-retain-desktop-1.12.1.jar-581aa0a1d899d8fa10b2b8d4bba4f598811a835456915b1eabe5b5458c7edccd' is up-to-date according to state file at '/home/mark/Nextcloud/Documents/School/2026 - Fall/SWE/tmp/build/incremental.state/kotlin-jvm-classpath-snapshotting-runtime-retain-d-479ceb4e65'
00:01.771 DEBUG :shared:compileJvm        IncrementalCache          [inc] 'kotlin-jvm-classpath-snapshotting-annotation-jvm-1.9.1.jar-c988ea3d20c9d13e9aa5e92beed19e880515846e6dfeb5c7ec3cc81fe56d4bc3' is up-to-date according to state file at '/home/mark/Nextcloud/Documents/School/2026 - Fall/SWE/tmp/build/incremental.state/kotlin-jvm-classpath-snapshotting-annotation-jvm-1-ad70097c8d'
00:01.772 DEBUG :shared:compileJvm        IncrementalCache          [inc] 'kotlin-jvm-classpath-snapshotting-lifecycle-viewmodel-desktop-2.11.0.jar-ae8a0afb97921bd6c3cec993ff5bb057cee43b2eef341dc487451a5ffbbda93d' is up-to-date according to state file at '/home/mark/Nextcloud/Documents/School/2026 - Fall/SWE/tmp/build/incremental.state/kotlin-jvm-classpath-snapshotting-lifecycle-viewmo-ea0bef72b1'
00:01.772 DEBUG :shared:compileJvm        IncrementalCache          [inc] 'kotlin-jvm-classpath-snapshotting-ui-util-desktop-1.12.1.jar-44f601e07be29a6be7b7834bd7c6b87481287fd4778a79de98e729f7cd1aaf58' is up-to-date according to state file at '/home/mark/Nextcloud/Documents/School/2026 - Fall/SWE/tmp/build/incremental.state/kotlin-jvm-classpath-snapshotting-ui-util-desktop--ec7aa7e637'
00:01.772 DEBUG :shared:compileJvm        IncrementalCache          [inc] 'kotlin-jvm-classpath-snapshotting-hot-reload-annotations-jvm-1.2.0.jar-7763135d72bf708cff4da51d8ac13258bf964e5e5fe0ef700d51b5ff579393a2' is up-to-date according to state file at '/home/mark/Nextcloud/Documents/School/2026 - Fall/SWE/tmp/build/incremental.state/kotlin-jvm-classpath-snapshotting-hot-reload-annot-11d6c32574'
00:01.773 DEBUG :shared:compileJvm        IncrementalCache          [inc] 'kotlin-jvm-classpath-snapshotting-lifecycle-viewmodel-compose-desktop-2.11.0.jar-75efbbea23c4092763dbe6640db9053b38d97b2b25072ae325eeb90e04e94e8c' is up-to-date according to state file at '/home/mark/Nextcloud/Documents/School/2026 - Fall/SWE/tmp/build/incremental.state/kotlin-jvm-classpath-snapshotting-lifecycle-viewmo-4dad743f56'
00:01.773 DEBUG :shared:compileJvm        IncrementalCache          [inc] 'kotlin-jvm-classpath-snapshotting-lifecycle-common-jvm-2.11.0.jar-893b0b4ef05a8d86ab5c144f1b5dee6cb1d93158cd0f6783383bcdbc811cc1f2' is up-to-date according to state file at '/home/mark/Nextcloud/Documents/School/2026 - Fall/SWE/tmp/build/incremental.state/kotlin-jvm-classpath-snapshotting-lifecycle-common-f01d1e752e'
00:01.773 DEBUG :shared:compileJvm        IncrementalCache          [inc] 'kotlin-jvm-classpath-snapshotting-ui-graphics-desktop-1.12.1.jar-9f55c1ac6b0f426b78b71af0c14737a3182d5d31a4dfa0c1e597e642d529fc17' is up-to-date according to state file at '/home/mark/Nextcloud/Documents/School/2026 - Fall/SWE/tmp/build/incremental.state/kotlin-jvm-classpath-snapshotting-ui-graphics-desk-cb6a79848d'
00:01.774 DEBUG :shared:compileJvm        IncrementalCache          [inc] 'kotlin-jvm-classpath-snapshotting-lifecycle-viewmodel-savedstate-desktop-2.11.0.jar-b40f9bfc0b650cd33f04182ba4d9f639c77e041b42998d1bf10eedb44c314ded' is up-to-date according to state file at '/home/mark/Nextcloud/Documents/School/2026 - Fall/SWE/tmp/build/incremental.state/kotlin-jvm-classpath-snapshotting-lifecycle-viewmo-818fab9604'
00:01.775 DEBUG :shared:compileJvm        IncrementalCache          [inc] 'kotlin-jvm-classpath-snapshotting-kotlinx-coroutines-core-jvm-1.11.0.jar-3e1523e6cd63e6c1bd1194cea83f24b21e6432864d96cba43f83251ba2e0bb3d' is up-to-date according to state file at '/home/mark/Nextcloud/Documents/School/2026 - Fall/SWE/tmp/build/incremental.state/kotlin-jvm-classpath-snapshotting-kotlinx-coroutin-a7d8f011a1'
00:01.776 DEBUG :shared:compileJvm        IncrementalCache          [inc] 'kotlin-jvm-classpath-snapshotting-lifecycle-runtime-desktop-2.11.0.jar-b956afd2841133a7187f725bfacd90d2d246da2eaef0bddf119a417e84495242' is up-to-date according to state file at '/home/mark/Nextcloud/Documents/School/2026 - Fall/SWE/tmp/build/incremental.state/kotlin-jvm-classpath-snapshotting-lifecycle-runtim-db69543ad9'
00:01.776 DEBUG :shared:compileJvm        IncrementalCache          [inc] 'kotlin-jvm-classpath-snapshotting-runtime-saveable-desktop-1.12.1.jar-7dd0eff17e108278a1dadad64d056a3a8a9e06e159256b157f6f5996e93295a5' is up-to-date according to state file at '/home/mark/Nextcloud/Documents/School/2026 - Fall/SWE/tmp/build/incremental.state/kotlin-jvm-classpath-snapshotting-runtime-saveable-3ce8748f80'
00:01.776 DEBUG :shared:compileJvm        IncrementalCache          [inc] 'kotlin-jvm-classpath-snapshotting-lifecycle-runtime-compose-desktop-2.11.0.jar-1bf9f02cafb9cc9f8527cb73102b8b9aa6c14cb03f4b02d8de9cd9e65de7b347' is up-to-date according to state file at '/home/mark/Nextcloud/Documents/School/2026 - Fall/SWE/tmp/build/incremental.state/kotlin-jvm-classpath-snapshotting-lifecycle-runtim-dc199158e0'
00:01.777 DEBUG :shared:compileJvm        IncrementalCache          [inc] 'kotlin-jvm-classpath-snapshotting-savedstate-desktop-1.4.0.jar-0f17d1b86b95b4d85dfade26044d6b238d3d7d725ba534337667522926ab101f' is up-to-date according to state file at '/home/mark/Nextcloud/Documents/School/2026 - Fall/SWE/tmp/build/incremental.state/kotlin-jvm-classpath-snapshotting-savedstate-deskt-055505b1cb'
00:01.777 DEBUG :shared:compileJvm        IncrementalCache          [inc] 'kotlin-jvm-classpath-snapshotting-lifecycle-viewmodel-desktop-2.11.0.jar-c35771c4435af5edadce74a6ad0912326c455c0704551382a8fef93b61ff5b87' is up-to-date according to state file at '/home/mark/Nextcloud/Documents/School/2026 - Fall/SWE/tmp/build/incremental.state/kotlin-jvm-classpath-snapshotting-lifecycle-viewmo-405e9631ed'
00:01.777 DEBUG :shared:compileJvm        IncrementalCache          [inc] 'kotlin-jvm-classpath-snapshotting-lifecycle-common-jvm-2.11.0.jar-0817f01716da7ccfb00e42f74777b4a9a3ddd51e4efa57e4bd04ace8513e44f2' is up-to-date according to state file at '/home/mark/Nextcloud/Documents/School/2026 - Fall/SWE/tmp/build/incremental.state/kotlin-jvm-classpath-snapshotting-lifecycle-common-b03b1868a1'
00:01.777 DEBUG :shared:compileJvm        IncrementalCache          [inc] 'kotlin-jvm-classpath-snapshotting-runtime-annotation-jvm-1.12.1.jar-4fc20e969ad11ae1241707d7d78592c037d79f0bccf18950a1e538254e12b4ab' is up-to-date according to state file at '/home/mark/Nextcloud/Documents/School/2026 - Fall/SWE/tmp/build/incremental.state/kotlin-jvm-classpath-snapshotting-runtime-annotati-0637e43211'
00:01.777 DEBUG :shared:compileJvm        IncrementalCache          [inc] 'kotlin-jvm-classpath-snapshotting-animation-core-desktop-1.12.1.jar-f0768fb415f1f121a43a7a5915c26132110084c110e52ae276d710d24cdef7b5' is up-to-date according to state file at '/home/mark/Nextcloud/Documents/School/2026 - Fall/SWE/tmp/build/incremental.state/kotlin-jvm-classpath-snapshotting-animation-core-d-ba9b691081'
00:01.777 DEBUG :shared:compileJvm        IncrementalCache          [inc] 'kotlin-jvm-classpath-snapshotting-jspecify-1.0.0.jar-3fc79634ee11f293e63a761fbfd3b248f8018d3c68d8249a72980d777f8bf13a' is up-to-date according to state file at '/home/mark/Nextcloud/Documents/School/2026 - Fall/SWE/tmp/build/incremental.state/kotlin-jvm-classpath-snapshotting-jspecify-1.0.0.j-a82ae80762'
00:01.778 DEBUG :shared:compileJvm        IncrementalCache          [inc] 'kotlin-jvm-classpath-snapshotting-lifecycle-runtime-desktop-2.11.0.jar-f1630d5f2028e8d5e11028b04af87f71f97a62a4d0989d0d40de35bc45023951' is up-to-date according to state file at '/home/mark/Nextcloud/Documents/School/2026 - Fall/SWE/tmp/build/incremental.state/kotlin-jvm-classpath-snapshotting-lifecycle-runtim-20623d023e'
00:01.778 DEBUG :shared:compileJvm        IncrementalCache          [inc] 'kotlin-jvm-classpath-snapshotting-kotlinx-serialization-core-jvm-1.7.3.jar-f4b6e3451dfe88429f9f5e1964b5343587d39ee2a2c4e6088d87824efafa81dd' is up-to-date according to state file at '/home/mark/Nextcloud/Documents/School/2026 - Fall/SWE/tmp/build/incremental.state/kotlin-jvm-classpath-snapshotting-kotlinx-serializ-9115b0d9b9'
00:01.778 DEBUG :shared:compileJvm        IncrementalCache          [inc] 'kotlin-jvm-classpath-snapshotting-savedstate-compose-desktop-1.3.6.jar-24bba982034105bb74989743264599ba8597f3802d81c21f3ba8a8b07517e7da' is up-to-date according to state file at '/home/mark/Nextcloud/Documents/School/2026 - Fall/SWE/tmp/build/incremental.state/kotlin-jvm-classpath-snapshotting-savedstate-compo-3601362e8d'
00:01.778 DEBUG :shared:compileJvm        IncrementalCache          [inc] 'kotlin-jvm-classpath-snapshotting-lifecycle-viewmodel-savedstate-desktop-2.11.0.jar-bf0bbd5692c547340fc98cbeb327609f3080b33def08f6bd3160444ebb282216' is up-to-date according to state file at '/home/mark/Nextcloud/Documents/School/2026 - Fall/SWE/tmp/build/incremental.state/kotlin-jvm-classpath-snapshotting-lifecycle-viewmo-0d0545da0e'
00:01.778 DEBUG :shared:compileJvm        IncrementalCache          [inc] 'kotlin-jvm-classpath-snapshotting-core-common-2.2.0.jar-0d58f5cdc5d9ade03124bfdbc23e6de87b4a2ea2bebee0086f8166ab2cadd459' is up-to-date according to state file at '/home/mark/Nextcloud/Documents/School/2026 - Fall/SWE/tmp/build/incremental.state/kotlin-jvm-classpath-snapshotting-core-common-2.2.-9c37a80198'
00:02.426 DEBUG :shared:compileJvm        KotlinBuildToolsApiKt     Compiling using the in-process strategy
00:02.462 DEBUG :shared:compileJvm        KotlinBuildToolsApiKt     Kotlin compiler args: -classpath /home/mark/.cache/JetBrains/Kotlin/.m2.cache/org/jetbrains/kotlin/kotlin-stdlib/2.4.20/kotlin-stdlib-2.4.20.jar:/home/mark/.cache/JetBrains/Kotlin/.m2.cache/org/jetbrains/compose/runtime/runtime-desktop/1.12.1/runtime-desktop-1.12.1.jar:/home/mark/.cache/JetBrains/Kotlin/.m2.cache/org/jetbrains/compose/foundation/foundation-desktop/1.12.1/foundation-desktop-1.12.1.jar:/home/mark/.cache/JetBrains/Kotlin/.m2.cache/org/jetbrains/compose/material3/material3-desktop/1.12.0-alpha03/material3-desktop-1.12.0-alpha03.jar:/home/mark/.cache/JetBrains/Kotlin/.m2.cache/org/jetbrains/compose/ui/ui-desktop/1.12.1/ui-desktop-1.12.1.jar:/home/mark/.cache/JetBrains/Kotlin/.m2.cache/org/jetbrains/compose/components/components-resources-desktop/1.12.1/components-resources-desktop-1.12.1.jar:/home/mark/.cache/JetBrains/Kotlin/.m2.cache/org/jetbrains/compose/ui/ui-tooling-preview-desktop/1.12.1/ui-tooling-preview-desktop-1.12.1.jar:/home/mark/.cache/JetBrains/Kotlin/.m2.cache/org/jetbrains/compose/hot-reload/hot-reload-runtime-api-jvm/1.2.0/hot-reload-runtime-api-jvm-1.2.0.jar:/home/mark/.cache/JetBrains/Kotlin/.m2.cache/org/jetbrains/androidx/lifecycle/lifecycle-viewmodel-compose-desktop/2.11.0/lifecycle-viewmodel-compose-desktop-2.11.0.jar:/home/mark/.cache/JetBrains/Kotlin/.m2.cache/org/jetbrains/androidx/lifecycle/lifecycle-runtime-compose-desktop/2.11.0/lifecycle-runtime-compose-desktop-2.11.0.jar:/home/mark/.cache/JetBrains/Kotlin/.m2.cache/org/jetbrains/annotations/23.0.0/annotations-23.0.0.jar:/home/mark/.cache/JetBrains/Kotlin/.m2.cache/androidx/compose/runtime/runtime-desktop/1.12.1/runtime-desktop-1.12.1.jar:/home/mark/.cache/JetBrains/Kotlin/.m2.cache/androidx/collection/collection-jvm/1.5.0/collection-jvm-1.5.0.jar:/home/mark/.cache/JetBrains/Kotlin/.m2.cache/org/jetbrains/compose/animation/animation-desktop/1.12.1/animation-desktop-1.12.1.jar:/home/mark/.cache/JetBrains/Kotlin/.m2.cache/org/jetbrains/skiko/skiko-awt/0.150.1/skiko-awt-0.150.1.jar:/home/mark/.cache/JetBrains/Kotlin/.m2.cache/androidx/graphics/graphics-shapes-desktop/1.1.0/graphics-shapes-desktop-1.1.0.jar:/home/mark/.cache/JetBrains/Kotlin/.m2.cache/org/jetbrains/compose/foundation/foundation-layout-desktop/1.12.1/foundation-layout-desktop-1.12.1.jar:/home/mark/.cache/JetBrains/Kotlin/.m2.cache/org/jetbrains/compose/material/material-ripple-desktop/1.12.0-beta01/material-ripple-desktop-1.12.0-beta01.jar:/home/mark/.cache/JetBrains/Kotlin/.m2.cache/org/jetbrains/compose/ui/ui-text-desktop/1.12.1/ui-text-desktop-1.12.1.jar:/home/mark/.cache/JetBrains/Kotlin/.m2.cache/androidx/annotation/annotation-jvm/1.9.1/annotation-jvm-1.9.1.jar:/home/mark/.cache/JetBrains/Kotlin/.m2.cache/androidx/compose/runtime/runtime-retain-desktop/1.12.1/runtime-retain-desktop-1.12.1.jar:/home/mark/.cache/JetBrains/Kotlin/.m2.cache/androidx/savedstate/savedstate-compose-desktop/1.4.0/savedstate-compose-desktop-1.4.0.jar:/home/mark/.cache/JetBrains/Kotlin/.m2.cache/org/jetbrains/compose/runtime/runtime-saveable-desktop/1.12.1/runtime-saveable-desktop-1.12.1.jar:/home/mark/.cache/JetBrains/Kotlin/.m2.cache/org/jetbrains/compose/ui/ui-geometry-desktop/1.12.1/ui-geometry-desktop-1.12.1.jar:/home/mark/.cache/JetBrains/Kotlin/.m2.cache/org/jetbrains/compose/ui/ui-graphics-desktop/1.12.1/ui-graphics-desktop-1.12.1.jar:/home/mark/.cache/JetBrains/Kotlin/.m2.cache/org/jetbrains/compose/ui/ui-unit-desktop/1.12.1/ui-unit-desktop-1.12.1.jar:/home/mark/.cache/JetBrains/Kotlin/.m2.cache/org/jetbrains/compose/ui/ui-util-desktop/1.12.1/ui-util-desktop-1.12.1.jar:/home/mark/.cache/JetBrains/Kotlin/.m2.cache/org/jetbrains/compose/hot-reload/hot-reload-annotations-jvm/1.2.0/hot-reload-annotations-jvm-1.2.0.jar:/home/mark/.cache/JetBrains/Kotlin/.m2.cache/androidx/lifecycle/lifecycle-viewmodel-compose-desktop/2.11.0/lifecycle-viewmodel-compose-desktop-2.11.0.jar:/home/mark/.cache/JetBrains/Kotlin/.m2.cache/org/jetbrains/androidx/lifecycle/lifecycle-common-jvm/2.11.0/lifecycle-common-jvm-2.11.0.jar:/home/mark/.cache/JetBrains/Kotlin/.m2.cache/org/jetbrains/androidx/lifecycle/lifecycle-viewmodel-desktop/2.11.0/lifecycle-viewmodel-desktop-2.11.0.jar:/home/mark/.cache/JetBrains/Kotlin/.m2.cache/org/jetbrains/androidx/lifecycle/lifecycle-viewmodel-savedstate-desktop/2.11.0/lifecycle-viewmodel-savedstate-desktop-2.11.0.jar:/home/mark/.cache/JetBrains/Kotlin/.m2.cache/androidx/lifecycle/lifecycle-runtime-compose-desktop/2.11.0/lifecycle-runtime-compose-desktop-2.11.0.jar:/home/mark/.cache/JetBrains/Kotlin/.m2.cache/org/jetbrains/androidx/lifecycle/lifecycle-runtime-desktop/2.11.0/lifecycle-runtime-desktop-2.11.0.jar:/home/mark/.cache/JetBrains/Kotlin/.m2.cache/androidx/compose/runtime/runtime-annotation-jvm/1.12.1/runtime-annotation-jvm-1.12.1.jar:/home/mark/.cache/JetBrains/Kotlin/.m2.cache/org/jetbrains/kotlinx/kotlinx-coroutines-core-jvm/1.11.0/kotlinx-coroutines-core-jvm-1.11.0.jar:/home/mark/.cache/JetBrains/Kotlin/.m2.cache/org/jetbrains/compose/animation/animation-core-desktop/1.12.1/animation-core-desktop-1.12.1.jar:/home/mark/.cache/JetBrains/Kotlin/.m2.cache/androidx/savedstate/savedstate-desktop/1.4.0/savedstate-desktop-1.4.0.jar:/home/mark/.cache/JetBrains/Kotlin/.m2.cache/androidx/compose/runtime/runtime-saveable-desktop/1.12.1/runtime-saveable-desktop-1.12.1.jar:/home/mark/.cache/JetBrains/Kotlin/.m2.cache/org/jetbrains/androidx/savedstate/savedstate-compose-desktop/1.3.6/savedstate-compose-desktop-1.3.6.jar:/home/mark/.cache/JetBrains/Kotlin/.m2.cache/androidx/lifecycle/lifecycle-common-jvm/2.11.0/lifecycle-common-jvm-2.11.0.jar:/home/mark/.cache/JetBrains/Kotlin/.m2.cache/androidx/lifecycle/lifecycle-viewmodel-desktop/2.11.0/lifecycle-viewmodel-desktop-2.11.0.jar:/home/mark/.cache/JetBrains/Kotlin/.m2.cache/androidx/lifecycle/lifecycle-viewmodel-savedstate-desktop/2.11.0/lifecycle-viewmodel-savedstate-desktop-2.11.0.jar:/home/mark/.cache/JetBrains/Kotlin/.m2.cache/org/jetbrains/kotlinx/kotlinx-serialization-core-jvm/1.7.3/kotlinx-serialization-core-jvm-1.7.3.jar:/home/mark/.cache/JetBrains/Kotlin/.m2.cache/androidx/lifecycle/lifecycle-runtime-desktop/2.11.0/lifecycle-runtime-desktop-2.11.0.jar:/home/mark/.cache/JetBrains/Kotlin/.m2.cache/org/jspecify/jspecify/1.0.0/jspecify-1.0.0.jar:/home/mark/.cache/JetBrains/Kotlin/.m2.cache/androidx/arch/core/core-common/2.2.0/core-common-2.2.0.jar -d /home/mark/Nextcloud/Documents/School/2026 - Fall/SWE/tmp/build/artifacts/CompiledJvmArtifact/sharedjvm/kotlin-output -jdk-home /home/mark/.cache/JetBrains/Kotlin/extract.cache/5cadb5bf88-OpenJDK25U-jdk_x64_linux_hotspot_25.0.4.1_1.tar.gz.a609ba.d/jdk-25.0.4.1+1 -Xjdk-release=25 -module-name shared -no-stdlib -Xfragment-refines=jvm:common -Xfragment-sources=common:/home/mark/Nextcloud/Documents/School/2026 - Fall/SWE/tmp/shared/src/Greeting.kt,common:/home/mark/Nextcloud/Documents/School/2026 - Fall/SWE/tmp/shared/src/Platform.kt,common:/home/mark/Nextcloud/Documents/School/2026 - Fall/SWE/tmp/shared/src/App.kt,common:/home/mark/Nextcloud/Documents/School/2026 - Fall/SWE/tmp/build/generated/shared/common/src/compose/resources/commonResClass/com/swe/studyplanner/resources/Res.kt,common:/home/mark/Nextcloud/Documents/School/2026 - Fall/SWE/tmp/build/generated/shared/common/src/compose/resources/collectors/com/swe/studyplanner/resources/ExpectResourceCollectors.kt,common:/home/mark/Nextcloud/Documents/School/2026 - Fall/SWE/tmp/build/generated/shared/common/src/compose/resources/accessors/com/swe/studyplanner/resources/Drawable0.common.kt,jvm:/home/mark/Nextcloud/Documents/School/2026 - Fall/SWE/tmp/shared/src@jvm/Platform.jvm.kt,jvm:/home/mark/Nextcloud/Documents/School/2026 - Fall/SWE/tmp/build/generated/shared/jvm/src/compose/resources/collectors/com/swe/studyplanner/resources/ActualResourceCollectors.kt -Xfragments=common,jvm -Xenable-incremental-compilation -Xmulti-platform -Xplugin=/home/mark/.cache/JetBrains/Kotlin/.m2.cache/org/jetbrains/kotlin/kotlin-compose-compiler-plugin-embeddable/2.4.20/kotlin-compose-compiler-plugin-embeddable-2.4.20.jar -P plugin:androidx.compose.compiler.plugins.kotlin:generateFunctionKeyMetaAnnotations=true,plugin:androidx.compose.compiler.plugins.kotlin:sourceInformation=true
00:02.465 DEBUG :shared:compileJvm        KotlinBuildToolsApiKt     Source changes: ToBeComputed
00:02.466 DEBUG :shared:compileJvm        KotlinBuildToolsApiKt     Configuration inputs: ConfigurationInputs(icConfigurationInputsSnapshot={rootProjectDir=/home/mark/Nextcloud/Documents/School/2026 - Fall/SWE/tmp, moduleBuildDir=/home/mark/Nextcloud/Documents/School/2026 - Fall/SWE/tmp/build, outputDirs=null, useFirRunner=false, unsafeIncrementalCompilationForMultiplatform=false, monotonousIncrementalCompileSetExpansion=true, usePreciseJavaTracking=false, kotlinSourceFileExtensions=kt,kts, kotlinVersion=2.4.20}, compilerArgumentsInputsSnapshot=[-P, -Xfragment-refines=jvm:common, -Xfragment-sources=common:/home/mark/Nextcloud/Documents/School/2026 - Fall/SWE/tmp/shared/src/Greeting.kt,common:/home/mark/Nextcloud/Documents/School/2026 - Fall/SWE/tmp/shared/src/Platform.kt,common:/home/mark/Nextcloud/Documents/School/2026 - Fall/SWE/tmp/shared/src/App.kt,common:/home/mark/Nextcloud/Documents/School/2026 - Fall/SWE/tmp/build/generated/shared/common/src/compose/resources/commonResClass/com/swe/studyplanner/resources/Res.kt,common:/home/mark/Nextcloud/Documents/School/2026 - Fall/SWE/tmp/build/generated/shared/common/src/compose/resources/collectors/com/swe/studyplanner/resources/ExpectResourceCollectors.kt,common:/home/mark/Nextcloud/Documents/School/2026 - Fall/SWE/tmp/build/generated/shared/common/src/compose/resources/accessors/com/swe/studyplanner/resources/Drawable0.common.kt,jvm:/home/mark/Nextcloud/Documents/School/2026 - Fall/SWE/tmp/shared/src@jvm/Platform.jvm.kt,jvm:/home/mark/Nextcloud/Documents/School/2026 - Fall/SWE/tmp/build/generated/shared/jvm/src/compose/resources/collectors/com/swe/studyplanner/resources/ActualResourceCollectors.kt, -Xfragments=common,jvm, -Xjdk-release=25, -Xmulti-platform, -Xplugin=/home/mark/.cache/JetBrains/Kotlin/.m2.cache/org/jetbrains/kotlin/kotlin-compose-compiler-plugin-embeddable/2.4.20/kotlin-compose-compiler-plugin-embeddable-2.4.20.jar, -classpath, -jdk-home, -module-name, -no-stdlib, /home/mark/.cache/JetBrains/Kotlin/.m2.cache/org/jetbrains/kotlin/kotlin-stdlib/2.4.20/kotlin-stdlib-2.4.20.jar:/home/mark/.cache/JetBrains/Kotlin/.m2.cache/org/jetbrains/compose/runtime/runtime-desktop/1.12.1/runtime-desktop-1.12.1.jar:/home/mark/.cache/JetBrains/Kotlin/.m2.cache/org/jetbrains/compose/foundation/foundation-desktop/1.12.1/foundation-desktop-1.12.1.jar:/home/mark/.cache/JetBrains/Kotlin/.m2.cache/org/jetbrains/compose/material3/material3-desktop/1.12.0-alpha03/material3-desktop-1.12.0-alpha03.jar:/home/mark/.cache/JetBrains/Kotlin/.m2.cache/org/jetbrains/compose/ui/ui-desktop/1.12.1/ui-desktop-1.12.1.jar:/home/mark/.cache/JetBrains/Kotlin/.m2.cache/org/jetbrains/compose/components/components-resources-desktop/1.12.1/components-resources-desktop-1.12.1.jar:/home/mark/.cache/JetBrains/Kotlin/.m2.cache/org/jetbrains/compose/ui/ui-tooling-preview-desktop/1.12.1/ui-tooling-preview-desktop-1.12.1.jar:/home/mark/.cache/JetBrains/Kotlin/.m2.cache/org/jetbrains/compose/hot-reload/hot-reload-runtime-api-jvm/1.2.0/hot-reload-runtime-api-jvm-1.2.0.jar:/home/mark/.cache/JetBrains/Kotlin/.m2.cache/org/jetbrains/androidx/lifecycle/lifecycle-viewmodel-compose-desktop/2.11.0/lifecycle-viewmodel-compose-desktop-2.11.0.jar:/home/mark/.cache/JetBrains/Kotlin/.m2.cache/org/jetbrains/androidx/lifecycle/lifecycle-runtime-compose-desktop/2.11.0/lifecycle-runtime-compose-desktop-2.11.0.jar:/home/mark/.cache/JetBrains/Kotlin/.m2.cache/org/jetbrains/annotations/23.0.0/annotations-23.0.0.jar:/home/mark/.cache/JetBrains/Kotlin/.m2.cache/androidx/compose/runtime/runtime-desktop/1.12.1/runtime-desktop-1.12.1.jar:/home/mark/.cache/JetBrains/Kotlin/.m2.cache/androidx/collection/collection-jvm/1.5.0/collection-jvm-1.5.0.jar:/home/mark/.cache/JetBrains/Kotlin/.m2.cache/org/jetbrains/compose/animation/animation-desktop/1.12.1/animation-desktop-1.12.1.jar:/home/mark/.cache/JetBrains/Kotlin/.m2.cache/org/jetbrains/skiko/skiko-awt/0.150.1/skiko-awt-0.150.1.jar:/home/mark/.cache/JetBrains/Kotlin/.m2.cache/androidx/graphics/graphics-shapes-desktop/1.1.0/graphics-shapes-desktop-1.1.0.jar:/home/mark/.cache/JetBrains/Kotlin/.m2.cache/org/jetbrains/compose/foundation/foundation-layout-desktop/1.12.1/foundation-layout-desktop-1.12.1.jar:/home/mark/.cache/JetBrains/Kotlin/.m2.cache/org/jetbrains/compose/material/material-ripple-desktop/1.12.0-beta01/material-ripple-desktop-1.12.0-beta01.jar:/home/mark/.cache/JetBrains/Kotlin/.m2.cache/org/jetbrains/compose/ui/ui-text-desktop/1.12.1/ui-text-desktop-1.12.1.jar:/home/mark/.cache/JetBrains/Kotlin/.m2.cache/androidx/annotation/annotation-jvm/1.9.1/annotation-jvm-1.9.1.jar:/home/mark/.cache/JetBrains/Kotlin/.m2.cache/androidx/compose/runtime/runtime-retain-desktop/1.12.1/runtime-retain-desktop-1.12.1.jar:/home/mark/.cache/JetBrains/Kotlin/.m2.cache/androidx/savedstate/savedstate-compose-desktop/1.4.0/savedstate-compose-desktop-1.4.0.jar:/home/mark/.cache/JetBrains/Kotlin/.m2.cache/org/jetbrains/compose/runtime/runtime-saveable-desktop/1.12.1/runtime-saveable-desktop-1.12.1.jar:/home/mark/.cache/JetBrains/Kotlin/.m2.cache/org/jetbrains/compose/ui/ui-geometry-desktop/1.12.1/ui-geometry-desktop-1.12.1.jar:/home/mark/.cache/JetBrains/Kotlin/.m2.cache/org/jetbrains/compose/ui/ui-graphics-desktop/1.12.1/ui-graphics-desktop-1.12.1.jar:/home/mark/.cache/JetBrains/Kotlin/.m2.cache/org/jetbrains/compose/ui/ui-unit-desktop/1.12.1/ui-unit-desktop-1.12.1.jar:/home/mark/.cache/JetBrains/Kotlin/.m2.cache/org/jetbrains/compose/ui/ui-util-desktop/1.12.1/ui-util-desktop-1.12.1.jar:/home/mark/.cache/JetBrains/Kotlin/.m2.cache/org/jetbrains/compose/hot-reload/hot-reload-annotations-jvm/1.2.0/hot-reload-annotations-jvm-1.2.0.jar:/home/mark/.cache/JetBrains/Kotlin/.m2.cache/androidx/lifecycle/lifecycle-viewmodel-compose-desktop/2.11.0/lifecycle-viewmodel-compose-desktop-2.11.0.jar:/home/mark/.cache/JetBrains/Kotlin/.m2.cache/org/jetbrains/androidx/lifecycle/lifecycle-common-jvm/2.11.0/lifecycle-common-jvm-2.11.0.jar:/home/mark/.cache/JetBrains/Kotlin/.m2.cache/org/jetbrains/androidx/lifecycle/lifecycle-viewmodel-desktop/2.11.0/lifecycle-viewmodel-desktop-2.11.0.jar:/home/mark/.cache/JetBrains/Kotlin/.m2.cache/org/jetbrains/androidx/lifecycle/lifecycle-viewmodel-savedstate-desktop/2.11.0/lifecycle-viewmodel-savedstate-desktop-2.11.0.jar:/home/mark/.cache/JetBrains/Kotlin/.m2.cache/androidx/lifecycle/lifecycle-runtime-compose-desktop/2.11.0/lifecycle-runtime-compose-desktop-2.11.0.jar:/home/mark/.cache/JetBrains/Kotlin/.m2.cache/org/jetbrains/androidx/lifecycle/lifecycle-runtime-desktop/2.11.0/lifecycle-runtime-desktop-2.11.0.jar:/home/mark/.cache/JetBrains/Kotlin/.m2.cache/androidx/compose/runtime/runtime-annotation-jvm/1.12.1/runtime-annotation-jvm-1.12.1.jar:/home/mark/.cache/JetBrains/Kotlin/.m2.cache/org/jetbrains/kotlinx/kotlinx-coroutines-core-jvm/1.11.0/kotlinx-coroutines-core-jvm-1.11.0.jar:/home/mark/.cache/JetBrains/Kotlin/.m2.cache/org/jetbrains/compose/animation/animation-core-desktop/1.12.1/animation-core-desktop-1.12.1.jar:/home/mark/.cache/JetBrains/Kotlin/.m2.cache/androidx/savedstate/savedstate-desktop/1.4.0/savedstate-desktop-1.4.0.jar:/home/mark/.cache/JetBrains/Kotlin/.m2.cache/androidx/compose/runtime/runtime-saveable-desktop/1.12.1/runtime-saveable-desktop-1.12.1.jar:/home/mark/.cache/JetBrains/Kotlin/.m2.cache/org/jetbrains/androidx/savedstate/savedstate-compose-desktop/1.3.6/savedstate-compose-desktop-1.3.6.jar:/home/mark/.cache/JetBrains/Kotlin/.m2.cache/androidx/lifecycle/lifecycle-common-jvm/2.11.0/lifecycle-common-jvm-2.11.0.jar:/home/mark/.cache/JetBrains/Kotlin/.m2.cache/androidx/lifecycle/lifecycle-viewmodel-desktop/2.11.0/lifecycle-viewmodel-desktop-2.11.0.jar:/home/mark/.cache/JetBrains/Kotlin/.m2.cache/androidx/lifecycle/lifecycle-viewmodel-savedstate-desktop/2.11.0/lifecycle-viewmodel-savedstate-desktop-2.11.0.jar:/home/mark/.cache/JetBrains/Kotlin/.m2.cache/org/jetbrains/kotlinx/kotlinx-serialization-core-jvm/1.7.3/kotlinx-serialization-core-jvm-1.7.3.jar:/home/mark/.cache/JetBrains/Kotlin/.m2.cache/androidx/lifecycle/lifecycle-runtime-desktop/2.11.0/lifecycle-runtime-desktop-2.11.0.jar:/home/mark/.cache/JetBrains/Kotlin/.m2.cache/org/jspecify/jspecify/1.0.0/jspecify-1.0.0.jar:/home/mark/.cache/JetBrains/Kotlin/.m2.cache/androidx/arch/core/core-common/2.2.0/core-common-2.2.0.jar, /home/mark/.cache/JetBrains/Kotlin/extract.cache/5cadb5bf88-OpenJDK25U-jdk_x64_linux_hotspot_25.0.4.1_1.tar.gz.a609ba.d/jdk-25.0.4.1+1, plugin:androidx.compose.compiler.plugins.kotlin:generateFunctionKeyMetaAnnotations=true,plugin:androidx.compose.compiler.plugins.kotlin:sourceInformation=true, shared])
00:02.549 DEBUG :shared:compileJvm        KotlinBuildToolsApiKt     Classpath changes info passed from Gradle task: ToBeComputedByIncrementalCompiler
00:02.649 DEBUG :shared:compileJvm        KotlinBuildToolsApiKt     [ClasspathSnapshot] Shrunk current classpath snapshot for diffing, retained 79 / 7911 classes
00:02.650 DEBUG :shared:compileJvm        KotlinBuildToolsApiKt     [ClasspathSnapshot] Loaded shrunk previous classpath snapshot for diffing, found 79 classes
00:02.659 DEBUG :shared:compileJvm        KotlinBuildToolsApiKt     [ClasspathSnapshot] Changed set = ProgramSymbolSet(classes = [], classMembers = {}, packageMembers = {})
00:02.672 DEBUG :shared:compileJvm        KotlinBuildToolsApiKt     [ClasspathSnapshot] Shrunk current classpath snapshot after compilation (shrink mode = UnchangedLookupsChangedClasspath), retained 79 / 7911 classes
00:02.683 DEBUG :shared:compileJvm        KotlinBuildToolsApiKt     Incremental compilation completed
00:02.692 DEBUG :shared:compileJvm        JvmCompileTask            Up-to-date compilation result for fragments [common, jvm] of module 'shared'
00:02.692 DEBUG :shared:compileJvm        JvmCompileTask            Copying resources from '/home/mark/Nextcloud/Documents/School/2026 - Fall/SWE/tmp/build/artifacts/JvmResourcesDirArtifact/sharedjvm' to '/home/mark/Nextcloud/Documents/School/2026 - Fall/SWE/tmp/build/artifacts/CompiledJvmArtifact/sharedjvm/resources-output'...
00:02.721 DEBUG :shared:compileJvm        IncrementalCache          [inc] ':shared:compileJvm' changes: '/home/mark/Nextcloud/Documents/School/2026 - Fall/SWE/tmp/build/artifacts/CompiledJvmArtifact/sharedjvm/resources-output/composeResources/com.swe.studyplanner.resources/drawable/compose-multiplatform.xml' MODIFIED
00:02.722 DEBUG :desktopApp:compileJvm    JvmCompileTask            compile desktopApp -- main
00:02.723 DEBUG :desktopApp:compileJvm    JdkProvider               JAVA_HOME is not set (or empty). The Kotlin Toolchain will provision a JDK instead.
00:02.749 DEBUG :desktopApp:compileJvm    IncrementalCache          [inc] building ':desktopApp:compileJvm'
00:02.751 INFO  :desktopApp:compileJvm    Slf4jExtensionsKt         Compiling module 'desktopApp' for platform 'jvm'...
00:02.751 DEBUG :desktopApp:compileJvm    JvmCompileTask            Compiling Kotlin/JVM sources for module 'desktopApp'...
00:02.753 DEBUG :desktopApp:compileJvm    IncrementalCache          [inc] 'resolve-org.jetbrains.kotlin-kotlin-compose-compiler-plugin-embeddable-2.4.20' is up-to-date according to state file at '/home/mark/Nextcloud/Documents/School/2026 - Fall/SWE/tmp/build/incremental.state/resolve-org.jetbrains.kotlin-kotlin-compose-compil-f4292e0c54'
00:02.758 DEBUG :desktopApp:compileJvm    IncrementalCache          [inc] building 'kotlin-jvm-classpath-snapshotting-desktopApp-resources-output-c296b5bed9fcd787424acad43dab915be36698ba473b2fd848469d6284caaab0'
00:02.758 DEBUG :desktopApp:compileJvm    IncrementalCache          [inc] 'kotlin-jvm-classpath-snapshotting-desktopApp-kotlin-output-d7d5cb750db4fe283963b9591a6326a0073aad7c60122ee5c03f0dc56c78b7ae' is up-to-date according to state file at '/home/mark/Nextcloud/Documents/School/2026 - Fall/SWE/tmp/build/incremental.state/kotlin-jvm-classpath-snapshotting-desktopApp-kotli-d95d6e5935'
00:02.759 DEBUG :desktopApp:compileJvm    IncrementalCache          [inc] 'kotlin-jvm-classpath-snapshotting-desktop-jvm-1.12.1.jar-ca09c636b39fcfb7abed97f3c7bac9f3e3a4d8649b6c7e46d7a3d7978b6ac7ec' is up-to-date according to state file at '/home/mark/Nextcloud/Documents/School/2026 - Fall/SWE/tmp/build/incremental.state/kotlin-jvm-classpath-snapshotting-desktop-jvm-1.12-fadaf65d0d'
00:02.759 DEBUG :desktopApp:compileJvm    IncrementalCache          [inc] 'kotlin-jvm-classpath-snapshotting-kotlinx-coroutines-core-jvm-1.11.0.jar-3e1523e6cd63e6c1bd1194cea83f24b21e6432864d96cba43f83251ba2e0bb3d' is up-to-date according to state file at '/home/mark/Nextcloud/Documents/School/2026 - Fall/SWE/tmp/build/incremental.state/kotlin-jvm-classpath-snapshotting-kotlinx-coroutin-a7d8f011a1'
00:02.759 DEBUG :desktopApp:compileJvm    IncrementalCache          [inc] 'kotlin-jvm-classpath-snapshotting-runtime-desktop-1.12.1.jar-619446945838a7a378b16bb7266d5fdaf21e47eb35615a71a3d43f45d880dc92' is up-to-date according to state file at '/home/mark/Nextcloud/Documents/School/2026 - Fall/SWE/tmp/build/incremental.state/kotlin-jvm-classpath-snapshotting-runtime-desktop--0704398be9'
00:02.759 DEBUG :desktopApp:compileJvm    IncrementalCache          [inc] 'kotlin-jvm-classpath-snapshotting-annotations-23.0.0.jar-c611a068f002f38d2089a42bf872dbb4f1c9e672af3ffe01c5b8204b8617ede8' is up-to-date according to state file at '/home/mark/Nextcloud/Documents/School/2026 - Fall/SWE/tmp/build/incremental.state/kotlin-jvm-classpath-snapshotting-annotations-23.0-3949f9ef59'
00:02.759 DEBUG :desktopApp:compileJvm    IncrementalCache          [inc] 'kotlin-jvm-classpath-snapshotting-foundation-desktop-1.12.1.jar-cdb5ff75807ec6ff6f11d40e3f2e8e473863363a6682592c5016bfd51c2c53b6' is up-to-date according to state file at '/home/mark/Nextcloud/Documents/School/2026 - Fall/SWE/tmp/build/incremental.state/kotlin-jvm-classpath-snapshotting-foundation-deskt-618f8b070a'
00:02.759 DEBUG :desktopApp:compileJvm    IncrementalCache          [inc] 'kotlin-jvm-classpath-snapshotting-ui-tooling-preview-desktop-1.12.1.jar-08595ac93ce4f24d960097914a58e8b6861496cc9d76da733e7e6f20b909b31b' is up-to-date according to state file at '/home/mark/Nextcloud/Documents/School/2026 - Fall/SWE/tmp/build/incremental.state/kotlin-jvm-classpath-snapshotting-ui-tooling-previ-e6fe6d7b9b'
00:02.760 DEBUG :desktopApp:compileJvm    IncrementalCache          [inc] 'kotlin-jvm-classpath-snapshotting-slf4j-api-2.0.18.jar-80d794da5d74ce876d5b1f3079c9209c2da82b8bcfbcffe73612f6a76ec09b6d' is up-to-date according to state file at '/home/mark/Nextcloud/Documents/School/2026 - Fall/SWE/tmp/build/incremental.state/kotlin-jvm-classpath-snapshotting-slf4j-api-2.0.18-4cce50b63a'
00:02.760 DEBUG :desktopApp:compileJvm    IncrementalCache          [inc] 'kotlin-jvm-classpath-snapshotting-annotation-jvm-1.9.1.jar-c988ea3d20c9d13e9aa5e92beed19e880515846e6dfeb5c7ec3cc81fe56d4bc3' is up-to-date according to state file at '/home/mark/Nextcloud/Documents/School/2026 - Fall/SWE/tmp/build/incremental.state/kotlin-jvm-classpath-snapshotting-annotation-jvm-1-ad70097c8d'
00:02.760 DEBUG :desktopApp:compileJvm    IncrementalCache          [inc] 'kotlin-jvm-classpath-snapshotting-components-resources-desktop-1.12.1.jar-3f318b71de8b50144e115540aa45e01b594aabe3373aba7f1edb611a2c176e7c' is up-to-date according to state file at '/home/mark/Nextcloud/Documents/School/2026 - Fall/SWE/tmp/build/incremental.state/kotlin-jvm-classpath-snapshotting-components-resou-768bf983af'
00:02.760 DEBUG :desktopApp:compileJvm    IncrementalCache          [inc] 'kotlin-jvm-classpath-snapshotting-kotlinx-coroutines-swing-1.11.0.jar-408201a10ad503e38326f72cf18df23caee62c6a12475bb791980b6d7634f525' is up-to-date according to state file at '/home/mark/Nextcloud/Documents/School/2026 - Fall/SWE/tmp/build/incremental.state/kotlin-jvm-classpath-snapshotting-kotlinx-coroutin-474a970caa'
00:02.761 DEBUG :desktopApp:compileJvm    IncrementalCache          [inc] 'kotlin-jvm-classpath-snapshotting-logback-classic-1.6.2.jar-0775a5af98b2f50656252aae9b1b621c2c1746c7535e283a7f950cf85cebd474' is up-to-date according to state file at '/home/mark/Nextcloud/Documents/School/2026 - Fall/SWE/tmp/build/incremental.state/kotlin-jvm-classpath-snapshotting-logback-classic--611d821053'
00:02.761 DEBUG :desktopApp:compileJvm    IncrementalCache          [inc] 'kotlin-jvm-classpath-snapshotting-logback-core-1.6.2.jar-f7df75443925c10eeec2d1dada6bf310742cda6e6cefd2cdc8c2b1d9bae590fe' is up-to-date according to state file at '/home/mark/Nextcloud/Documents/School/2026 - Fall/SWE/tmp/build/incremental.state/kotlin-jvm-classpath-snapshotting-logback-core-1.6-1e29a1cbc3'
00:02.761 DEBUG :desktopApp:compileJvm    IncrementalCache          [inc] 'kotlin-jvm-classpath-snapshotting-runtime-desktop-1.12.1.jar-643fa37e237e2cb39d9a8bdeef8e1618a9073ef434ca1576b763f995d4d59e85' is up-to-date according to state file at '/home/mark/Nextcloud/Documents/School/2026 - Fall/SWE/tmp/build/incremental.state/kotlin-jvm-classpath-snapshotting-runtime-desktop--55f9dc2d91'
00:02.761 DEBUG :desktopApp:compileJvm    IncrementalCache          [inc] 'kotlin-jvm-classpath-snapshotting-kotlin-stdlib-2.4.20.jar-3e0403e7bc108453ab9b1d5ad012ba578556d832e6a108578b4fdf53ca97e670' is up-to-date according to state file at '/home/mark/Nextcloud/Documents/School/2026 - Fall/SWE/tmp/build/incremental.state/kotlin-jvm-classpath-snapshotting-kotlin-stdlib-2.-1c668d51e5'
00:02.763 DEBUG :desktopApp:compileJvm    IncrementalCache          [inc] 'kotlin-jvm-classpath-snapshotting-ui-desktop-1.12.1.jar-84ff18df284fd607d7569616f03679b241fb5eb9d6bd3630a75f503858822f5a' is up-to-date according to state file at '/home/mark/Nextcloud/Documents/School/2026 - Fall/SWE/tmp/build/incremental.state/kotlin-jvm-classpath-snapshotting-ui-desktop-1.12.-fd447ee840'
00:02.763 DEBUG :desktopApp:compileJvm    IncrementalCache          [inc] 'kotlin-jvm-classpath-snapshotting-material-desktop-1.12.1.jar-6b5b5845ab0f269ed15edbbb42bd91e2bebec76035267dcee350b7db256cbce6' is up-to-date according to state file at '/home/mark/Nextcloud/Documents/School/2026 - Fall/SWE/tmp/build/incremental.state/kotlin-jvm-classpath-snapshotting-material-desktop-38eacfaefa'
00:02.764 DEBUG :desktopApp:compileJvm    IncrementalCache          [inc] 'kotlin-jvm-classpath-snapshotting-runtime-annotation-jvm-1.12.1.jar-4fc20e969ad11ae1241707d7d78592c037d79f0bccf18950a1e538254e12b4ab' is up-to-date according to state file at '/home/mark/Nextcloud/Documents/School/2026 - Fall/SWE/tmp/build/incremental.state/kotlin-jvm-classpath-snapshotting-runtime-annotati-0637e43211'
00:02.764 DEBUG :desktopApp:compileJvm    IncrementalCache          [inc] 'kotlin-jvm-classpath-snapshotting-animation-desktop-1.12.1.jar-e7f939cf01c4d218cd9234d9411c0b3ab16eda210f134b549c836807eb71481e' is up-to-date according to state file at '/home/mark/Nextcloud/Documents/School/2026 - Fall/SWE/tmp/build/incremental.state/kotlin-jvm-classpath-snapshotting-animation-deskto-e038137851'
00:02.765 DEBUG :desktopApp:compileJvm    IncrementalCache          [inc] 'kotlin-jvm-classpath-snapshotting-skiko-awt-0.150.1.jar-7dc6726589ca12d30e681d7efc8c4ea82513df080ffe500011ab729d34c5434e' is up-to-date according to state file at '/home/mark/Nextcloud/Documents/School/2026 - Fall/SWE/tmp/build/incremental.state/kotlin-jvm-classpath-snapshotting-skiko-awt-0.150.-ed8f09273c'
00:02.765 DEBUG :desktopApp:compileJvm    IncrementalCache          [inc] 'kotlin-jvm-classpath-snapshotting-collection-jvm-1.5.0.jar-f5fba867836491ef4d79106c87d9c0312920e15b3c337153bc4961811bb4ab42' is up-to-date according to state file at '/home/mark/Nextcloud/Documents/School/2026 - Fall/SWE/tmp/build/incremental.state/kotlin-jvm-classpath-snapshotting-collection-jvm-1-4caefd5320'
00:02.766 DEBUG :desktopApp:compileJvm    IncrementalCache          [inc] 'kotlin-jvm-classpath-snapshotting-animation-core-desktop-1.12.1.jar-f0768fb415f1f121a43a7a5915c26132110084c110e52ae276d710d24cdef7b5' is up-to-date according to state file at '/home/mark/Nextcloud/Documents/School/2026 - Fall/SWE/tmp/build/incremental.state/kotlin-jvm-classpath-snapshotting-animation-core-d-ba9b691081'
00:02.766 DEBUG :desktopApp:compileJvm    IncrementalCache          [inc] 'kotlin-jvm-classpath-snapshotting-ui-text-desktop-1.12.1.jar-0f68b03589098ea14ca05ce8b3875bc550ec4dfde14487fd82301177343e7177' is up-to-date according to state file at '/home/mark/Nextcloud/Documents/School/2026 - Fall/SWE/tmp/build/incremental.state/kotlin-jvm-classpath-snapshotting-ui-text-desktop--d5f903bf4a'
00:02.766 DEBUG :desktopApp:compileJvm    IncrementalCache          [inc] 'kotlin-jvm-classpath-snapshotting-ui-geometry-desktop-1.12.1.jar-8edb499980c861a88acffcb08fe4b2a4c7853f003027f74267c740c916ace724' is up-to-date according to state file at '/home/mark/Nextcloud/Documents/School/2026 - Fall/SWE/tmp/build/incremental.state/kotlin-jvm-classpath-snapshotting-ui-geometry-desk-0079560d17'
00:02.766 DEBUG :desktopApp:compileJvm    IncrementalCache          [inc] 'kotlin-jvm-classpath-snapshotting-material-ripple-desktop-1.12.1.jar-063735817ed6dc05fe6e7aa332d032130c2ca6e6d7aa72bb0796a74521c6df88' is up-to-date according to state file at '/home/mark/Nextcloud/Documents/School/2026 - Fall/SWE/tmp/build/incremental.state/kotlin-jvm-classpath-snapshotting-material-ripple--9b9502e078'
00:02.766 DEBUG :desktopApp:compileJvm    IncrementalCache          [inc] 'kotlin-jvm-classpath-snapshotting-runtime-saveable-desktop-1.12.1.jar-afa8ecbce041cccee391d0d78f92ece86cc01bf81178f8b355d35163073aa2e6' is up-to-date according to state file at '/home/mark/Nextcloud/Documents/School/2026 - Fall/SWE/tmp/build/incremental.state/kotlin-jvm-classpath-snapshotting-runtime-saveable-54acc8cc58'
00:02.767 DEBUG :desktopApp:compileJvm    IncrementalCache          [inc] 'kotlin-jvm-classpath-snapshotting-ui-graphics-desktop-1.12.1.jar-9f55c1ac6b0f426b78b71af0c14737a3182d5d31a4dfa0c1e597e642d529fc17' is up-to-date according to state file at '/home/mark/Nextcloud/Documents/School/2026 - Fall/SWE/tmp/build/incremental.state/kotlin-jvm-classpath-snapshotting-ui-graphics-desk-cb6a79848d'
00:02.767 DEBUG :desktopApp:compileJvm    IncrementalCache          [inc] 'kotlin-jvm-classpath-snapshotting-runtime-retain-desktop-1.12.1.jar-581aa0a1d899d8fa10b2b8d4bba4f598811a835456915b1eabe5b5458c7edccd' is up-to-date according to state file at '/home/mark/Nextcloud/Documents/School/2026 - Fall/SWE/tmp/build/incremental.state/kotlin-jvm-classpath-snapshotting-runtime-retain-d-479ceb4e65'
00:02.768 DEBUG :desktopApp:compileJvm    IncrementalCache          [inc] 'kotlin-jvm-classpath-snapshotting-savedstate-compose-desktop-1.4.0.jar-3d58ae837260932d6ed411fe9c8f58f7bdbbb2a2c9f61348af4f98576c946901' is up-to-date according to state file at '/home/mark/Nextcloud/Documents/School/2026 - Fall/SWE/tmp/build/incremental.state/kotlin-jvm-classpath-snapshotting-savedstate-compo-0bb9ac7d27'
00:02.768 DEBUG :desktopApp:compileJvm    IncrementalCache          [inc] 'kotlin-jvm-classpath-snapshotting-lifecycle-runtime-compose-desktop-2.11.0.jar-133773c420943d2141b8a7c84a1580012990a5fa1497aa7974fcce28fd719404' is up-to-date according to state file at '/home/mark/Nextcloud/Documents/School/2026 - Fall/SWE/tmp/build/incremental.state/kotlin-jvm-classpath-snapshotting-lifecycle-runtim-0c256efe8f'
00:02.770 DEBUG :desktopApp:compileJvm    IncrementalCache          [inc] 'kotlin-jvm-classpath-snapshotting-ui-util-desktop-1.12.1.jar-44f601e07be29a6be7b7834bd7c6b87481287fd4778a79de98e729f7cd1aaf58' is up-to-date according to state file at '/home/mark/Nextcloud/Documents/School/2026 - Fall/SWE/tmp/build/incremental.state/kotlin-jvm-classpath-snapshotting-ui-util-desktop--ec7aa7e637'
00:02.770 DEBUG :desktopApp:compileJvm    IncrementalCache          [inc] 'kotlin-jvm-classpath-snapshotting-ui-unit-desktop-1.12.1.jar-d5869cd604e1cd4bf69a20a625319782eaa8ca311aabf1ddb1e830a67d9caa0f' is up-to-date according to state file at '/home/mark/Nextcloud/Documents/School/2026 - Fall/SWE/tmp/build/incremental.state/kotlin-jvm-classpath-snapshotting-ui-unit-desktop--4a7dbcd9a6'
00:02.770 DEBUG :desktopApp:compileJvm    IncrementalCache          [inc] 'kotlin-jvm-classpath-snapshotting-foundation-layout-desktop-1.12.1.jar-cefd75e089733bd3c77a7cf23cdd614df43017ec42c827801cb9bf8c38d58ff3' is up-to-date according to state file at '/home/mark/Nextcloud/Documents/School/2026 - Fall/SWE/tmp/build/incremental.state/kotlin-jvm-classpath-snapshotting-foundation-layou-2ca00ba51e'
00:02.771 DEBUG :desktopApp:compileJvm    IncrementalCache          [inc] 'kotlin-jvm-classpath-snapshotting-savedstate-desktop-1.4.0.jar-0f17d1b86b95b4d85dfade26044d6b238d3d7d725ba534337667522926ab101f' is up-to-date according to state file at '/home/mark/Nextcloud/Documents/School/2026 - Fall/SWE/tmp/build/incremental.state/kotlin-jvm-classpath-snapshotting-savedstate-deskt-055505b1cb'
00:02.771 DEBUG :desktopApp:compileJvm    IncrementalCache          [inc] 'kotlin-jvm-classpath-snapshotting-kotlinx-serialization-core-jvm-1.7.3.jar-f4b6e3451dfe88429f9f5e1964b5343587d39ee2a2c4e6088d87824efafa81dd' is up-to-date according to state file at '/home/mark/Nextcloud/Documents/School/2026 - Fall/SWE/tmp/build/incremental.state/kotlin-jvm-classpath-snapshotting-kotlinx-serializ-9115b0d9b9'
00:02.771 DEBUG :desktopApp:compileJvm    IncrementalCache          [inc] 'kotlin-jvm-classpath-snapshotting-lifecycle-runtime-desktop-2.11.0.jar-f1630d5f2028e8d5e11028b04af87f71f97a62a4d0989d0d40de35bc45023951' is up-to-date according to state file at '/home/mark/Nextcloud/Documents/School/2026 - Fall/SWE/tmp/build/incremental.state/kotlin-jvm-classpath-snapshotting-lifecycle-runtim-20623d023e'
00:02.771 DEBUG :desktopApp:compileJvm    IncrementalCache          [inc] 'kotlin-jvm-classpath-snapshotting-lifecycle-runtime-desktop-2.11.0.jar-b956afd2841133a7187f725bfacd90d2d246da2eaef0bddf119a417e84495242' is up-to-date according to state file at '/home/mark/Nextcloud/Documents/School/2026 - Fall/SWE/tmp/build/incremental.state/kotlin-jvm-classpath-snapshotting-lifecycle-runtim-db69543ad9'
00:02.771 DEBUG :desktopApp:compileJvm    IncrementalCache          [inc] 'kotlin-jvm-classpath-snapshotting-lifecycle-runtime-compose-desktop-2.11.0.jar-1bf9f02cafb9cc9f8527cb73102b8b9aa6c14cb03f4b02d8de9cd9e65de7b347' is up-to-date according to state file at '/home/mark/Nextcloud/Documents/School/2026 - Fall/SWE/tmp/build/incremental.state/kotlin-jvm-classpath-snapshotting-lifecycle-runtim-dc199158e0'
00:02.771 DEBUG :desktopApp:compileJvm    IncrementalCache          [inc] 'kotlin-jvm-classpath-snapshotting-lifecycle-common-jvm-2.11.0.jar-893b0b4ef05a8d86ab5c144f1b5dee6cb1d93158cd0f6783383bcdbc811cc1f2' is up-to-date according to state file at '/home/mark/Nextcloud/Documents/School/2026 - Fall/SWE/tmp/build/incremental.state/kotlin-jvm-classpath-snapshotting-lifecycle-common-f01d1e752e'
00:02.771 DEBUG :desktopApp:compileJvm    IncrementalCache          [inc] 'kotlin-jvm-classpath-snapshotting-savedstate-compose-desktop-1.3.6.jar-24bba982034105bb74989743264599ba8597f3802d81c21f3ba8a8b07517e7da' is up-to-date according to state file at '/home/mark/Nextcloud/Documents/School/2026 - Fall/SWE/tmp/build/incremental.state/kotlin-jvm-classpath-snapshotting-savedstate-compo-3601362e8d'
00:02.772 DEBUG :desktopApp:compileJvm    IncrementalCache          [inc] 'kotlin-jvm-classpath-snapshotting-runtime-saveable-desktop-1.12.1.jar-7dd0eff17e108278a1dadad64d056a3a8a9e06e159256b157f6f5996e93295a5' is up-to-date according to state file at '/home/mark/Nextcloud/Documents/School/2026 - Fall/SWE/tmp/build/incremental.state/kotlin-jvm-classpath-snapshotting-runtime-saveable-3ce8748f80'
00:02.772 DEBUG :desktopApp:compileJvm    IncrementalCache          [inc] 'kotlin-jvm-classpath-snapshotting-core-common-2.2.0.jar-0d58f5cdc5d9ade03124bfdbc23e6de87b4a2ea2bebee0086f8166ab2cadd459' is up-to-date according to state file at '/home/mark/Nextcloud/Documents/School/2026 - Fall/SWE/tmp/build/incremental.state/kotlin-jvm-classpath-snapshotting-core-common-2.2.-9c37a80198'
00:02.772 DEBUG :desktopApp:compileJvm    IncrementalCache          [inc] 'kotlin-jvm-classpath-snapshotting-lifecycle-common-jvm-2.11.0.jar-0817f01716da7ccfb00e42f74777b4a9a3ddd51e4efa57e4bd04ace8513e44f2' is up-to-date according to state file at '/home/mark/Nextcloud/Documents/School/2026 - Fall/SWE/tmp/build/incremental.state/kotlin-jvm-classpath-snapshotting-lifecycle-common-b03b1868a1'
00:02.772 DEBUG :desktopApp:compileJvm    IncrementalCache          [inc] 'kotlin-jvm-classpath-snapshotting-jspecify-1.0.0.jar-3fc79634ee11f293e63a761fbfd3b248f8018d3c68d8249a72980d777f8bf13a' is up-to-date according to state file at '/home/mark/Nextcloud/Documents/School/2026 - Fall/SWE/tmp/build/incremental.state/kotlin-jvm-classpath-snapshotting-jspecify-1.0.0.j-a82ae80762'
00:02.773 DEBUG :desktopApp:compileJvm    IncrementalCache          [inc] 'kotlin-jvm-classpath-snapshotting-desktopApp-resources-output-c296b5bed9fcd787424acad43dab915be36698ba473b2fd848469d6284caaab0' changes: '/home/mark/Nextcloud/Documents/School/2026 - Fall/SWE/tmp/build/ic-cache/classpath-snapshots/desktopApp-resources-output-c296b5bed9fcd787424acad43dab915be36698ba473b2fd848469d6284caaab0.abi' MODIFIED
00:02.779 DEBUG :desktopApp:compileJvm    KotlinBuildToolsApiKt     Compiling using the in-process strategy
00:02.782 DEBUG :desktopApp:compileJvm    KotlinBuildToolsApiKt     Kotlin compiler args: -classpath /home/mark/Nextcloud/Documents/School/2026 - Fall/SWE/tmp/build/artifacts/CompiledJvmArtifact/sharedjvm/kotlin-output:/home/mark/Nextcloud/Documents/School/2026 - Fall/SWE/tmp/build/artifacts/CompiledJvmArtifact/sharedjvm/resources-output:/home/mark/.cache/JetBrains/Kotlin/.m2.cache/org/jetbrains/kotlinx/kotlinx-coroutines-swing/1.11.0/kotlinx-coroutines-swing-1.11.0.jar:/home/mark/.cache/JetBrains/Kotlin/.m2.cache/ch/qos/logback/logback-classic/1.6.2/logback-classic-1.6.2.jar:/home/mark/.cache/JetBrains/Kotlin/.m2.cache/org/jetbrains/kotlin/kotlin-stdlib/2.4.20/kotlin-stdlib-2.4.20.jar:/home/mark/.cache/JetBrains/Kotlin/.m2.cache/org/jetbrains/compose/ui/ui-tooling-preview-desktop/1.12.1/ui-tooling-preview-desktop-1.12.1.jar:/home/mark/.cache/JetBrains/Kotlin/.m2.cache/ch/qos/logback/logback-core/1.6.2/logback-core-1.6.2.jar:/home/mark/.cache/JetBrains/Kotlin/.m2.cache/org/slf4j/slf4j-api/2.0.18/slf4j-api-2.0.18.jar:/home/mark/.cache/JetBrains/Kotlin/.m2.cache/org/jetbrains/annotations/23.0.0/annotations-23.0.0.jar:/home/mark/.cache/JetBrains/Kotlin/.m2.cache/org/jetbrains/compose/runtime/runtime-desktop/1.12.1/runtime-desktop-1.12.1.jar:/home/mark/.cache/JetBrains/Kotlin/.m2.cache/org/jetbrains/compose/components/components-resources-desktop/1.12.1/components-resources-desktop-1.12.1.jar:/home/mark/.cache/JetBrains/Kotlin/.m2.cache/org/jetbrains/compose/desktop/desktop-jvm/1.12.1/desktop-jvm-1.12.1.jar:/home/mark/.cache/JetBrains/Kotlin/.m2.cache/org/jetbrains/kotlinx/kotlinx-coroutines-core-jvm/1.11.0/kotlinx-coroutines-core-jvm-1.11.0.jar:/home/mark/.cache/JetBrains/Kotlin/.m2.cache/androidx/annotation/annotation-jvm/1.9.1/annotation-jvm-1.9.1.jar:/home/mark/.cache/JetBrains/Kotlin/.m2.cache/androidx/compose/runtime/runtime-desktop/1.12.1/runtime-desktop-1.12.1.jar:/home/mark/.cache/JetBrains/Kotlin/.m2.cache/org/jetbrains/compose/foundation/foundation-desktop/1.12.1/foundation-desktop-1.12.1.jar:/home/mark/.cache/JetBrains/Kotlin/.m2.cache/org/jetbrains/compose/material/material-desktop/1.12.1/material-desktop-1.12.1.jar:/home/mark/.cache/JetBrains/Kotlin/.m2.cache/org/jetbrains/compose/ui/ui-desktop/1.12.1/ui-desktop-1.12.1.jar:/home/mark/.cache/JetBrains/Kotlin/.m2.cache/androidx/compose/runtime/runtime-annotation-jvm/1.12.1/runtime-annotation-jvm-1.12.1.jar:/home/mark/.cache/JetBrains/Kotlin/.m2.cache/androidx/collection/collection-jvm/1.5.0/collection-jvm-1.5.0.jar:/home/mark/.cache/JetBrains/Kotlin/.m2.cache/org/jetbrains/compose/animation/animation-desktop/1.12.1/animation-desktop-1.12.1.jar:/home/mark/.cache/JetBrains/Kotlin/.m2.cache/org/jetbrains/skiko/skiko-awt/0.150.1/skiko-awt-0.150.1.jar:/home/mark/.cache/JetBrains/Kotlin/.m2.cache/org/jetbrains/compose/animation/animation-core-desktop/1.12.1/animation-core-desktop-1.12.1.jar:/home/mark/.cache/JetBrains/Kotlin/.m2.cache/org/jetbrains/compose/material/material-ripple-desktop/1.12.1/material-ripple-desktop-1.12.1.jar:/home/mark/.cache/JetBrains/Kotlin/.m2.cache/org/jetbrains/compose/ui/ui-text-desktop/1.12.1/ui-text-desktop-1.12.1.jar:/home/mark/.cache/JetBrains/Kotlin/.m2.cache/androidx/compose/runtime/runtime-retain-desktop/1.12.1/runtime-retain-desktop-1.12.1.jar:/home/mark/.cache/JetBrains/Kotlin/.m2.cache/androidx/savedstate/savedstate-compose-desktop/1.4.0/savedstate-compose-desktop-1.4.0.jar:/home/mark/.cache/JetBrains/Kotlin/.m2.cache/org/jetbrains/androidx/lifecycle/lifecycle-runtime-compose-desktop/2.11.0/lifecycle-runtime-compose-desktop-2.11.0.jar:/home/mark/.cache/JetBrains/Kotlin/.m2.cache/org/jetbrains/compose/runtime/runtime-saveable-desktop/1.12.1/runtime-saveable-desktop-1.12.1.jar:/home/mark/.cache/JetBrains/Kotlin/.m2.cache/org/jetbrains/compose/ui/ui-geometry-desktop/1.12.1/ui-geometry-desktop-1.12.1.jar:/home/mark/.cache/JetBrains/Kotlin/.m2.cache/org/jetbrains/compose/ui/ui-graphics-desktop/1.12.1/ui-graphics-desktop-1.12.1.jar:/home/mark/.cache/JetBrains/Kotlin/.m2.cache/org/jetbrains/compose/ui/ui-unit-desktop/1.12.1/ui-unit-desktop-1.12.1.jar:/home/mark/.cache/JetBrains/Kotlin/.m2.cache/org/jetbrains/compose/ui/ui-util-desktop/1.12.1/ui-util-desktop-1.12.1.jar:/home/mark/.cache/JetBrains/Kotlin/.m2.cache/org/jetbrains/compose/foundation/foundation-layout-desktop/1.12.1/foundation-layout-desktop-1.12.1.jar:/home/mark/.cache/JetBrains/Kotlin/.m2.cache/androidx/savedstate/savedstate-desktop/1.4.0/savedstate-desktop-1.4.0.jar:/home/mark/.cache/JetBrains/Kotlin/.m2.cache/androidx/lifecycle/lifecycle-runtime-compose-desktop/2.11.0/lifecycle-runtime-compose-desktop-2.11.0.jar:/home/mark/.cache/JetBrains/Kotlin/.m2.cache/org/jetbrains/androidx/lifecycle/lifecycle-runtime-desktop/2.11.0/lifecycle-runtime-desktop-2.11.0.jar:/home/mark/.cache/JetBrains/Kotlin/.m2.cache/androidx/compose/runtime/runtime-saveable-desktop/1.12.1/runtime-saveable-desktop-1.12.1.jar:/home/mark/.cache/JetBrains/Kotlin/.m2.cache/org/jetbrains/androidx/savedstate/savedstate-compose-desktop/1.3.6/savedstate-compose-desktop-1.3.6.jar:/home/mark/.cache/JetBrains/Kotlin/.m2.cache/org/jetbrains/kotlinx/kotlinx-serialization-core-jvm/1.7.3/kotlinx-serialization-core-jvm-1.7.3.jar:/home/mark/.cache/JetBrains/Kotlin/.m2.cache/androidx/lifecycle/lifecycle-runtime-desktop/2.11.0/lifecycle-runtime-desktop-2.11.0.jar:/home/mark/.cache/JetBrains/Kotlin/.m2.cache/org/jetbrains/androidx/lifecycle/lifecycle-common-jvm/2.11.0/lifecycle-common-jvm-2.11.0.jar:/home/mark/.cache/JetBrains/Kotlin/.m2.cache/androidx/arch/core/core-common/2.2.0/core-common-2.2.0.jar:/home/mark/.cache/JetBrains/Kotlin/.m2.cache/androidx/lifecycle/lifecycle-common-jvm/2.11.0/lifecycle-common-jvm-2.11.0.jar:/home/mark/.cache/JetBrains/Kotlin/.m2.cache/org/jspecify/jspecify/1.0.0/jspecify-1.0.0.jar -d /home/mark/Nextcloud/Documents/School/2026 - Fall/SWE/tmp/build/artifacts/CompiledJvmArtifact/desktopAppjvm/kotlin-output -jdk-home /home/mark/.cache/JetBrains/Kotlin/extract.cache/5cadb5bf88-OpenJDK25U-jdk_x64_linux_hotspot_25.0.4.1_1.tar.gz.a609ba.d/jdk-25.0.4.1+1 -Xjdk-release=25 -module-name desktopApp -no-stdlib -Xenable-incremental-compilation -Xplugin=/home/mark/.cache/JetBrains/Kotlin/.m2.cache/org/jetbrains/kotlin/kotlin-compose-compiler-plugin-embeddable/2.4.20/kotlin-compose-compiler-plugin-embeddable-2.4.20.jar -P plugin:androidx.compose.compiler.plugins.kotlin:generateFunctionKeyMetaAnnotations=true,plugin:androidx.compose.compiler.plugins.kotlin:sourceInformation=true
00:02.783 DEBUG :desktopApp:compileJvm    KotlinBuildToolsApiKt     Source changes: ToBeComputed
00:02.783 DEBUG :desktopApp:compileJvm    KotlinBuildToolsApiKt     Configuration inputs: ConfigurationInputs(icConfigurationInputsSnapshot={rootProjectDir=/home/mark/Nextcloud/Documents/School/2026 - Fall/SWE/tmp, moduleBuildDir=/home/mark/Nextcloud/Documents/School/2026 - Fall/SWE/tmp/build, outputDirs=null, useFirRunner=false, unsafeIncrementalCompilationForMultiplatform=false, monotonousIncrementalCompileSetExpansion=true, usePreciseJavaTracking=false, kotlinSourceFileExtensions=kt,kts, kotlinVersion=2.4.20}, compilerArgumentsInputsSnapshot=[-P, -Xjdk-release=25, -Xplugin=/home/mark/.cache/JetBrains/Kotlin/.m2.cache/org/jetbrains/kotlin/kotlin-compose-compiler-plugin-embeddable/2.4.20/kotlin-compose-compiler-plugin-embeddable-2.4.20.jar, -classpath, -jdk-home, -module-name, -no-stdlib, /home/mark/.cache/JetBrains/Kotlin/extract.cache/5cadb5bf88-OpenJDK25U-jdk_x64_linux_hotspot_25.0.4.1_1.tar.gz.a609ba.d/jdk-25.0.4.1+1, /home/mark/Nextcloud/Documents/School/2026 - Fall/SWE/tmp/build/artifacts/CompiledJvmArtifact/sharedjvm/kotlin-output:/home/mark/Nextcloud/Documents/School/2026 - Fall/SWE/tmp/build/artifacts/CompiledJvmArtifact/sharedjvm/resources-output:/home/mark/.cache/JetBrains/Kotlin/.m2.cache/org/jetbrains/kotlinx/kotlinx-coroutines-swing/1.11.0/kotlinx-coroutines-swing-1.11.0.jar:/home/mark/.cache/JetBrains/Kotlin/.m2.cache/ch/qos/logback/logback-classic/1.6.2/logback-classic-1.6.2.jar:/home/mark/.cache/JetBrains/Kotlin/.m2.cache/org/jetbrains/kotlin/kotlin-stdlib/2.4.20/kotlin-stdlib-2.4.20.jar:/home/mark/.cache/JetBrains/Kotlin/.m2.cache/org/jetbrains/compose/ui/ui-tooling-preview-desktop/1.12.1/ui-tooling-preview-desktop-1.12.1.jar:/home/mark/.cache/JetBrains/Kotlin/.m2.cache/ch/qos/logback/logback-core/1.6.2/logback-core-1.6.2.jar:/home/mark/.cache/JetBrains/Kotlin/.m2.cache/org/slf4j/slf4j-api/2.0.18/slf4j-api-2.0.18.jar:/home/mark/.cache/JetBrains/Kotlin/.m2.cache/org/jetbrains/annotations/23.0.0/annotations-23.0.0.jar:/home/mark/.cache/JetBrains/Kotlin/.m2.cache/org/jetbrains/compose/runtime/runtime-desktop/1.12.1/runtime-desktop-1.12.1.jar:/home/mark/.cache/JetBrains/Kotlin/.m2.cache/org/jetbrains/compose/components/components-resources-desktop/1.12.1/components-resources-desktop-1.12.1.jar:/home/mark/.cache/JetBrains/Kotlin/.m2.cache/org/jetbrains/compose/desktop/desktop-jvm/1.12.1/desktop-jvm-1.12.1.jar:/home/mark/.cache/JetBrains/Kotlin/.m2.cache/org/jetbrains/kotlinx/kotlinx-coroutines-core-jvm/1.11.0/kotlinx-coroutines-core-jvm-1.11.0.jar:/home/mark/.cache/JetBrains/Kotlin/.m2.cache/androidx/annotation/annotation-jvm/1.9.1/annotation-jvm-1.9.1.jar:/home/mark/.cache/JetBrains/Kotlin/.m2.cache/androidx/compose/runtime/runtime-desktop/1.12.1/runtime-desktop-1.12.1.jar:/home/mark/.cache/JetBrains/Kotlin/.m2.cache/org/jetbrains/compose/foundation/foundation-desktop/1.12.1/foundation-desktop-1.12.1.jar:/home/mark/.cache/JetBrains/Kotlin/.m2.cache/org/jetbrains/compose/material/material-desktop/1.12.1/material-desktop-1.12.1.jar:/home/mark/.cache/JetBrains/Kotlin/.m2.cache/org/jetbrains/compose/ui/ui-desktop/1.12.1/ui-desktop-1.12.1.jar:/home/mark/.cache/JetBrains/Kotlin/.m2.cache/androidx/compose/runtime/runtime-annotation-jvm/1.12.1/runtime-annotation-jvm-1.12.1.jar:/home/mark/.cache/JetBrains/Kotlin/.m2.cache/androidx/collection/collection-jvm/1.5.0/collection-jvm-1.5.0.jar:/home/mark/.cache/JetBrains/Kotlin/.m2.cache/org/jetbrains/compose/animation/animation-desktop/1.12.1/animation-desktop-1.12.1.jar:/home/mark/.cache/JetBrains/Kotlin/.m2.cache/org/jetbrains/skiko/skiko-awt/0.150.1/skiko-awt-0.150.1.jar:/home/mark/.cache/JetBrains/Kotlin/.m2.cache/org/jetbrains/compose/animation/animation-core-desktop/1.12.1/animation-core-desktop-1.12.1.jar:/home/mark/.cache/JetBrains/Kotlin/.m2.cache/org/jetbrains/compose/material/material-ripple-desktop/1.12.1/material-ripple-desktop-1.12.1.jar:/home/mark/.cache/JetBrains/Kotlin/.m2.cache/org/jetbrains/compose/ui/ui-text-desktop/1.12.1/ui-text-desktop-1.12.1.jar:/home/mark/.cache/JetBrains/Kotlin/.m2.cache/androidx/compose/runtime/runtime-retain-desktop/1.12.1/runtime-retain-desktop-1.12.1.jar:/home/mark/.cache/JetBrains/Kotlin/.m2.cache/androidx/savedstate/savedstate-compose-desktop/1.4.0/savedstate-compose-desktop-1.4.0.jar:/home/mark/.cache/JetBrains/Kotlin/.m2.cache/org/jetbrains/androidx/lifecycle/lifecycle-runtime-compose-desktop/2.11.0/lifecycle-runtime-compose-desktop-2.11.0.jar:/home/mark/.cache/JetBrains/Kotlin/.m2.cache/org/jetbrains/compose/runtime/runtime-saveable-desktop/1.12.1/runtime-saveable-desktop-1.12.1.jar:/home/mark/.cache/JetBrains/Kotlin/.m2.cache/org/jetbrains/compose/ui/ui-geometry-desktop/1.12.1/ui-geometry-desktop-1.12.1.jar:/home/mark/.cache/JetBrains/Kotlin/.m2.cache/org/jetbrains/compose/ui/ui-graphics-desktop/1.12.1/ui-graphics-desktop-1.12.1.jar:/home/mark/.cache/JetBrains/Kotlin/.m2.cache/org/jetbrains/compose/ui/ui-unit-desktop/1.12.1/ui-unit-desktop-1.12.1.jar:/home/mark/.cache/JetBrains/Kotlin/.m2.cache/org/jetbrains/compose/ui/ui-util-desktop/1.12.1/ui-util-desktop-1.12.1.jar:/home/mark/.cache/JetBrains/Kotlin/.m2.cache/org/jetbrains/compose/foundation/foundation-layout-desktop/1.12.1/foundation-layout-desktop-1.12.1.jar:/home/mark/.cache/JetBrains/Kotlin/.m2.cache/androidx/savedstate/savedstate-desktop/1.4.0/savedstate-desktop-1.4.0.jar:/home/mark/.cache/JetBrains/Kotlin/.m2.cache/androidx/lifecycle/lifecycle-runtime-compose-desktop/2.11.0/lifecycle-runtime-compose-desktop-2.11.0.jar:/home/mark/.cache/JetBrains/Kotlin/.m2.cache/org/jetbrains/androidx/lifecycle/lifecycle-runtime-desktop/2.11.0/lifecycle-runtime-desktop-2.11.0.jar:/home/mark/.cache/JetBrains/Kotlin/.m2.cache/androidx/compose/runtime/runtime-saveable-desktop/1.12.1/runtime-saveable-desktop-1.12.1.jar:/home/mark/.cache/JetBrains/Kotlin/.m2.cache/org/jetbrains/androidx/savedstate/savedstate-compose-desktop/1.3.6/savedstate-compose-desktop-1.3.6.jar:/home/mark/.cache/JetBrains/Kotlin/.m2.cache/org/jetbrains/kotlinx/kotlinx-serialization-core-jvm/1.7.3/kotlinx-serialization-core-jvm-1.7.3.jar:/home/mark/.cache/JetBrains/Kotlin/.m2.cache/androidx/lifecycle/lifecycle-runtime-desktop/2.11.0/lifecycle-runtime-desktop-2.11.0.jar:/home/mark/.cache/JetBrains/Kotlin/.m2.cache/org/jetbrains/androidx/lifecycle/lifecycle-common-jvm/2.11.0/lifecycle-common-jvm-2.11.0.jar:/home/mark/.cache/JetBrains/Kotlin/.m2.cache/androidx/arch/core/core-common/2.2.0/core-common-2.2.0.jar:/home/mark/.cache/JetBrains/Kotlin/.m2.cache/androidx/lifecycle/lifecycle-common-jvm/2.11.0/lifecycle-common-jvm-2.11.0.jar:/home/mark/.cache/JetBrains/Kotlin/.m2.cache/org/jspecify/jspecify/1.0.0/jspecify-1.0.0.jar, desktopApp, plugin:androidx.compose.compiler.plugins.kotlin:generateFunctionKeyMetaAnnotations=true,plugin:androidx.compose.compiler.plugins.kotlin:sourceInformation=true])
00:02.787 DEBUG :desktopApp:compileJvm    KotlinBuildToolsApiKt     Classpath changes info passed from Gradle task: ToBeComputedByIncrementalCompiler
00:02.820 DEBUG :desktopApp:compileJvm    KotlinBuildToolsApiKt     [ClasspathSnapshot] Shrunk current classpath snapshot for diffing, retained 23 / 7924 classes
00:02.820 DEBUG :desktopApp:compileJvm    KotlinBuildToolsApiKt     [ClasspathSnapshot] Loaded shrunk previous classpath snapshot for diffing, found 23 classes
00:02.821 DEBUG :desktopApp:compileJvm    KotlinBuildToolsApiKt     [ClasspathSnapshot] Changed set = ProgramSymbolSet(classes = [], classMembers = {}, packageMembers = {})
00:02.822 DEBUG :desktopApp:compileJvm    KotlinBuildToolsApiKt     [ClasspathSnapshot] Shrunk current classpath snapshot after compilation (shrink mode = UnchangedLookupsChangedClasspath), retained 23 / 7924 classes
00:02.824 DEBUG :desktopApp:compileJvm    KotlinBuildToolsApiKt     Incremental compilation completed
00:02.827 DEBUG :desktopApp:compileJvm    JvmCompileTask            Up-to-date compilation result for fragment 'main' of module 'desktopApp'
00:02.827 DEBUG :desktopApp:compileJvm    JvmCompileTask            Copying resources from '/home/mark/Nextcloud/Documents/School/2026 - Fall/SWE/tmp/desktopApp/resources' to '/home/mark/Nextcloud/Documents/School/2026 - Fall/SWE/tmp/build/artifacts/CompiledJvmArtifact/desktopAppjvm/resources-output'...
00:02.854 DEBUG :desktopApp:compileJvm    IncrementalCache          [inc] ':desktopApp:compileJvm' changes: '/home/mark/Nextcloud/Documents/School/2026 - Fall/SWE/tmp/build/artifacts/CompiledJvmArtifact/desktopAppjvm/resources-output/logback.xml' MODIFIED
00:02.858 DEBUG :desktopApp:hotRunJvm     JdkProvider               JAVA_HOME is not set (or empty). The Kotlin Toolchain will provision a JDK instead.
00:02.859 DEBUG :desktopApp:hotRunJvm     IncrementalCache          [inc] building 'jdk-provisioning_{"majorVersion":25,"distributions":["JetBrainsRuntime"]}'
00:02.874 DEBUG :desktopApp:hotRunJvm     IncrementalCache          [inc] 'jdk-list-download' is up-to-date according to state file at '/home/mark/Nextcloud/Documents/School/2026 - Fall/SWE/tmp/build/incremental.state/jdk-list-download-9a11f15790'
00:03.141 INFO  :desktopApp:hotRunJvm     Downloader                Downloading https://cache-redirector.jetbrains.com/intellij-jbr/jbrsdk-25.0.4.1-linux-x64-b635.70.tar.gz to /home/mark/.cache/JetBrains/Kotlin/download.cache/32578e5ff5-jbrsdk-25.0.4.1-linux-x64-b635.70.tar.gz
00:26.896 DEBUG :desktopApp:hotRunJvm     ExtractKt                 Extracting /home/mark/.cache/JetBrains/Kotlin/download.cache/32578e5ff5-jbrsdk-25.0.4.1-linux-x64-b635.70.tar.gz to /home/mark/.cache/JetBrains/Kotlin/extract.cache/32578e5ff5-jbrsdk-25.0.4.1-linux-x64-b635.70.tar.gz.fb5378.d
00:28.190 DEBUG :desktopApp:hotRunJvm     IncrementalCache          [inc] 'jdk-provisioning_{"majorVersion":25,"distributions":["JetBrainsRuntime"]}' changes: '/home/mark/.cache/JetBrains/Kotlin/extract.cache/32578e5ff5-jbrsdk-25.0.4.1-linux-x64-b635.70.tar.gz.fb5378.d/jbrsdk-25.0.4.1-linux-x64-b635.70/jmods/jdk.localedata.jmod' CREATED, '/home/mark/.cache/JetBrains/Kotlin/extract.cache/32578e5ff5-jbrsdk-25.0.4.1-linux-x64-b635.70.tar.gz.fb5378.d/jbrsdk-25.0.4.1-linux-x64-b635.70/jmods/jdk.management.jmod' CREATED, '/home/mark/.cache/JetBrains/Kotlin/extract.cache/32578e5ff5-jbrsdk-25.0.4.1-linux-x64-b635.70.tar.gz.fb5378.d/jbrsdk-25.0.4.1-linux-x64-b635.70/jmods/java.datatransfer.jmod' CREATED, '/home/mark/.cache/JetBrains/Kotlin/extract.cache/32578e5ff5-jbrsdk-25.0.4.1-linux-x64-b635.70.tar.gz.fb5378.d/jbrsdk-25.0.4.1-linux-x64-b635.70/jmods/java.sql.jmod' CREATED, '/home/mark/.cache/JetBrains/Kotlin/extract.cache/32578e5ff5-jbrsdk-25.0.4.1-linux-x64-b635.70.tar.gz.fb5378.d/jbrsdk-25.0.4.1-linux-x64-b635.70/jmods/jdk.unsupported.jmod' CREATED, '/home/mark/.cache/JetBrains/Kotlin/extract.cache/32578e5ff5-jbrsdk-25.0.4.1-linux-x64-b635.70.tar.gz.fb5378.d/jbrsdk-25.0.4.1-linux-x64-b635.70/jmods/jdk.management.jfr.jmod' CREATED, '/home/mark/.cache/JetBrains/Kotlin/extract.cache/32578e5ff5-jbrsdk-25.0.4.1-linux-x64-b635.70.tar.gz.fb5378.d/jbrsdk-25.0.4.1-linux-x64-b635.70/jmods/jdk.attach.jmod' CREATED, '/home/mark/.cache/JetBrains/Kotlin/extract.cache/32578e5ff5-jbrsdk-25.0.4.1-linux-x64-b635.70.tar.gz.fb5378.d/jbrsdk-25.0.4.1-linux-x64-b635.70/jmods/jdk.httpserver.jmod' CREATED, '/home/mark/.cache/JetBrains/Kotlin/extract.cache/32578e5ff5-jbrsdk-25.0.4.1-linux-x64-b635.70.tar.gz.fb5378.d/jbrsdk-25.0.4.1-linux-x64-b635.70/jmods/java.xml.crypto.jmod' CREATED, '/home/mark/.cache/JetBrains/Kotlin/extract.cache/32578e5ff5-jbrsdk-25.0.4.1-linux-x64-b635.70.tar.gz.fb5378.d/jbrsdk-25.0.4.1-linux-x64-b635.70/jmods/java.rmi.jmod' CREATED, '/home/mark/.cache/JetBrains/Kotlin/extract.cache/32578e5ff5-jbrsdk-25.0.4.1-linux-x64-b635.70.tar.gz.fb5378.d/jbrsdk-25.0.4.1-linux-x64-b635.70/jmods/jdk.jlink.jmod' CREATED, '/home/mark/.cache/JetBrains/Kotlin/extract.cache/32578e5ff5-jbrsdk-25.0.4.1-linux-x64-b635.70.tar.gz.fb5378.d/jbrsdk-25.0.4.1-linux-x64-b635.70/jmods/jdk.internal.le.jmod' CREATED, '/home/mark/.cache/JetBrains/Kotlin/extract.cache/32578e5ff5-jbrsdk-25.0.4.1-linux-x64-b635.70.tar.gz.fb5378.d/jbrsdk-25.0.4.1-linux-x64-b635.70/jmods/jdk.javadoc.jmod' CREATED, '/home/mark/.cache/JetBrains/Kotlin/extract.cache/32578e5ff5-jbrsdk-25.0.4.1-linux-x64-b635.70.tar.gz.fb5378.d/jbrsdk-25.0.4.1-linux-x64-b635.70/jmods/jdk.dynalink.jmod' CREATED, '/home/mark/.cache/JetBrains/Kotlin/extract.cache/32578e5ff5-jbrsdk-25.0.4.1-linux-x64-b635.70.tar.gz.fb5378.d/jbrsdk-25.0.4.1-linux-x64-b635.70/jmods/java.management.jmod' CREATED, '/home/mark/.cache/JetBrains/Kotlin/extract.cache/32578e5ff5-jbrsdk-25.0.4.1-linux-x64-b635.70.tar.gz.fb5378.d/jbrsdk-25.0.4.1-linux-x64-b635.70/jmods/java.se.jmod' CREATED, '/home/mark/.cache/JetBrains/Kotlin/extract.cache/32578e5ff5-jbrsdk-25.0.4.1-linux-x64-b635.70.tar.gz.fb5378.d/jbrsdk-25.0.4.1-linux-x64-b635.70/jmods/jdk.graal.compiler.jmod' CREATED, '/home/mark/.cache/JetBrains/Kotlin/extract.cache/32578e5ff5-jbrsdk-25.0.4.1-linux-x64-b635.70.tar.gz.fb5378.d/jbrsdk-25.0.4.1-linux-x64-b635.70/jmods/java.compiler.jmod' CREATED, '/home/mark/.cache/JetBrains/Kotlin/extract.cache/32578e5ff5-jbrsdk-25.0.4.1-linux-x64-b635.70.tar.gz.fb5378.d/jbrsdk-25.0.4.1-linux-x64-b635.70/jmods/jdk.compiler.jmod' CREATED, '/home/mark/.cache/JetBrains/Kotlin/extract.cache/32578e5ff5-jbrsdk-25.0.4.1-linux-x64-b635.70.tar.gz.fb5378.d/jbrsdk-25.0.4.1-linux-x64-b635.70/jmods/jdk.internal.jvmstat.jmod' CREATED, '/home/mark/.cache/JetBrains/Kotlin/extract.cache/32578e5ff5-jbrsdk-25.0.4.1-linux-x64-b635.70.tar.gz.fb5378.d/jbrsdk-25.0.4.1-linux-x64-b635.70/jmods/jdk.unsupported.desktop.jmod' CREATED, '/home/mark/.cache/JetBrains/Kotlin/extract.cache/32578e5ff5-jbrsdk-25.0.4.1-linux-x64-b635.70.tar.gz.fb5378.d/jbrsdk-25.0.4.1-linux-x64-b635.70/jmods/jdk.internal.vm.ci.jmod' CREATED, '/home/mark/.cache/JetBrains/Kotlin/extract.cache/32578e5ff5-jbrsdk-25.0.4.1-linux-x64-b635.70.tar.gz.fb5378.d/jbrsdk-25.0.4.1-linux-x64-b635.70/jmods/jdk.jsobject.jmod' CREATED, '/home/mark/.cache/JetBrains/Kotlin/extract.cache/32578e5ff5-jbrsdk-25.0.4.1-linux-x64-b635.70.tar.gz.fb5378.d/jbrsdk-25.0.4.1-linux-x64-b635.70/jmods/java.scripting.jmod' CREATED, '/home/mark/.cache/JetBrains/Kotlin/extract.cache/32578e5ff5-jbrsdk-25.0.4.1-linux-x64-b635.70.tar.gz.fb5378.d/jbrsdk-25.0.4.1-linux-x64-b635.70/jmods/jdk.editpad.jmod' CREATED, '/home/mark/.cache/JetBrains/Kotlin/extract.cache/32578e5ff5-jbrsdk-25.0.4.1-linux-x64-b635.70.tar.gz.fb5378.d/jbrsdk-25.0.4.1-linux-x64-b635.70/jmods/jdk.crypto.ec.jmod' CREATED, '/home/mark/.cache/JetBrains/Kotlin/extract.cache/32578e5ff5-jbrsdk-25.0.4.1-linux-x64-b635.70.tar.gz.fb5378.d/jbrsdk-25.0.4.1-linux-x64-b635.70/jmods/java.smartcardio.jmod' CREATED, '/home/mark/.cache/JetBrains/Kotlin/extract.cache/32578e5ff5-jbrsdk-25.0.4.1-linux-x64-b635.70.tar.gz.fb5378.d/jbrsdk-25.0.4.1-linux-x64-b635.70/jmods/jdk.naming.rmi.jmod' CREATED, '/home/mark/.cache/JetBrains/Kotlin/extract.cache/32578e5ff5-jbrsdk-25.0.4.1-linux-x64-b635.70.tar.gz.fb5378.d/jbrsdk-25.0.4.1-linux-x64-b635.70/jmods/java.security.jgss.jmod' CREATED, '/home/mark/.cache/JetBrains/Kotlin/extract.cache/32578e5ff5-jbrsdk-25.0.4.1-linux-x64-b635.70.tar.gz.fb5378.d/jbrsdk-25.0.4.1-linux-x64-b635.70/jmods/jdk.internal.opt.jmod' CREATED, '/home/mark/.cache/JetBrains/Kotlin/extract.cache/32578e5ff5-jbrsdk-25.0.4.1-linux-x64-b635.70.tar.gz.fb5378.d/jbrsdk-25.0.4.1-linux-x64-b635.70/jmods/java.xml.jmod' CREATED, '/home/mark/.cache/JetBrains/Kotlin/extract.cache/32578e5ff5-jbrsdk-25.0.4.1-linux-x64-b635.70.tar.gz.fb5378.d/jbrsdk-25.0.4.1-linux-x64-b635.70/jmods/jdk.xml.dom.jmod' CREATED, '/home/mark/.cache/JetBrains/Kotlin/extract.cache/32578e5ff5-jbrsdk-25.0.4.1-linux-x64-b635.70.tar.gz.fb5378.d/jbrsdk-25.0.4.1-linux-x64-b635.70/jmods/jdk.jconsole.jmod' CREATED, '/home/mark/.cache/JetBrains/Kotlin/extract.cache/32578e5ff5-jbrsdk-25.0.4.1-linux-x64-b635.70.tar.gz.fb5378.d/jbrsdk-25.0.4.1-linux-x64-b635.70/jmods/jdk.graal.compiler.management.jmod' CREATED, '/home/mark/.cache/JetBrains/Kotlin/extract.cache/32578e5ff5-jbrsdk-25.0.4.1-linux-x64-b635.70.tar.gz.fb5378.d/jbrsdk-25.0.4.1-linux-x64-b635.70/jmods/jdk.incubator.vector.jmod' CREATED, '/home/mark/.cache/JetBrains/Kotlin/extract.cache/32578e5ff5-jbrsdk-25.0.4.1-linux-x64-b635.70.tar.gz.fb5378.d/jbrsdk-25.0.4.1-linux-x64-b635.70/jmods/jdk.jstatd.jmod' CREATED, '/home/mark/.cache/JetBrains/Kotlin/extract.cache/32578e5ff5-jbrsdk-25.0.4.1-linux-x64-b635.70.tar.gz.fb5378.d/jbrsdk-25.0.4.1-linux-x64-b635.70/jmods/jdk.jpackage.jmod' CREATED, '/home/mark/.cache/JetBrains/Kotlin/extract.cache/32578e5ff5-jbrsdk-25.0.4.1-linux-x64-b635.70.tar.gz.fb5378.d/jbrsdk-25.0.4.1-linux-x64-b635.70/jmods/jdk.management.agent.jmod' CREATED, '/home/mark/.cache/JetBrains/Kotlin/extract.cache/32578e5ff5-jbrsdk-25.0.4.1-linux-x64-b635.70.tar.gz.fb5378.d/jbrsdk-25.0.4.1-linux-x64-b635.70/jmods/jdk.jcmd.jmod' CREATED, '/home/mark/.cache/JetBrains/Kotlin/extract.cache/32578e5ff5-jbrsdk-25.0.4.1-linux-x64-b635.70.tar.gz.fb5378.d/jbrsdk-25.0.4.1-linux-x64-b635.70/jmods/jdk.sctp.jmod' CREATED, '/home/mark/.cache/JetBrains/Kotlin/extract.cache/32578e5ff5-jbrsdk-25.0.4.1-linux-x64-b635.70.tar.gz.fb5378.d/jbrsdk-25.0.4.1-linux-x64-b635.70/jmods/jdk.jdeps.jmod' CREATED, '/home/mark/.cache/JetBrains/Kotlin/extract.cache/32578e5ff5-jbrsdk-25.0.4.1-linux-x64-b635.70.tar.gz.fb5378.d/jbrsdk-25.0.4.1-linux-x64-b635.70/jmods/jdk.charsets.jmod' CREATED, '/home/mark/.cache/JetBrains/Kotlin/extract.cache/32578e5ff5-jbrsdk-25.0.4.1-linux-x64-b635.70.tar.gz.fb5378.d/jbrsdk-25.0.4.1-linux-x64-b635.70/jmods/java.instrument.jmod' CREATED, '/home/mark/.cache/JetBrains/Kotlin/extract.cache/32578e5ff5-jbrsdk-25.0.4.1-linux-x64-b635.70.tar.gz.fb5378.d/jbrsdk-25.0.4.1-linux-x64-b635.70/jmods/java.management.rmi.jmod' CREATED, '/home/mark/.cache/JetBrains/Kotlin/extract.cache/32578e5ff5-jbrsdk-25.0.4.1-linux-x64-b635.70.tar.gz.fb5378.d/jbrsdk-25.0.4.1-linux-x64-b635.70/jmods/jdk.internal.md.jmod' CREATED, '/home/mark/.cache/JetBrains/Kotlin/extract.cache/32578e5ff5-jbrsdk-25.0.4.1-linux-x64-b635.70.tar.gz.fb5378.d/jbrsdk-25.0.4.1-linux-x64-b635.70/jmods/jdk.jdwp.agent.jmod' CREATED, '/home/mark/.cache/JetBrains/Kotlin/extract.cache/32578e5ff5-jbrsdk-25.0.4.1-linux-x64-b635.70.tar.gz.fb5378.d/jbrsdk-25.0.4.1-linux-x64-b635.70/jmods/jdk.hotspot.agent.jmod' CREATED, '/home/mark/.cache/JetBrains/Kotlin/extract.cache/32578e5ff5-jbrsdk-25.0.4.1-linux-x64-b635.70.tar.gz.fb5378.d/jbrsdk-25.0.4.1-linux-x64-b635.70/jmods/jdk.crypto.cryptoki.jmod' CREATED, '/home/mark/.cache/JetBrains/Kotlin/extract.cache/32578e5ff5-jbrsdk-25.0.4.1-linux-x64-b635.70.tar.gz.fb5378.d/jbrsdk-25.0.4.1-linux-x64-b635.70/jmods/java.logging.jmod' CREATED, '/home/mark/.cache/JetBrains/Kotlin/extract.cache/32578e5ff5-jbrsdk-25.0.4.1-linux-x64-b635.70.tar.gz.fb5378.d/jbrsdk-25.0.4.1-linux-x64-b635.70/jmods/java.naming.jmod' CREATED, '/home/mark/.cache/JetBrains/Kotlin/extract.cache/32578e5ff5-jbrsdk-25.0.4.1-linux-x64-b635.70.tar.gz.fb5378.d/jbrsdk-25.0.4.1-linux-x64-b635.70/jmods/jdk.nio.mapmode.jmod' CREATED, '/home/mark/.cache/JetBrains/Kotlin/extract.cache/32578e5ff5-jbrsdk-25.0.4.1-linux-x64-b635.70.tar.gz.fb5378.d/jbrsdk-25.0.4.1-linux-x64-b635.70/jmods/java.base.jmod' CREATED, '/home/mark/.cache/JetBrains/Kotlin/extract.cache/32578e5ff5-jbrsdk-25.0.4.1-linux-x64-b635.70.tar.gz.fb5378.d/jbrsdk-25.0.4.1-linux-x64-b635.70/jmods/java.prefs.jmod' CREATED, '/home/mark/.cache/JetBrains/Kotlin/extract.cache/32578e5ff5-jbrsdk-25.0.4.1-linux-x64-b635.70.tar.gz.fb5378.d/jbrsdk-25.0.4.1-linux-x64-b635.70/jmods/jdk.accessibility.jmod' CREATED, '/home/mark/.cache/JetBrains/Kotlin/extract.cache/32578e5ff5-jbrsdk-25.0.4.1-linux-x64-b635.70.tar.gz.fb5378.d/jbrsdk-25.0.4.1-linux-x64-b635.70/jmods/jdk.security.auth.jmod' CREATED, '/home/mark/.cache/JetBrains/Kotlin/extract.cache/32578e5ff5-jbrsdk-25.0.4.1-linux-x64-b635.70.tar.gz.fb5378.d/jbrsdk-25.0.4.1-linux-x64-b635.70/jmods/jdk.jfr.jmod' CREATED, '/home/mark/.cache/JetBrains/Kotlin/extract.cache/32578e5ff5-jbrsdk-25.0.4.1-linux-x64-b635.70.tar.gz.fb5378.d/jbrsdk-25.0.4.1-linux-x64-b635.70/jmods/java.desktop.jmod' CREATED, '/home/mark/.cache/JetBrains/Kotlin/extract.cache/32578e5ff5-jbrsdk-25.0.4.1-linux-x64-b635.70.tar.gz.fb5378.d/jbrsdk-25.0.4.1-linux-x64-b635.70/jmods/jdk.jartool.jmod' CREATED, '/home/mark/.cache/JetBrains/Kotlin/extract.cache/32578e5ff5-jbrsdk-25.0.4.1-linux-x64-b635.70.tar.gz.fb5378.d/jbrsdk-25.0.4.1-linux-x64-b635.70/jmods/jdk.net.jmod' CREATED, '/home/mark/.cache/JetBrains/Kotlin/extract.cache/32578e5ff5-jbrsdk-25.0.4.1-linux-x64-b635.70.tar.gz.fb5378.d/jbrsdk-25.0.4.1-linux-x64-b635.70/jmods/jdk.naming.dns.jmod' CREATED, '/home/mark/.cache/JetBrains/Kotlin/extract.cache/32578e5ff5-jbrsdk-25.0.4.1-linux-x64-b635.70.tar.gz.fb5378.d/jbrsdk-25.0.4.1-linux-x64-b635.70/jmods/java.sql.rowset.jmod' CREATED, '/home/mark/.cache/JetBrains/Kotlin/extract.cache/32578e5ff5-jbrsdk-25.0.4.1-linux-x64-b635.70.tar.gz.fb5378.d/jbrsdk-25.0.4.1-linux-x64-b635.70/jmods/jdk.jshell.jmod' CREATED, '/home/mark/.cache/JetBrains/Kotlin/extract.cache/32578e5ff5-jbrsdk-25.0.4.1-linux-x64-b635.70.tar.gz.fb5378.d/jbrsdk-25.0.4.1-linux-x64-b635.70/jmods/jdk.jdi.jmod' CREATED, '/home/mark/.cache/JetBrains/Kotlin/extract.cache/32578e5ff5-jbrsdk-25.0.4.1-linux-x64-b635.70.tar.gz.fb5378.d/jbrsdk-25.0.4.1-linux-x64-b635.70/jmods/jdk.security.jgss.jmod' CREATED, '/home/mark/.cache/JetBrains/Kotlin/extract.cache/32578e5ff5-jbrsdk-25.0.4.1-linux-x64-b635.70.tar.gz.fb5378.d/jbrsdk-25.0.4.1-linux-x64-b635.70/jmods/java.security.sasl.jmod' CREATED, '/home/mark/.cache/JetBrains/Kotlin/extract.cache/32578e5ff5-jbrsdk-25.0.4.1-linux-x64-b635.70.tar.gz.fb5378.d/jbrsdk-25.0.4.1-linux-x64-b635.70/jmods/jdk.internal.ed.jmod' CREATED, '/home/mark/.cache/JetBrains/Kotlin/extract.cache/32578e5ff5-jbrsdk-25.0.4.1-linux-x64-b635.70.tar.gz.fb5378.d/jbrsdk-25.0.4.1-linux-x64-b635.70/jmods/jdk.zipfs.jmod' CREATED, '/home/mark/.cache/JetBrains/Kotlin/extract.cache/32578e5ff5-jbrsdk-25.0.4.1-linux-x64-b635.70.tar.gz.fb5378.d/jbrsdk-25.0.4.1-linux-x64-b635.70/jmods/java.transaction.xa.jmod' CREATED, '/home/mark/.cache/JetBrains/Kotlin/extract.cache/32578e5ff5-jbrsdk-25.0.4.1-linux-x64-b635.70.tar.gz.fb5378.d/jbrsdk-25.0.4.1-linux-x64-b635.70/jmods/java.net.http.jmod' CREATED, '/home/mark/.cache/JetBrains/Kotlin/extract.cache/32578e5ff5-jbrsdk-25.0.4.1-linux-x64-b635.70.tar.gz.fb5378.d/jbrsdk-25.0.4.1-linux-x64-b635.70/lib/libjimage.so' CREATED, '/home/mark/.cache/JetBrains/Kotlin/extract.cache/32578e5ff5-jbrsdk-25.0.4.1-linux-x64-b635.70.tar.gz.fb5378.d/jbrsdk-25.0.4.1-linux-x64-b635.70/lib/libnio.so' CREATED, '/home/mark/.cache/JetBrains/Kotlin/extract.cache/32578e5ff5-jbrsdk-25.0.4.1-linux-x64-b635.70.tar.gz.fb5378.d/jbrsdk-25.0.4.1-linux-x64-b635.70/lib/libmanagement.so' CREATED, '/home/mark/.cache/JetBrains/Kotlin/extract.cache/32578e5ff5-jbrsdk-25.0.4.1-linux-x64-b635.70.tar.gz.fb5378.d/jbrsdk-25.0.4.1-linux-x64-b635.70/lib/libjaas.so' CREATED, '/home/mark/.cache/JetBrains/Kotlin/extract.cache/32578e5ff5-jbrsdk-25.0.4.1-linux-x64-b635.70.tar.gz.fb5378.d/jbrsdk-25.0.4.1-linux-x64-b635.70/lib/libawt_wlawt.so' CREATED, '/home/mark/.cache/JetBrains/Kotlin/extract.cache/32578e5ff5-jbrsdk-25.0.4.1-linux-x64-b635.70.tar.gz.fb5378.d/jbrsdk-25.0.4.1-linux-x64-b635.70/lib/src.zip' CREATED, '/home/mark/.cache/JetBrains/Kotlin/extract.cache/32578e5ff5-jbrsdk-25.0.4.1-linux-x64-b635.70.tar.gz.fb5378.d/jbrsdk-25.0.4.1-linux-x64-b635.70/lib/librmi.so' CREATED, '/home/mark/.cache/JetBrains/Kotlin/extract.cache/32578e5ff5-jbrsdk-25.0.4.1-linux-x64-b635.70.tar.gz.fb5378.d/jbrsdk-25.0.4.1-linux-x64-b635.70/lib/server/classes_nocoops.jsa' CREATED, '/home/mark/.cache/JetBrains/Kotlin/extract.cache/32578e5ff5-jbrsdk-25.0.4.1-linux-x64-b635.70.tar.gz.fb5378.d/jbrsdk-25.0.4.1-linux-x64-b635.70/lib/server/libjsig.so' CREATED, '/home/mark/.cache/JetBrains/Kotlin/extract.cache/32578e5ff5-jbrsdk-25.0.4.1-linux-x64-b635.70.tar.gz.fb5378.d/jbrsdk-25.0.4.1-linux-x64-b635.70/lib/server/classes.jsa' CREATED, '/home/mark/.cache/JetBrains/Kotlin/extract.cache/32578e5ff5-jbrsdk-25.0.4.1-linux-x64-b635.70.tar.gz.fb5378.d/jbrsdk-25.0.4.1-linux-x64-b635.70/lib/server/libjvm.so' CREATED, '/home/mark/.cache/JetBrains/Kotlin/extract.cache/32578e5ff5-jbrsdk-25.0.4.1-linux-x64-b635.70.tar.gz.fb5378.d/jbrsdk-25.0.4.1-linux-x64-b635.70/lib/libj2pkcs11.so' CREATED, '/home/mark/.cache/JetBrains/Kotlin/extract.cache/32578e5ff5-jbrsdk-25.0.4.1-linux-x64-b635.70.tar.gz.fb5378.d/jbrsdk-25.0.4.1-linux-x64-b635.70/lib/libjavajpeg.so' CREATED, '/home/mark/.cache/JetBrains/Kotlin/extract.cache/32578e5ff5-jbrsdk-25.0.4.1-linux-x64-b635.70.tar.gz.fb5378.d/jbrsdk-25.0.4.1-linux-x64-b635.70/lib/jrt-fs.jar' CREATED, '/home/mark/.cache/JetBrains/Kotlin/extract.cache/32578e5ff5-jbrsdk-25.0.4.1-linux-x64-b635.70.tar.gz.fb5378.d/jbrsdk-25.0.4.1-linux-x64-b635.70/lib/libfontmanager.so' CREATED, '/home/mark/.cache/JetBrains/Kotlin/extract.cache/32578e5ff5-jbrsdk-25.0.4.1-linux-x64-b635.70.tar.gz.fb5378.d/jbrsdk-25.0.4.1-linux-x64-b635.70/lib/libmlib_image.so' CREATED, '/home/mark/.cache/JetBrains/Kotlin/extract.cache/32578e5ff5-jbrsdk-25.0.4.1-linux-x64-b635.70.tar.gz.fb5378.d/jbrsdk-25.0.4.1-linux-x64-b635.70/lib/libwlsplashscreen.so' CREATED, '/home/mark/.cache/JetBrains/Kotlin/extract.cache/32578e5ff5-jbrsdk-25.0.4.1-linux-x64-b635.70.tar.gz.fb5378.d/jbrsdk-25.0.4.1-linux-x64-b635.70/lib/security/blocked.certs' CREATED, '/home/mark/.cache/JetBrains/Kotlin/extract.cache/32578e5ff5-jbrsdk-25.0.4.1-linux-x64-b635.70.tar.gz.fb5378.d/jbrsdk-25.0.4.1-linux-x64-b635.70/lib/security/public_suffix_list.dat' CREATED, '/home/mark/.cache/JetBrains/Kotlin/extract.cache/32578e5ff5-jbrsdk-25.0.4.1-linux-x64-b635.70.tar.gz.fb5378.d/jbrsdk-25.0.4.1-linux-x64-b635.70/lib/security/cacerts' CREATED, '/home/mark/.cache/JetBrains/Kotlin/extract.cache/32578e5ff5-jbrsdk-25.0.4.1-linux-x64-b635.70.tar.gz.fb5378.d/jbrsdk-25.0.4.1-linux-x64-b635.70/lib/libjava.so' CREATED, '/home/mark/.cache/JetBrains/Kotlin/extract.cache/32578e5ff5-jbrsdk-25.0.4.1-linux-x64-b635.70.tar.gz.fb5378.d/jbrsdk-25.0.4.1-linux-x64-b635.70/lib/libprefs.so' CREATED, '/home/mark/.cache/JetBrains/Kotlin/extract.cache/32578e5ff5-jbrsdk-25.0.4.1-linux-x64-b635.70.tar.gz.fb5378.d/jbrsdk-25.0.4.1-linux-x64-b635.70/lib/classlist' CREATED, '/home/mark/.cache/JetBrains/Kotlin/extract.cache/32578e5ff5-jbrsdk-25.0.4.1-linux-x64-b635.70.tar.gz.fb5378.d/jbrsdk-25.0.4.1-linux-x64-b635.70/lib/libfontmanager_xawt.so' CREATED, '/home/mark/.cache/JetBrains/Kotlin/extract.cache/32578e5ff5-jbrsdk-25.0.4.1-linux-x64-b635.70.tar.gz.fb5378.d/jbrsdk-25.0.4.1-linux-x64-b635.70/lib/libsyslookup.so' CREATED, '/home/mark/.cache/JetBrains/Kotlin/extract.cache/32578e5ff5-jbrsdk-25.0.4.1-linux-x64-b635.70.tar.gz.fb5378.d/jbrsdk-25.0.4.1-linux-x64-b635.70/lib/libzip.so' CREATED, '/home/mark/.cache/JetBrains/Kotlin/extract.cache/32578e5ff5-jbrsdk-25.0.4.1-linux-x64-b635.70.tar.gz.fb5378.d/jbrsdk-25.0.4.1-linux-x64-b635.70/lib/libawt.so' CREATED, '/home/mark/.cache/JetBrains/Kotlin/extract.cache/32578e5ff5-jbrsdk-25.0.4.1-linux-x64-b635.70.tar.gz.fb5378.d/jbrsdk-25.0.4.1-linux-x64-b635.70/lib/jvm.cfg' CREATED, '/home/mark/.cache/JetBrains/Kotlin/extract.cache/32578e5ff5-jbrsdk-25.0.4.1-linux-x64-b635.70.tar.gz.fb5378.d/jbrsdk-25.0.4.1-linux-x64-b635.70/lib/fonts/DroidSans.ttf' CREATED, '/home/mark/.cache/JetBrains/Kotlin/extract.cache/32578e5ff5-jbrsdk-25.0.4.1-linux-x64-b635.70.tar.gz.fb5378.d/jbrsdk-25.0.4.1-linux-x64-b635.70/lib/fonts/Roboto-Thin.ttf' CREATED, '/home/mark/.cache/JetBrains/Kotlin/extract.cache/32578e5ff5-jbrsdk-25.0.4.1-linux-x64-b635.70.tar.gz.fb5378.d/jbrsdk-25.0.4.1-linux-x64-b635.70/lib/fonts/DroidSansMono.ttf' CREATED, '/home/mark/.cache/JetBrains/Kotlin/extract.cache/32578e5ff5-jbrsdk-25.0.4.1-linux-x64-b635.70.tar.gz.fb5378.d/jbrsdk-25.0.4.1-linux-x64-b635.70/lib/fonts/DroidSerif-Italic.ttf' CREATED, '/home/mark/.cache/JetBrains/Kotlin/extract.cache/32578e5ff5-jbrsdk-25.0.4.1-linux-x64-b635.70.tar.gz.fb5378.d/jbrsdk-25.0.4.1-linux-x64-b635.70/lib/fonts/Inter-Italic.otf' CREATED, '/home/mark/.cache/JetBrains/Kotlin/extract.cache/32578e5ff5-jbrsdk-25.0.4.1-linux-x64-b635.70.tar.gz.fb5378.d/jbrsdk-25.0.4.1-linux-x64-b635.70/lib/fonts/font.conf' CREATED, '/home/mark/.cache/JetBrains/Kotlin/extract.cache/32578e5ff5-jbrsdk-25.0.4.1-linux-x64-b635.70.tar.gz.fb5378.d/jbrsdk-25.0.4.1-linux-x64-b635.70/lib/fonts/JetBrainsMono-MediumItalic.ttf' CREATED, '/home/mark/.cache/JetBrains/Kotlin/extract.cache/32578e5ff5-jbrsdk-25.0.4.1-linux-x64-b635.70.tar.gz.fb5378.d/jbrsdk-25.0.4.1-linux-x64-b635.70/lib/fonts/DroidSansMonoDotted.ttf' CREATED, '/home/mark/.cache/JetBrains/Kotlin/extract.cache/32578e5ff5-jbrsdk-25.0.4.1-linux-x64-b635.70.tar.gz.fb5378.d/jbrsdk-25.0.4.1-linux-x64-b635.70/lib/fonts/JetBrainsMono-ExtraBold.ttf' CREATED, '/home/mark/.cache/JetBrains/Kotlin/extract.cache/32578e5ff5-jbrsdk-25.0.4.1-linux-x64-b635.70.tar.gz.fb5378.d/jbrsdk-25.0.4.1-linux-x64-b635.70/lib/fonts/JetBrainsMono-SemiBoldItalic.ttf' CREATED, '/home/mark/.cache/JetBrains/Kotlin/extract.cache/32578e5ff5-jbrsdk-25.0.4.1-linux-x64-b635.70.tar.gz.fb5378.d/jbrsdk-25.0.4.1-linux-x64-b635.70/lib/fonts/JetBrainsMono-Thin.ttf' CREATED, '/home/mark/.cache/JetBrains/Kotlin/extract.cache/32578e5ff5-jbrsdk-25.0.4.1-linux-x64-b635.70.tar.gz.fb5378.d/jbrsdk-25.0.4.1-linux-x64-b635.70/lib/fonts/JetBrainsMono-BoldItalic.ttf' CREATED, '/home/mark/.cache/JetBrains/Kotlin/extract.cache/32578e5ff5-jbrsdk-25.0.4.1-linux-x64-b635.70.tar.gz.fb5378.d/jbrsdk-25.0.4.1-linux-x64-b635.70/lib/fonts/FiraCode-Retina.ttf' CREATED, '/home/mark/.cache/JetBrains/Kotlin/extract.cache/32578e5ff5-jbrsdk-25.0.4.1-linux-x64-b635.70.tar.gz.fb5378.d/jbrsdk-25.0.4.1-linux-x64-b635.70/lib/fonts/JetBrainsMono-LightItalic.ttf' CREATED, '/home/mark/.cache/JetBrains/Kotlin/extract.cache/32578e5ff5-jbrsdk-25.0.4.1-linux-x64-b635.70.tar.gz.fb5378.d/jbrsdk-25.0.4.1-linux-x64-b635.70/lib/fonts/DroidSerif-Regular.ttf' CREATED, '/home/mark/.cache/JetBrains/Kotlin/extract.cache/32578e5ff5-jbrsdk-25.0.4.1-linux-x64-b635.70.tar.gz.fb5378.d/jbrsdk-25.0.4.1-linux-x64-b635.70/lib/fonts/JetBrainsMono-ExtraLightItalic.ttf' CREATED, '/home/mark/.cache/JetBrains/Kotlin/extract.cache/32578e5ff5-jbrsdk-25.0.4.1-linux-x64-b635.70.tar.gz.fb5378.d/jbrsdk-25.0.4.1-linux-x64-b635.70/lib/fonts/JetBrainsMono-ExtraLight.ttf' CREATED, '/home/mark/.cache/JetBrains/Kotlin/extract.cache/32578e5ff5-jbrsdk-25.0.4.1-linux-x64-b635.70.tar.gz.fb5378.d/jbrsdk-25.0.4.1-linux-x64-b635.70/lib/fonts/SourceCodePro-Bold.ttf' CREATED, '/home/mark/.cache/JetBrains/Kotlin/extract.cache/32578e5ff5-jbrsdk-25.0.4.1-linux-x64-b635.70.tar.gz.fb5378.d/jbrsdk-25.0.4.1-linux-x64-b635.70/lib/fonts/fonts.dir' CREATED, '/home/mark/.cache/JetBrains/Kotlin/extract.cache/32578e5ff5-jbrsdk-25.0.4.1-linux-x64-b635.70.tar.gz.fb5378.d/jbrsdk-25.0.4.1-linux-x64-b635.70/lib/fonts/JetBrainsMono-Italic.ttf' CREATED, '/home/mark/.cache/JetBrains/Kotlin/extract.cache/32578e5ff5-jbrsdk-25.0.4.1-linux-x64-b635.70.tar.gz.fb5378.d/jbrsdk-25.0.4.1-linux-x64-b635.70/lib/fonts/Inter-SemiBoldItalic.otf' CREATED, '/home/mark/.cache/JetBrains/Kotlin/extract.cache/32578e5ff5-jbrsdk-25.0.4.1-linux-x64-b635.70.tar.gz.fb5378.d/jbrsdk-25.0.4.1-linux-x64-b635.70/lib/fonts/Inter-Regular.otf' CREATED, '/home/mark/.cache/JetBrains/Kotlin/extract.cache/32578e5ff5-jbrsdk-25.0.4.1-linux-x64-b635.70.tar.gz.fb5378.d/jbrsdk-25.0.4.1-linux-x64-b635.70/lib/fonts/JetBrainsMono-ExtraBoldItalic.ttf' CREATED, '/home/mark/.cache/JetBrains/Kotlin/extract.cache/32578e5ff5-jbrsdk-25.0.4.1-linux-x64-b635.70.tar.gz.fb5378.d/jbrsdk-25.0.4.1-linux-x64-b635.70/lib/fonts/SourceCodePro-It.ttf' CREATED, '/home/mark/.cache/JetBrains/Kotlin/extract.cache/32578e5ff5-jbrsdk-25.0.4.1-linux-x64-b635.70.tar.gz.fb5378.d/jbrsdk-25.0.4.1-linux-x64-b635.70/lib/fonts/JetBrainsMono-Regular.ttf' CREATED, '/home/mark/.cache/JetBrains/Kotlin/extract.cache/32578e5ff5-jbrsdk-25.0.4.1-linux-x64-b635.70.tar.gz.fb5378.d/jbrsdk-25.0.4.1-linux-x64-b635.70/lib/fonts/JetBrainsMono-Medium.ttf' CREATED, '/home/mark/.cache/JetBrains/Kotlin/extract.cache/32578e5ff5-jbrsdk-25.0.4.1-linux-x64-b635.70.tar.gz.fb5378.d/jbrsdk-25.0.4.1-linux-x64-b635.70/lib/fonts/DroidSerif-Bold.ttf' CREATED, '/home/mark/.cache/JetBrains/Kotlin/extract.cache/32578e5ff5-jbrsdk-25.0.4.1-linux-x64-b635.70.tar.gz.fb5378.d/jbrsdk-25.0.4.1-linux-x64-b635.70/lib/fonts/SourceCodePro-Regular.ttf' CREATED, '/home/mark/.cache/JetBrains/Kotlin/extract.cache/32578e5ff5-jbrsdk-25.0.4.1-linux-x64-b635.70.tar.gz.fb5378.d/jbrsdk-25.0.4.1-linux-x64-b635.70/lib/fonts/Inconsolata.ttf' CREATED, '/home/mark/.cache/JetBrains/Kotlin/extract.cache/32578e5ff5-jbrsdk-25.0.4.1-linux-x64-b635.70.tar.gz.fb5378.d/jbrsdk-25.0.4.1-linux-x64-b635.70/lib/fonts/DroidSerif-BoldItalic.ttf' CREATED, '/home/mark/.cache/JetBrains/Kotlin/extract.cache/32578e5ff5-jbrsdk-25.0.4.1-linux-x64-b635.70.tar.gz.fb5378.d/jbrsdk-25.0.4.1-linux-x64-b635.70/lib/fonts/FiraCode-Light.ttf' CREATED, '/home/mark/.cache/JetBrains/Kotlin/extract.cache/32578e5ff5-jbrsdk-25.0.4.1-linux-x64-b635.70.tar.gz.fb5378.d/jbrsdk-25.0.4.1-linux-x64-b635.70/lib/fonts/Roboto-Light.ttf' CREATED, '/home/mark/.cache/JetBrains/Kotlin/extract.cache/32578e5ff5-jbrsdk-25.0.4.1-linux-x64-b635.70.tar.gz.fb5378.d/jbrsdk-25.0.4.1-linux-x64-b635.70/lib/fonts/JetBrainsMono-Bold.ttf' CREATED, '/home/mark/.cache/JetBrains/Kotlin/extract.cache/32578e5ff5-jbrsdk-25.0.4.1-linux-x64-b635.70.tar.gz.fb5378.d/jbrsdk-25.0.4.1-linux-x64-b635.70/lib/fonts/JetBrainsMono-SemiBold.ttf' CREATED, '/home/mark/.cache/JetBrains/Kotlin/extract.cache/32578e5ff5-jbrsdk-25.0.4.1-linux-x64-b635.70.tar.gz.fb5378.d/jbrsdk-25.0.4.1-linux-x64-b635.70/lib/fonts/SourceCodePro-BoldIt.ttf' CREATED, '/home/mark/.cache/JetBrains/Kotlin/extract.cache/32578e5ff5-jbrsdk-25.0.4.1-linux-x64-b635.70.tar.gz.fb5378.d/jbrsdk-25.0.4.1-linux-x64-b635.70/lib/fonts/JetBrainsMono-ThinItalic.ttf' CREATED, '/home/mark/.cache/JetBrains/Kotlin/extract.cache/32578e5ff5-jbrsdk-25.0.4.1-linux-x64-b635.70.tar.gz.fb5378.d/jbrsdk-25.0.4.1-linux-x64-b635.70/lib/fonts/FiraCode-Medium.ttf' CREATED, '/home/mark/.cache/JetBrains/Kotlin/extract.cache/32578e5ff5-jbrsdk-25.0.4.1-linux-x64-b635.70.tar.gz.fb5378.d/jbrsdk-25.0.4.1-linux-x64-b635.70/lib/fonts/JetBrainsMono-Light.ttf' CREATED, '/home/mark/.cache/JetBrains/Kotlin/extract.cache/32578e5ff5-jbrsdk-25.0.4.1-linux-x64-b635.70.tar.gz.fb5378.d/jbrsdk-25.0.4.1-linux-x64-b635.70/lib/fonts/FiraCode-Bold.ttf' CREATED, '/home/mark/.cache/JetBrains/Kotlin/extract.cache/32578e5ff5-jbrsdk-25.0.4.1-linux-x64-b635.70.tar.gz.fb5378.d/jbrsdk-25.0.4.1-linux-x64-b635.70/lib/fonts/FiraCode-Regular.ttf' CREATED, '/home/mark/.cache/JetBrains/Kotlin/extract.cache/32578e5ff5-jbrsdk-25.0.4.1-linux-x64-b635.70.tar.gz.fb5378.d/jbrsdk-25.0.4.1-linux-x64-b635.70/lib/fonts/DroidSansMonoSlashed.ttf' CREATED, '/home/mark/.cache/JetBrains/Kotlin/extract.cache/32578e5ff5-jbrsdk-25.0.4.1-linux-x64-b635.70.tar.gz.fb5378.d/jbrsdk-25.0.4.1-linux-x64-b635.70/lib/fonts/DroidSans-Bold.ttf' CREATED, '/home/mark/.cache/JetBrains/Kotlin/extract.cache/32578e5ff5-jbrsdk-25.0.4.1-linux-x64-b635.70.tar.gz.fb5378.d/jbrsdk-25.0.4.1-linux-x64-b635.70/lib/fonts/Inter-SemiBold.otf' CREATED, '/home/mark/.cache/JetBrains/Kotlin/extract.cache/32578e5ff5-jbrsdk-25.0.4.1-linux-x64-b635.70.tar.gz.fb5378.d/jbrsdk-25.0.4.1-linux-x64-b635.70/lib/libjsig.so' CREATED, '/home/mark/.cache/JetBrains/Kotlin/extract.cache/32578e5ff5-jbrsdk-25.0.4.1-linux-x64-b635.70.tar.gz.fb5378.d/jbrsdk-25.0.4.1-linux-x64-b635.70/lib/modules' CREATED, '/home/mark/.cache/JetBrains/Kotlin/extract.cache/32578e5ff5-jbrsdk-25.0.4.1-linux-x64-b635.70.tar.gz.fb5378.d/jbrsdk-25.0.4.1-linux-x64-b635.70/lib/libjawt.so' CREATED, '/home/mark/.cache/JetBrains/Kotlin/extract.cache/32578e5ff5-jbrsdk-25.0.4.1-linux-x64-b635.70.tar.gz.fb5378.d/jbrsdk-25.0.4.1-linux-x64-b635.70/lib/jexec' CREATED, '/home/mark/.cache/JetBrains/Kotlin/extract.cache/32578e5ff5-jbrsdk-25.0.4.1-linux-x64-b635.70.tar.gz.fb5378.d/jbrsdk-25.0.4.1-linux-x64-b635.70/lib/jfr/profile.jfc' CREATED, '/home/mark/.cache/JetBrains/Kotlin/extract.cache/32578e5ff5-jbrsdk-25.0.4.1-linux-x64-b635.70.tar.gz.fb5378.d/jbrsdk-25.0.4.1-linux-x64-b635.70/lib/jfr/default.jfc' CREATED, '/home/mark/.cache/JetBrains/Kotlin/extract.cache/32578e5ff5-jbrsdk-25.0.4.1-linux-x64-b635.70.tar.gz.fb5378.d/jbrsdk-25.0.4.1-linux-x64-b635.70/lib/libverify.so' CREATED, '/home/mark/.cache/JetBrains/Kotlin/extract.cache/32578e5ff5-jbrsdk-25.0.4.1-linux-x64-b635.70.tar.gz.fb5378.d/jbrsdk-25.0.4.1-linux-x64-b635.70/lib/libsaproc.so' CREATED, '/home/mark/.cache/JetBrains/Kotlin/extract.cache/32578e5ff5-jbrsdk-25.0.4.1-linux-x64-b635.70.tar.gz.fb5378.d/jbrsdk-25.0.4.1-linux-x64-b635.70/lib/libattach.so' CREATED, '/home/mark/.cache/JetBrains/Kotlin/extract.cache/32578e5ff5-jbrsdk-25.0.4.1-linux-x64-b635.70.tar.gz.fb5378.d/jbrsdk-25.0.4.1-linux-x64-b635.70/lib/psfontj2d.properties' CREATED, '/home/mark/.cache/JetBrains/Kotlin/extract.cache/32578e5ff5-jbrsdk-25.0.4.1-linux-x64-b635.70.tar.gz.fb5378.d/jbrsdk-25.0.4.1-linux-x64-b635.70/lib/libjsound.so' CREATED, '/home/mark/.cache/JetBrains/Kotlin/extract.cache/32578e5ff5-jbrsdk-25.0.4.1-linux-x64-b635.70.tar.gz.fb5378.d/jbrsdk-25.0.4.1-linux-x64-b635.70/lib/libjsvml.so' CREATED, '/home/mark/.cache/JetBrains/Kotlin/extract.cache/32578e5ff5-jbrsdk-25.0.4.1-linux-x64-b635.70.tar.gz.fb5378.d/jbrsdk-25.0.4.1-linux-x64-b635.70/lib/libawt_xawt.so' CREATED, '/home/mark/.cache/JetBrains/Kotlin/extract.cache/32578e5ff5-jbrsdk-25.0.4.1-linux-x64-b635.70.tar.gz.fb5378.d/jbrsdk-25.0.4.1-linux-x64-b635.70/lib/libsplashscreen.so' CREATED, '/home/mark/.cache/JetBrains/Kotlin/extract.cache/32578e5ff5-jbrsdk-25.0.4.1-linux-x64-b635.70.tar.gz.fb5378.d/jbrsdk-25.0.4.1-linux-x64-b635.70/lib/liblcms.so' CREATED, '/home/mark/.cache/JetBrains/Kotlin/extract.cache/32578e5ff5-jbrsdk-25.0.4.1-linux-x64-b635.70.tar.gz.fb5378.d/jbrsdk-25.0.4.1-linux-x64-b635.70/lib/libjdwp.so' CREATED, '/home/mark/.cache/JetBrains/Kotlin/extract.cache/32578e5ff5-jbrsdk-25.0.4.1-linux-x64-b635.70.tar.gz.fb5378.d/jbrsdk-25.0.4.1-linux-x64-b635.70/lib/libextnet.so' CREATED, '/home/mark/.cache/JetBrains/Kotlin/extract.cache/32578e5ff5-jbrsdk-25.0.4.1-linux-x64-b635.70.tar.gz.fb5378.d/jbrsdk-25.0.4.1-linux-x64-b635.70/lib/libdt_socket.so' CREATED, '/home/mark/.cache/JetBrains/Kotlin/extract.cache/32578e5ff5-jbrsdk-25.0.4.1-linux-x64-b635.70.tar.gz.fb5378.d/jbrsdk-25.0.4.1-linux-x64-b635.70/lib/libawt_headless.so' CREATED, '/home/mark/.cache/JetBrains/Kotlin/extract.cache/32578e5ff5-jbrsdk-25.0.4.1-linux-x64-b635.70.tar.gz.fb5378.d/jbrsdk-25.0.4.1-linux-x64-b635.70/lib/tzdb.dat' CREATED, '/home/mark/.cache/JetBrains/Kotlin/extract.cache/32578e5ff5-jbrsdk-25.0.4.1-linux-x64-b635.70.tar.gz.fb5378.d/jbrsdk-25.0.4.1-linux-x64-b635.70/lib/libjli.so' CREATED, '/home/mark/.cache/JetBrains/Kotlin/extract.cache/32578e5ff5-jbrsdk-25.0.4.1-linux-x64-b635.70.tar.gz.fb5378.d/jbrsdk-25.0.4.1-linux-x64-b635.70/lib/libsctp.so' CREATED, '/home/mark/.cache/JetBrains/Kotlin/extract.cache/32578e5ff5-jbrsdk-25.0.4.1-linux-x64-b635.70.tar.gz.fb5378.d/jbrsdk-25.0.4.1-linux-x64-b635.70/lib/libmanagement_ext.so' CREATED, '/home/mark/.cache/JetBrains/Kotlin/extract.cache/32578e5ff5-jbrsdk-25.0.4.1-linux-x64-b635.70.tar.gz.fb5378.d/jbrsdk-25.0.4.1-linux-x64-b635.70/lib/libj2gss.so' CREATED, '/home/mark/.cache/JetBrains/Kotlin/extract.cache/32578e5ff5-jbrsdk-25.0.4.1-linux-x64-b635.70.tar.gz.fb5378.d/jbrsdk-25.0.4.1-linux-x64-b635.70/lib/jspawnhelper' CREATED, '/home/mark/.cache/JetBrains/Kotlin/extract.cache/32578e5ff5-jbrsdk-25.0.4.1-linux-x64-b635.70.tar.gz.fb5378.d/jbrsdk-25.0.4.1-linux-x64-b635.70/lib/ct.sym' CREATED, '/home/mark/.cache/JetBrains/Kotlin/extract.cache/32578e5ff5-jbrsdk-25.0.4.1-linux-x64-b635.70.tar.gz.fb5378.d/jbrsdk-25.0.4.1-linux-x64-b635.70/lib/libsimdsort.so' CREATED, '/home/mark/.cache/JetBrains/Kotlin/extract.cache/32578e5ff5-jbrsdk-25.0.4.1-linux-x64-b635.70.tar.gz.fb5378.d/jbrsdk-25.0.4.1-linux-x64-b635.70/lib/libinstrument.so' CREATED, '/home/mark/.cache/JetBrains/Kotlin/extract.cache/32578e5ff5-jbrsdk-25.0.4.1-linux-x64-b635.70.tar.gz.fb5378.d/jbrsdk-25.0.4.1-linux-x64-b635.70/lib/libnet.so' CREATED, '/home/mark/.cache/JetBrains/Kotlin/extract.cache/32578e5ff5-jbrsdk-25.0.4.1-linux-x64-b635.70.tar.gz.fb5378.d/jbrsdk-25.0.4.1-linux-x64-b635.70/lib/libmanagement_agent.so' CREATED, '/home/mark/.cache/JetBrains/Kotlin/extract.cache/32578e5ff5-jbrsdk-25.0.4.1-linux-x64-b635.70.tar.gz.fb5378.d/jbrsdk-25.0.4.1-linux-x64-b635.70/lib/psfont.properties.ja' CREATED, '/home/mark/.cache/JetBrains/Kotlin/extract.cache/32578e5ff5-jbrsdk-25.0.4.1-linux-x64-b635.70.tar.gz.fb5378.d/jbrsdk-25.0.4.1-linux-x64-b635.70/lib/libj2pcsc.so' CREATED, '/home/mark/.cache/JetBrains/Kotlin/extract.cache/32578e5ff5-jbrsdk-25.0.4.1-linux-x64-b635.70.tar.gz.fb5378.d/jbrsdk-25.0.4.1-linux-x64-b635.70/include/classfile_constants.h' CREATED, '/home/mark/.cache/JetBrains/Kotlin/extract.cache/32578e5ff5-jbrsdk-25.0.4.1-linux-x64-b635.70.tar.gz.fb5378.d/jbrsdk-25.0.4.1-linux-x64-b635.70/include/jdwpTransport.h' CREATED, '/home/mark/.cache/JetBrains/Kotlin/extract.cache/32578e5ff5-jbrsdk-25.0.4.1-linux-x64-b635.70.tar.gz.fb5378.d/jbrsdk-25.0.4.1-linux-x64-b635.70/include/linux/jni_md.h' CREATED, '/home/mark/.cache/JetBrains/Kotlin/extract.cache/32578e5ff5-jbrsdk-25.0.4.1-linux-x64-b635.70.tar.gz.fb5378.d/jbrsdk-25.0.4.1-linux-x64-b635.70/include/linux/jawt_md.h' CREATED, '/home/mark/.cache/JetBrains/Kotlin/extract.cache/32578e5ff5-jbrsdk-25.0.4.1-linux-x64-b635.70.tar.gz.fb5378.d/jbrsdk-25.0.4.1-linux-x64-b635.70/include/jni.h' CREATED, '/home/mark/.cache/JetBrains/Kotlin/extract.cache/32578e5ff5-jbrsdk-25.0.4.1-linux-x64-b635.70.tar.gz.fb5378.d/jbrsdk-25.0.4.1-linux-x64-b635.70/include/jvmticmlr.h' CREATED, '/home/mark/.cache/JetBrains/Kotlin/extract.cache/32578e5ff5-jbrsdk-25.0.4.1-linux-x64-b635.70.tar.gz.fb5378.d/jbrsdk-25.0.4.1-linux-x64-b635.70/include/jvmti.h' CREATED, '/home/mark/.cache/JetBrains/Kotlin/extract.cache/32578e5ff5-jbrsdk-25.0.4.1-linux-x64-b635.70.tar.gz.fb5378.d/jbrsdk-25.0.4.1-linux-x64-b635.70/include/jawt.h' CREATED, '/home/mark/.cache/JetBrains/Kotlin/extract.cache/32578e5ff5-jbrsdk-25.0.4.1-linux-x64-b635.70.tar.gz.fb5378.d/jbrsdk-25.0.4.1-linux-x64-b635.70/release' CREATED, '/home/mark/.cache/JetBrains/Kotlin/extract.cache/32578e5ff5-jbrsdk-25.0.4.1-linux-x64-b635.70.tar.gz.fb5378.d/jbrsdk-25.0.4.1-linux-x64-b635.70/conf/logging.properties' CREATED, '/home/mark/.cache/JetBrains/Kotlin/extract.cache/32578e5ff5-jbrsdk-25.0.4.1-linux-x64-b635.70.tar.gz.fb5378.d/jbrsdk-25.0.4.1-linux-x64-b635.70/conf/security/java.security' CREATED, '/home/mark/.cache/JetBrains/Kotlin/extract.cache/32578e5ff5-jbrsdk-25.0.4.1-linux-x64-b635.70.tar.gz.fb5378.d/jbrsdk-25.0.4.1-linux-x64-b635.70/conf/security/policy/limited/default_local.policy' CREATED, '/home/mark/.cache/JetBrains/Kotlin/extract.cache/32578e5ff5-jbrsdk-25.0.4.1-linux-x64-b635.70.tar.gz.fb5378.d/jbrsdk-25.0.4.1-linux-x64-b635.70/conf/security/policy/limited/default_US_export.policy' CREATED, '/home/mark/.cache/JetBrains/Kotlin/extract.cache/32578e5ff5-jbrsdk-25.0.4.1-linux-x64-b635.70.tar.gz.fb5378.d/jbrsdk-25.0.4.1-linux-x64-b635.70/conf/security/policy/limited/exempt_local.policy' CREATED, '/home/mark/.cache/JetBrains/Kotlin/extract.cache/32578e5ff5-jbrsdk-25.0.4.1-linux-x64-b635.70.tar.gz.fb5378.d/jbrsdk-25.0.4.1-linux-x64-b635.70/conf/security/policy/unlimited/default_local.policy' CREATED, '/home/mark/.cache/JetBrains/Kotlin/extract.cache/32578e5ff5-jbrsdk-25.0.4.1-linux-x64-b635.70.tar.gz.fb5378.d/jbrsdk-25.0.4.1-linux-x64-b635.70/conf/security/policy/unlimited/default_US_export.policy' CREATED, '/home/mark/.cache/JetBrains/Kotlin/extract.cache/32578e5ff5-jbrsdk-25.0.4.1-linux-x64-b635.70.tar.gz.fb5378.d/jbrsdk-25.0.4.1-linux-x64-b635.70/conf/security/policy/README.txt' CREATED, '/home/mark/.cache/JetBrains/Kotlin/extract.cache/32578e5ff5-jbrsdk-25.0.4.1-linux-x64-b635.70.tar.gz.fb5378.d/jbrsdk-25.0.4.1-linux-x64-b635.70/conf/management/management.properties' CREATED, '/home/mark/.cache/JetBrains/Kotlin/extract.cache/32578e5ff5-jbrsdk-25.0.4.1-linux-x64-b635.70.tar.gz.fb5378.d/jbrsdk-25.0.4.1-linux-x64-b635.70/conf/management/jmxremote.password.template' CREATED, '/home/mark/.cache/JetBrains/Kotlin/extract.cache/32578e5ff5-jbrsdk-25.0.4.1-linux-x64-b635.70.tar.gz.fb5378.d/jbrsdk-25.0.4.1-linux-x64-b635.70/conf/management/jmxremote.access' CREATED, '/home/mark/.cache/JetBrains/Kotlin/extract.cache/32578e5ff5-jbrsdk-25.0.4.1-linux-x64-b635.70.tar.gz.fb5378.d/jbrsdk-25.0.4.1-linux-x64-b635.70/conf/jaxp.properties' CREATED, '/home/mark/.cache/JetBrains/Kotlin/extract.cache/32578e5ff5-jbrsdk-25.0.4.1-linux-x64-b635.70.tar.gz.fb5378.d/jbrsdk-25.0.4.1-linux-x64-b635.70/conf/jaxp-strict.properties.template' CREATED, '/home/mark/.cache/JetBrains/Kotlin/extract.cache/32578e5ff5-jbrsdk-25.0.4.1-linux-x64-b635.70.tar.gz.fb5378.d/jbrsdk-25.0.4.1-linux-x64-b635.70/conf/sdp/sdp.conf.template' CREATED, '/home/mark/.cache/JetBrains/Kotlin/extract.cache/32578e5ff5-jbrsdk-25.0.4.1-linux-x64-b635.70.tar.gz.fb5378.d/jbrsdk-25.0.4.1-linux-x64-b635.70/conf/sound.properties' CREATED, '/home/mark/.cache/JetBrains/Kotlin/extract.cache/32578e5ff5-jbrsdk-25.0.4.1-linux-x64-b635.70.tar.gz.fb5378.d/jbrsdk-25.0.4.1-linux-x64-b635.70/conf/net.properties' CREATED, '/home/mark/.cache/JetBrains/Kotlin/extract.cache/32578e5ff5-jbrsdk-25.0.4.1-linux-x64-b635.70.tar.gz.fb5378.d/jbrsdk-25.0.4.1-linux-x64-b635.70/legal/java.datatransfer/LICENSE' CREATED, '/home/mark/.cache/JetBrains/Kotlin/extract.cache/32578e5ff5-jbrsdk-25.0.4.1-linux-x64-b635.70.tar.gz.fb5378.d/jbrsdk-25.0.4.1-linux-x64-b635.70/legal/java.datatransfer/ADDITIONAL_LICENSE_INFO' CREATED, '/home/mark/.cache/JetBrains/Kotlin/extract.cache/32578e5ff5-jbrsdk-25.0.4.1-linux-x64-b635.70.tar.gz.fb5378.d/jbrsdk-25.0.4.1-linux-x64-b635.70/legal/java.datatransfer/README.JAVASE' CREATED, '/home/mark/.cache/JetBrains/Kotlin/extract.cache/32578e5ff5-jbrsdk-25.0.4.1-linux-x64-b635.70.tar.gz.fb5378.d/jbrsdk-25.0.4.1-linux-x64-b635.70/legal/java.datatransfer/ASSEMBLY_EXCEPTION' CREATED, '/home/mark/.cache/JetBrains/Kotlin/extract.cache/32578e5ff5-jbrsdk-25.0.4.1-linux-x64-b635.70.tar.gz.fb5378.d/jbrsdk-25.0.4.1-linux-x64-b635.70/legal/jdk.crypto.ec/LICENSE' CREATED, '/home/mark/.cache/JetBrains/Kotlin/extract.cache/32578e5ff5-jbrsdk-25.0.4.1-linux-x64-b635.70.tar.gz.fb5378.d/jbrsdk-25.0.4.1-linux-x64-b635.70/legal/jdk.crypto.ec/ADDITIONAL_LICENSE_INFO' CREATED, '/home/mark/.cache/JetBrains/Kotlin/extract.cache/32578e5ff5-jbrsdk-25.0.4.1-linux-x64-b635.70.tar.gz.fb5378.d/jbrsdk-25.0.4.1-linux-x64-b635.70/legal/jdk.crypto.ec/README.JAVASE' CREATED, '/home/mark/.cache/JetBrains/Kotlin/extract.cache/32578e5ff5-jbrsdk-25.0.4.1-linux-x64-b635.70.tar.gz.fb5378.d/jbrsdk-25.0.4.1-linux-x64-b635.70/legal/jdk.crypto.ec/ASSEMBLY_EXCEPTION' CREATED, '/home/mark/.cache/JetBrains/Kotlin/extract.cache/32578e5ff5-jbrsdk-25.0.4.1-linux-x64-b635.70.tar.gz.fb5378.d/jbrsdk-25.0.4.1-linux-x64-b635.70/legal/jdk.accessibility/LICENSE' CREATED, '/home/mark/.cache/JetBrains/Kotlin/extract.cache/32578e5ff5-jbrsdk-25.0.4.1-linux-x64-b635.70.tar.gz.fb5378.d/jbrsdk-25.0.4.1-linux-x64-b635.70/legal/jdk.accessibility/ADDITIONAL_LICENSE_INFO' CREATED, '/home/mark/.cache/JetBrains/Kotlin/extract.cache/32578e5ff5-jbrsdk-25.0.4.1-linux-x64-b635.70.tar.gz.fb5378.d/jbrsdk-25.0.4.1-linux-x64-b635.70/legal/jdk.accessibility/README.JAVASE' CREATED, '/home/mark/.cache/JetBrains/Kotlin/extract.cache/32578e5ff5-jbrsdk-25.0.4.1-linux-x64-b635.70.tar.gz.fb5378.d/jbrsdk-25.0.4.1-linux-x64-b635.70/legal/jdk.accessibility/ASSEMBLY_EXCEPTION' CREATED, '/home/mark/.cache/JetBrains/Kotlin/extract.cache/32578e5ff5-jbrsdk-25.0.4.1-linux-x64-b635.70.tar.gz.fb5378.d/jbrsdk-25.0.4.1-linux-x64-b635.70/legal/java.prefs/LICENSE' CREATED, '/home/mark/.cache/JetBrains/Kotlin/extract.cache/32578e5ff5-jbrsdk-25.0.4.1-linux-x64-b635.70.tar.gz.fb5378.d/jbrsdk-25.0.4.1-linux-x64-b635.70/legal/java.prefs/ADDITIONAL_LICENSE_INFO' CREATED, '/home/mark/.cache/JetBrains/Kotlin/extract.cache/32578e5ff5-jbrsdk-25.0.4.1-linux-x64-b635.70.tar.gz.fb5378.d/jbrsdk-25.0.4.1-linux-x64-b635.70/legal/java.prefs/README.JAVASE' CREATED, '/home/mark/.cache/JetBrains/Kotlin/extract.cache/32578e5ff5-jbrsdk-25.0.4.1-linux-x64-b635.70.tar.gz.fb5378.d/jbrsdk-25.0.4.1-linux-x64-b635.70/legal/java.prefs/ASSEMBLY_EXCEPTION' CREATED, '/home/mark/.cache/JetBrains/Kotlin/extract.cache/32578e5ff5-jbrsdk-25.0.4.1-linux-x64-b635.70.tar.gz.fb5378.d/jbrsdk-25.0.4.1-linux-x64-b635.70/legal/jdk.dynalink/LICENSE' CREATED, '/home/mark/.cache/JetBrains/Kotlin/extract.cache/32578e5ff5-jbrsdk-25.0.4.1-linux-x64-b635.70.tar.gz.fb5378.d/jbrsdk-25.0.4.1-linux-x64-b635.70/legal/jdk.dynalink/ADDITIONAL_LICENSE_INFO' CREATED, '/home/mark/.cache/JetBrains/Kotlin/extract.cache/32578e5ff5-jbrsdk-25.0.4.1-linux-x64-b635.70.tar.gz.fb5378.d/jbrsdk-25.0.4.1-linux-x64-b635.70/legal/jdk.dynalink/README.JAVASE' CREATED, '/home/mark/.cache/JetBrains/Kotlin/extract.cache/32578e5ff5-jbrsdk-25.0.4.1-linux-x64-b635.70.tar.gz.fb5378.d/jbrsdk-25.0.4.1-linux-x64-b635.70/legal/jdk.dynalink/ASSEMBLY_EXCEPTION' CREATED, '/home/mark/.cache/JetBrains/Kotlin/extract.cache/32578e5ff5-jbrsdk-25.0.4.1-linux-x64-b635.70.tar.gz.fb5378.d/jbrsdk-25.0.4.1-linux-x64-b635.70/legal/jdk.dynalink/dynalink.md' CREATED, '/home/mark/.cache/JetBrains/Kotlin/extract.cache/32578e5ff5-jbrsdk-25.0.4.1-linux-x64-b635.70.tar.gz.fb5378.d/jbrsdk-25.0.4.1-linux-x64-b635.70/legal/jdk.management.agent/LICENSE' CREATED, '/home/mark/.cache/JetBrains/Kotlin/extract.cache/32578e5ff5-jbrsdk-25.0.4.1-linux-x64-b635.70.tar.gz.fb5378.d/jbrsdk-25.0.4.1-linux-x64-b635.70/legal/jdk.management.agent/ADDITIONAL_LICENSE_INFO' CREATED, '/home/mark/.cache/JetBrains/Kotlin/extract.cache/32578e5ff5-jbrsdk-25.0.4.1-linux-x64-b635.70.tar.gz.fb5378.d/jbrsdk-25.0.4.1-linux-x64-b635.70/legal/jdk.management.agent/README.JAVASE' CREATED, '/home/mark/.cache/JetBrains/Kotlin/extract.cache/32578e5ff5-jbrsdk-25.0.4.1-linux-x64-b635.70.tar.gz.fb5378.d/jbrsdk-25.0.4.1-linux-x64-b635.70/legal/jdk.management.agent/ASSEMBLY_EXCEPTION' CREATED, '/home/mark/.cache/JetBrains/Kotlin/extract.cache/32578e5ff5-jbrsdk-25.0.4.1-linux-x64-b635.70.tar.gz.fb5378.d/jbrsdk-25.0.4.1-linux-x64-b635.70/legal/jdk.incubator.vector/LICENSE' CREATED, '/home/mark/.cache/JetBrains/Kotlin/extract.cache/32578e5ff5-jbrsdk-25.0.4.1-linux-x64-b635.70.tar.gz.fb5378.d/jbrsdk-25.0.4.1-linux-x64-b635.70/legal/jdk.incubator.vector/sleef.md' CREATED, '/home/mark/.cache/JetBrains/Kotlin/extract.cache/32578e5ff5-jbrsdk-25.0.4.1-linux-x64-b635.70.tar.gz.fb5378.d/jbrsdk-25.0.4.1-linux-x64-b635.70/legal/jdk.incubator.vector/ADDITIONAL_LICENSE_INFO' CREATED, '/home/mark/.cache/JetBrains/Kotlin/extract.cache/32578e5ff5-jbrsdk-25.0.4.1-linux-x64-b635.70.tar.gz.fb5378.d/jbrsdk-25.0.4.1-linux-x64-b635.70/legal/jdk.incubator.vector/README.JAVASE' CREATED, '/home/mark/.cache/JetBrains/Kotlin/extract.cache/32578e5ff5-jbrsdk-25.0.4.1-linux-x64-b635.70.tar.gz.fb5378.d/jbrsdk-25.0.4.1-linux-x64-b635.70/legal/jdk.incubator.vector/ASSEMBLY_EXCEPTION' CREATED, '/home/mark/.cache/JetBrains/Kotlin/extract.cache/32578e5ff5-jbrsdk-25.0.4.1-linux-x64-b635.70.tar.gz.fb5378.d/jbrsdk-25.0.4.1-linux-x64-b635.70/legal/java.se/LICENSE' CREATED, '/home/mark/.cache/JetBrains/Kotlin/extract.cache/32578e5ff5-jbrsdk-25.0.4.1-linux-x64-b635.70.tar.gz.fb5378.d/jbrsdk-25.0.4.1-linux-x64-b635.70/legal/java.se/ADDITIONAL_LICENSE_INFO' CREATED, '/home/mark/.cache/JetBrains/Kotlin/extract.cache/32578e5ff5-jbrsdk-25.0.4.1-linux-x64-b635.70.tar.gz.fb5378.d/jbrsdk-25.0.4.1-linux-x64-b635.70/legal/java.se/README.JAVASE' CREATED, '/home/mark/.cache/JetBrains/Kotlin/extract.cache/32578e5ff5-jbrsdk-25.0.4.1-linux-x64-b635.70.tar.gz.fb5378.d/jbrsdk-25.0.4.1-linux-x64-b635.70/legal/java.se/ASSEMBLY_EXCEPTION' CREATED, '/home/mark/.cache/JetBrains/Kotlin/extract.cache/32578e5ff5-jbrsdk-25.0.4.1-linux-x64-b635.70.tar.gz.fb5378.d/jbrsdk-25.0.4.1-linux-x64-b635.70/legal/jdk.nio.mapmode/LICENSE' CREATED, '/home/mark/.cache/JetBrains/Kotlin/extract.cache/32578e5ff5-jbrsdk-25.0.4.1-linux-x64-b635.70.tar.gz.fb5378.d/jbrsdk-25.0.4.1-linux-x64-b635.70/legal/jdk.nio.mapmode/ADDITIONAL_LICENSE_INFO' CREATED, '/home/mark/.cache/JetBrains/Kotlin/extract.cache/32578e5ff5-jbrsdk-25.0.4.1-linux-x64-b635.70.tar.gz.fb5378.d/jbrsdk-25.0.4.1-linux-x64-b635.70/legal/jdk.nio.mapmode/README.JAVASE' CREATED, '/home/mark/.cache/JetBrains/Kotlin/extract.cache/32578e5ff5-jbrsdk-25.0.4.1-linux-x64-b635.70.tar.gz.fb5378.d/jbrsdk-25.0.4.1-linux-x64-b635.70/legal/jdk.nio.mapmode/ASSEMBLY_EXCEPTION' CREATED, '/home/mark/.cache/JetBrains/Kotlin/extract.cache/32578e5ff5-jbrsdk-25.0.4.1-linux-x64-b635.70.tar.gz.fb5378.d/jbrsdk-25.0.4.1-linux-x64-b635.70/legal/jdk.jlink/LICENSE' CREATED, '/home/mark/.cache/JetBrains/Kotlin/extract.cache/32578e5ff5-jbrsdk-25.0.4.1-linux-x64-b635.70.tar.gz.fb5378.d/jbrsdk-25.0.4.1-linux-x64-b635.70/legal/jdk.jlink/ADDITIONAL_LICENSE_INFO' CREATED, '/home/mark/.cache/JetBrains/Kotlin/extract.cache/32578e5ff5-jbrsdk-25.0.4.1-linux-x64-b635.70.tar.gz.fb5378.d/jbrsdk-25.0.4.1-linux-x64-b635.70/legal/jdk.jlink/README.JAVASE' CREATED, '/home/mark/.cache/JetBrains/Kotlin/extract.cache/32578e5ff5-jbrsdk-25.0.4.1-linux-x64-b635.70.tar.gz.fb5378.d/jbrsdk-25.0.4.1-linux-x64-b635.70/legal/jdk.jlink/ASSEMBLY_EXCEPTION' CREATED, '/home/mark/.cache/JetBrains/Kotlin/extract.cache/32578e5ff5-jbrsdk-25.0.4.1-linux-x64-b635.70.tar.gz.fb5378.d/jbrsdk-25.0.4.1-linux-x64-b635.70/legal/jdk.compiler/LICENSE' CREATED, '/home/mark/.cache/JetBrains/Kotlin/extract.cache/32578e5ff5-jbrsdk-25.0.4.1-linux-x64-b635.70.tar.gz.fb5378.d/jbrsdk-25.0.4.1-linux-x64-b635.70/legal/jdk.compiler/ADDITIONAL_LICENSE_INFO' CREATED, '/home/mark/.cache/JetBrains/Kotlin/extract.cache/32578e5ff5-jbrsdk-25.0.4.1-linux-x64-b635.70.tar.gz.fb5378.d/jbrsdk-25.0.4.1-linux-x64-b635.70/legal/jdk.compiler/README.JAVASE' CREATED, '/home/mark/.cache/JetBrains/Kotlin/extract.cache/32578e5ff5-jbrsdk-25.0.4.1-linux-x64-b635.70.tar.gz.fb5378.d/jbrsdk-25.0.4.1-linux-x64-b635.70/legal/jdk.compiler/ASSEMBLY_EXCEPTION' CREATED, '/home/mark/.cache/JetBrains/Kotlin/extract.cache/32578e5ff5-jbrsdk-25.0.4.1-linux-x64-b635.70.tar.gz.fb5378.d/jbrsdk-25.0.4.1-linux-x64-b635.70/legal/jdk.charsets/LICENSE' CREATED, '/home/mark/.cache/JetBrains/Kotlin/extract.cache/32578e5ff5-jbrsdk-25.0.4.1-linux-x64-b635.70.tar.gz.fb5378.d/jbrsdk-25.0.4.1-linux-x64-b635.70/legal/jdk.charsets/ADDITIONAL_LICENSE_INFO' CREATED, '/home/mark/.cache/JetBrains/Kotlin/extract.cache/32578e5ff5-jbrsdk-25.0.4.1-linux-x64-b635.70.tar.gz.fb5378.d/jbrsdk-25.0.4.1-linux-x64-b635.70/legal/jdk.charsets/README.JAVASE' CREATED, '/home/mark/.cache/JetBrains/Kotlin/extract.cache/32578e5ff5-jbrsdk-25.0.4.1-linux-x64-b635.70.tar.gz.fb5378.d/jbrsdk-25.0.4.1-linux-x64-b635.70/legal/jdk.charsets/ASSEMBLY_EXCEPTION' CREATED, '/home/mark/.cache/JetBrains/Kotlin/extract.cache/32578e5ff5-jbrsdk-25.0.4.1-linux-x64-b635.70.tar.gz.fb5378.d/jbrsdk-25.0.4.1-linux-x64-b635.70/legal/jdk.graal.compiler.management/LICENSE' CREATED, '/home/mark/.cache/JetBrains/Kotlin/extract.cache/32578e5ff5-jbrsdk-25.0.4.1-linux-x64-b635.70.tar.gz.fb5378.d/jbrsdk-25.0.4.1-linux-x64-b635.70/legal/jdk.graal.compiler.management/ADDITIONAL_LICENSE_INFO' CREATED, '/home/mark/.cache/JetBrains/Kotlin/extract.cache/32578e5ff5-jbrsdk-25.0.4.1-linux-x64-b635.70.tar.gz.fb5378.d/jbrsdk-25.0.4.1-linux-x64-b635.70/legal/jdk.graal.compiler.management/README.JAVASE' CREATED, '/home/mark/.cache/JetBrains/Kotlin/extract.cache/32578e5ff5-jbrsdk-25.0.4.1-linux-x64-b635.70.tar.gz.fb5378.d/jbrsdk-25.0.4.1-linux-x64-b635.70/legal/jdk.graal.compiler.management/ASSEMBLY_EXCEPTION' CREATED, '/home/mark/.cache/JetBrains/Kotlin/extract.cache/32578e5ff5-jbrsdk-25.0.4.1-linux-x64-b635.70.tar.gz.fb5378.d/jbrsdk-25.0.4.1-linux-x64-b635.70/legal/jdk.naming.rmi/LICENSE' CREATED, '/home/mark/.cache/JetBrains/Kotlin/extract.cache/32578e5ff5-jbrsdk-25.0.4.1-linux-x64-b635.70.tar.gz.fb5378.d/jbrsdk-25.0.4.1-linux-x64-b635.70/legal/jdk.naming.rmi/ADDITIONAL_LICENSE_INFO' CREATED, '/home/mark/.cache/JetBrains/Kotlin/extract.cache/32578e5ff5-jbrsdk-25.0.4.1-linux-x64-b635.70.tar.gz.fb5378.d/jbrsdk-25.0.4.1-linux-x64-b635.70/legal/jdk.naming.rmi/README.JAVASE' CREATED, '/home/mark/.cache/JetBrains/Kotlin/extract.cache/32578e5ff5-jbrsdk-25.0.4.1-linux-x64-b635.70.tar.gz.fb5378.d/jbrsdk-25.0.4.1-linux-x64-b635.70/legal/jdk.naming.rmi/ASSEMBLY_EXCEPTION' CREATED, '/home/mark/.cache/JetBrains/Kotlin/extract.cache/32578e5ff5-jbrsdk-25.0.4.1-linux-x64-b635.70.tar.gz.fb5378.d/jbrsdk-25.0.4.1-linux-x64-b635.70/legal/jdk.management.jfr/LICENSE' CREATED, '/home/mark/.cache/JetBrains/Kotlin/extract.cache/32578e5ff5-jbrsdk-25.0.4.1-linux-x64-b635.70.tar.gz.fb5378.d/jbrsdk-25.0.4.1-linux-x64-b635.70/legal/jdk.management.jfr/ADDITIONAL_LICENSE_INFO' CREATED, '/home/mark/.cache/JetBrains/Kotlin/extract.cache/32578e5ff5-jbrsdk-25.0.4.1-linux-x64-b635.70.tar.gz.fb5378.d/jbrsdk-25.0.4.1-linux-x64-b635.70/legal/jdk.management.jfr/README.JAVASE' CREATED, '/home/mark/.cache/JetBrains/Kotlin/extract.cache/32578e5ff5-jbrsdk-25.0.4.1-linux-x64-b635.70.tar.gz.fb5378.d/jbrsdk-25.0.4.1-linux-x64-b635.70/legal/jdk.management.jfr/ASSEMBLY_EXCEPTION' CREATED, '/home/mark/.cache/JetBrains/Kotlin/extract.cache/32578e5ff5-jbrsdk-25.0.4.1-linux-x64-b635.70.tar.gz.fb5378.d/jbrsdk-25.0.4.1-linux-x64-b635.70/legal/jdk.hotspot.agent/LICENSE' CREATED, '/home/mark/.cache/JetBrains/Kotlin/extract.cache/32578e5ff5-jbrsdk-25.0.4.1-linux-x64-b635.70.tar.gz.fb5378.d/jbrsdk-25.0.4.1-linux-x64-b635.70/legal/jdk.hotspot.agent/ADDITIONAL_LICENSE_INFO' CREATED, '/home/mark/.cache/JetBrains/Kotlin/extract.cache/32578e5ff5-jbrsdk-25.0.4.1-linux-x64-b635.70.tar.gz.fb5378.d/jbrsdk-25.0.4.1-linux-x64-b635.70/legal/jdk.hotspot.agent/README.JAVASE' CREATED, '/home/mark/.cache/JetBrains/Kotlin/extract.cache/32578e5ff5-jbrsdk-25.0.4.1-linux-x64-b635.70.tar.gz.fb5378.d/jbrsdk-25.0.4.1-linux-x64-b635.70/legal/jdk.hotspot.agent/ASSEMBLY_EXCEPTION' CREATED, '/home/mark/.cache/JetBrains/Kotlin/extract.cache/32578e5ff5-jbrsdk-25.0.4.1-linux-x64-b635.70.tar.gz.fb5378.d/jbrsdk-25.0.4.1-linux-x64-b635.70/legal/jdk.security.jgss/LICENSE' CREATED, '/home/mark/.cache/JetBrains/Kotlin/extract.cache/32578e5ff5-jbrsdk-25.0.4.1-linux-x64-b635.70.tar.gz.fb5378.d/jbrsdk-25.0.4.1-linux-x64-b635.70/legal/jdk.security.jgss/ADDITIONAL_LICENSE_INFO' CREATED, '/home/mark/.cache/JetBrains/Kotlin/extract.cache/32578e5ff5-jbrsdk-25.0.4.1-linux-x64-b635.70.tar.gz.fb5378.d/jbrsdk-25.0.4.1-linux-x64-b635.70/legal/jdk.security.jgss/README.JAVASE' CREATED, '/home/mark/.cache/JetBrains/Kotlin/extract.cache/32578e5ff5-jbrsdk-25.0.4.1-linux-x64-b635.70.tar.gz.fb5378.d/jbrsdk-25.0.4.1-linux-x64-b635.70/legal/jdk.security.jgss/ASSEMBLY_EXCEPTION' CREATED, '/home/mark/.cache/JetBrains/Kotlin/extract.cache/32578e5ff5-jbrsdk-25.0.4.1-linux-x64-b635.70.tar.gz.fb5378.d/jbrsdk-25.0.4.1-linux-x64-b635.70/legal/jdk.unsupported/LICENSE' CREATED, '/home/mark/.cache/JetBrains/Kotlin/extract.cache/32578e5ff5-jbrsdk-25.0.4.1-linux-x64-b635.70.tar.gz.fb5378.d/jbrsdk-25.0.4.1-linux-x64-b635.70/legal/jdk.unsupported/ADDITIONAL_LICENSE_INFO' CREATED, '/home/mark/.cache/JetBrains/Kotlin/extract.cache/32578e5ff5-jbrsdk-25.0.4.1-linux-x64-b635.70.tar.gz.fb5378.d/jbrsdk-25.0.4.1-linux-x64-b635.70/legal/jdk.unsupported/README.JAVASE' CREATED, '/home/mark/.cache/JetBrains/Kotlin/extract.cache/32578e5ff5-jbrsdk-25.0.4.1-linux-x64-b635.70.tar.gz.fb5378.d/jbrsdk-25.0.4.1-linux-x64-b635.70/legal/jdk.unsupported/ASSEMBLY_EXCEPTION' CREATED, '/home/mark/.cache/JetBrains/Kotlin/extract.cache/32578e5ff5-jbrsdk-25.0.4.1-linux-x64-b635.70.tar.gz.fb5378.d/jbrsdk-25.0.4.1-linux-x64-b635.70/legal/java.desktop/colorimaging.md' CREATED, '/home/mark/.cache/JetBrains/Kotlin/extract.cache/32578e5ff5-jbrsdk-25.0.4.1-linux-x64-b635.70.tar.gz.fb5378.d/jbrsdk-25.0.4.1-linux-x64-b635.70/legal/java.desktop/LICENSE' CREATED, '/home/mark/.cache/JetBrains/Kotlin/extract.cache/32578e5ff5-jbrsdk-25.0.4.1-linux-x64-b635.70.tar.gz.fb5378.d/jbrsdk-25.0.4.1-linux-x64-b635.70/legal/java.desktop/pipewire.md' CREATED, '/home/mark/.cache/JetBrains/Kotlin/extract.cache/32578e5ff5-jbrsdk-25.0.4.1-linux-x64-b635.70.tar.gz.fb5378.d/jbrsdk-25.0.4.1-linux-x64-b635.70/legal/java.desktop/ADDITIONAL_LICENSE_INFO' CREATED, '/home/mark/.cache/JetBrains/Kotlin/extract.cache/32578e5ff5-jbrsdk-25.0.4.1-linux-x64-b635.70.tar.gz.fb5378.d/jbrsdk-25.0.4.1-linux-x64-b635.70/legal/java.desktop/README.JAVASE' CREATED, '/home/mark/.cache/JetBrains/Kotlin/extract.cache/32578e5ff5-jbrsdk-25.0.4.1-linux-x64-b635.70.tar.gz.fb5378.d/jbrsdk-25.0.4.1-linux-x64-b635.70/legal/java.desktop/ASSEMBLY_EXCEPTION' CREATED, '/home/mark/.cache/JetBrains/Kotlin/extract.cache/32578e5ff5-jbrsdk-25.0.4.1-linux-x64-b635.70.tar.gz.fb5378.d/jbrsdk-25.0.4.1-linux-x64-b635.70/legal/java.desktop/harfbuzz.md' CREATED, '/home/mark/.cache/JetBrains/Kotlin/extract.cache/32578e5ff5-jbrsdk-25.0.4.1-linux-x64-b635.70.tar.gz.fb5378.d/jbrsdk-25.0.4.1-linux-x64-b635.70/legal/java.desktop/mesa3d.md' CREATED, '/home/mark/.cache/JetBrains/Kotlin/extract.cache/32578e5ff5-jbrsdk-25.0.4.1-linux-x64-b635.70.tar.gz.fb5378.d/jbrsdk-25.0.4.1-linux-x64-b635.70/legal/java.desktop/giflib.md' CREATED, '/home/mark/.cache/JetBrains/Kotlin/extract.cache/32578e5ff5-jbrsdk-25.0.4.1-linux-x64-b635.70.tar.gz.fb5378.d/jbrsdk-25.0.4.1-linux-x64-b635.70/legal/java.desktop/xwd.md' CREATED, '/home/mark/.cache/JetBrains/Kotlin/extract.cache/32578e5ff5-jbrsdk-25.0.4.1-linux-x64-b635.70.tar.gz.fb5378.d/jbrsdk-25.0.4.1-linux-x64-b635.70/legal/java.desktop/lcms.md' CREATED, '/home/mark/.cache/JetBrains/Kotlin/extract.cache/32578e5ff5-jbrsdk-25.0.4.1-linux-x64-b635.70.tar.gz.fb5378.d/jbrsdk-25.0.4.1-linux-x64-b635.70/legal/java.desktop/jpeg.md' CREATED, '/home/mark/.cache/JetBrains/Kotlin/extract.cache/32578e5ff5-jbrsdk-25.0.4.1-linux-x64-b635.70.tar.gz.fb5378.d/jbrsdk-25.0.4.1-linux-x64-b635.70/legal/java.desktop/libpng.md' CREATED, '/home/mark/.cache/JetBrains/Kotlin/extract.cache/32578e5ff5-jbrsdk-25.0.4.1-linux-x64-b635.70.tar.gz.fb5378.d/jbrsdk-25.0.4.1-linux-x64-b635.70/legal/jdk.attach/LICENSE' CREATED, '/home/mark/.cache/JetBrains/Kotlin/extract.cache/32578e5ff5-jbrsdk-25.0.4.1-linux-x64-b635.70.tar.gz.fb5378.d/jbrsdk-25.0.4.1-linux-x64-b635.70/legal/jdk.attach/ADDITIONAL_LICENSE_INFO' CREATED, '/home/mark/.cache/JetBrains/Kotlin/extract.cache/32578e5ff5-jbrsdk-25.0.4.1-linux-x64-b635.70.tar.gz.fb5378.d/jbrsdk-25.0.4.1-linux-x64-b635.70/legal/jdk.attach/README.JAVASE' CREATED, '/home/mark/.cache/JetBrains/Kotlin/extract.cache/32578e5ff5-jbrsdk-25.0.4.1-linux-x64-b635.70.tar.gz.fb5378.d/jbrsdk-25.0.4.1-linux-x64-b635.70/legal/jdk.attach/ASSEMBLY_EXCEPTION' CREATED, '/home/mark/.cache/JetBrains/Kotlin/extract.cache/32578e5ff5-jbrsdk-25.0.4.1-linux-x64-b635.70.tar.gz.fb5378.d/jbrsdk-25.0.4.1-linux-x64-b635.70/legal/jdk.internal.le/LICENSE' CREATED, '/home/mark/.cache/JetBrains/Kotlin/extract.cache/32578e5ff5-jbrsdk-25.0.4.1-linux-x64-b635.70.tar.gz.fb5378.d/jbrsdk-25.0.4.1-linux-x64-b635.70/legal/jdk.internal.le/ADDITIONAL_LICENSE_INFO' CREATED, '/home/mark/.cache/JetBrains/Kotlin/extract.cache/32578e5ff5-jbrsdk-25.0.4.1-linux-x64-b635.70.tar.gz.fb5378.d/jbrsdk-25.0.4.1-linux-x64-b635.70/legal/jdk.internal.le/README.JAVASE' CREATED, '/home/mark/.cache/JetBrains/Kotlin/extract.cache/32578e5ff5-jbrsdk-25.0.4.1-linux-x64-b635.70.tar.gz.fb5378.d/jbrsdk-25.0.4.1-linux-x64-b635.70/legal/jdk.internal.le/ASSEMBLY_EXCEPTION' CREATED, '/home/mark/.cache/JetBrains/Kotlin/extract.cache/32578e5ff5-jbrsdk-25.0.4.1-linux-x64-b635.70.tar.gz.fb5378.d/jbrsdk-25.0.4.1-linux-x64-b635.70/legal/jdk.internal.le/jline.md' CREATED, '/home/mark/.cache/JetBrains/Kotlin/extract.cache/32578e5ff5-jbrsdk-25.0.4.1-linux-x64-b635.70.tar.gz.fb5378.d/jbrsdk-25.0.4.1-linux-x64-b635.70/legal/jdk.internal.opt/LICENSE' CREATED, '/home/mark/.cache/JetBrains/Kotlin/extract.cache/32578e5ff5-jbrsdk-25.0.4.1-linux-x64-b635.70.tar.gz.fb5378.d/jbrsdk-25.0.4.1-linux-x64-b635.70/legal/jdk.internal.opt/ADDITIONAL_LICENSE_INFO' CREATED, '/home/mark/.cache/JetBrains/Kotlin/extract.cache/32578e5ff5-jbrsdk-25.0.4.1-linux-x64-b635.70.tar.gz.fb5378.d/jbrsdk-25.0.4.1-linux-x64-b635.70/legal/jdk.internal.opt/README.JAVASE' CREATED, '/home/mark/.cache/JetBrains/Kotlin/extract.cache/32578e5ff5-jbrsdk-25.0.4.1-linux-x64-b635.70.tar.gz.fb5378.d/jbrsdk-25.0.4.1-linux-x64-b635.70/legal/jdk.internal.opt/ASSEMBLY_EXCEPTION' CREATED, '/home/mark/.cache/JetBrains/Kotlin/extract.cache/32578e5ff5-jbrsdk-25.0.4.1-linux-x64-b635.70.tar.gz.fb5378.d/jbrsdk-25.0.4.1-linux-x64-b635.70/legal/jdk.internal.opt/jopt-simple.md' CREATED, '/home/mark/.cache/JetBrains/Kotlin/extract.cache/32578e5ff5-jbrsdk-25.0.4.1-linux-x64-b635.70.tar.gz.fb5378.d/jbrsdk-25.0.4.1-linux-x64-b635.70/legal/java.sql/LICENSE' CREATED, '/home/mark/.cache/JetBrains/Kotlin/extract.cache/32578e5ff5-jbrsdk-25.0.4.1-linux-x64-b635.70.tar.gz.fb5378.d/jbrsdk-25.0.4.1-linux-x64-b635.70/legal/java.sql/ADDITIONAL_LICENSE_INFO' CREATED, '/home/mark/.cache/JetBrains/Kotlin/extract.cache/32578e5ff5-jbrsdk-25.0.4.1-linux-x64-b635.70.tar.gz.fb5378.d/jbrsdk-25.0.4.1-linux-x64-b635.70/legal/java.sql/README.JAVASE' CREATED, '/home/mark/.cache/JetBrains/Kotlin/extract.cache/32578e5ff5-jbrsdk-25.0.4.1-linux-x64-b635.70.tar.gz.fb5378.d/jbrsdk-25.0.4.1-linux-x64-b635.70/legal/java.sql/ASSEMBLY_EXCEPTION' CREATED, '/home/mark/.cache/JetBrains/Kotlin/extract.cache/32578e5ff5-jbrsdk-25.0.4.1-linux-x64-b635.70.tar.gz.fb5378.d/jbrsdk-25.0.4.1-linux-x64-b635.70/legal/jdk.jdwp.agent/LICENSE' CREATED, '/home/mark/.cache/JetBrains/Kotlin/extract.cache/32578e5ff5-jbrsdk-25.0.4.1-linux-x64-b635.70.tar.gz.fb5378.d/jbrsdk-25.0.4.1-linux-x64-b635.70/legal/jdk.jdwp.agent/ADDITIONAL_LICENSE_INFO' CREATED, '/home/mark/.cache/JetBrains/Kotlin/extract.cache/32578e5ff5-jbrsdk-25.0.4.1-linux-x64-b635.70.tar.gz.fb5378.d/jbrsdk-25.0.4.1-linux-x64-b635.70/legal/jdk.jdwp.agent/README.JAVASE' CREATED, '/home/mark/.cache/JetBrains/Kotlin/extract.cache/32578e5ff5-jbrsdk-25.0.4.1-linux-x64-b635.70.tar.gz.fb5378.d/jbrsdk-25.0.4.1-linux-x64-b635.70/legal/jdk.jdwp.agent/ASSEMBLY_EXCEPTION' CREATED, '/home/mark/.cache/JetBrains/Kotlin/extract.cache/32578e5ff5-jbrsdk-25.0.4.1-linux-x64-b635.70.tar.gz.fb5378.d/jbrsdk-25.0.4.1-linux-x64-b635.70/legal/java.management.rmi/LICENSE' CREATED, '/home/mark/.cache/JetBrains/Kotlin/extract.cache/32578e5ff5-jbrsdk-25.0.4.1-linux-x64-b635.70.tar.gz.fb5378.d/jbrsdk-25.0.4.1-linux-x64-b635.70/legal/java.management.rmi/ADDITIONAL_LICENSE_INFO' CREATED, '/home/mark/.cache/JetBrains/Kotlin/extract.cache/32578e5ff5-jbrsdk-25.0.4.1-linux-x64-b635.70.tar.gz.fb5378.d/jbrsdk-25.0.4.1-linux-x64-b635.70/legal/java.management.rmi/README.JAVASE' CREATED, '/home/mark/.cache/JetBrains/Kotlin/extract.cache/32578e5ff5-jbrsdk-25.0.4.1-linux-x64-b635.70.tar.gz.fb5378.d/jbrsdk-25.0.4.1-linux-x64-b635.70/legal/java.management.rmi/ASSEMBLY_EXCEPTION' CREATED, '/home/mark/.cache/JetBrains/Kotlin/extract.cache/32578e5ff5-jbrsdk-25.0.4.1-linux-x64-b635.70.tar.gz.fb5378.d/jbrsdk-25.0.4.1-linux-x64-b635.70/legal/jdk.naming.dns/LICENSE' CREATED, '/home/mark/.cache/JetBrains/Kotlin/extract.cache/32578e5ff5-jbrsdk-25.0.4.1-linux-x64-b635.70.tar.gz.fb5378.d/jbrsdk-25.0.4.1-linux-x64-b635.70/legal/jdk.naming.dns/ADDITIONAL_LICENSE_INFO' CREATED, '/home/mark/.cache/JetBrains/Kotlin/extract.cache/32578e5ff5-jbrsdk-25.0.4.1-linux-x64-b635.70.tar.gz.fb5378.d/jbrsdk-25.0.4.1-linux-x64-b635.70/legal/jdk.naming.dns/README.JAVASE' CREATED, '/home/mark/.cache/JetBrains/Kotlin/extract.cache/32578e5ff5-jbrsdk-25.0.4.1-linux-x64-b635.70.tar.gz.fb5378.d/jbrsdk-25.0.4.1-linux-x64-b635.70/legal/jdk.naming.dns/ASSEMBLY_EXCEPTION' CREATED, '/home/mark/.cache/JetBrains/Kotlin/extract.cache/32578e5ff5-jbrsdk-25.0.4.1-linux-x64-b635.70.tar.gz.fb5378.d/jbrsdk-25.0.4.1-linux-x64-b635.70/legal/java.security.jgss/LICENSE' CREATED, '/home/mark/.cache/JetBrains/Kotlin/extract.cache/32578e5ff5-jbrsdk-25.0.4.1-linux-x64-b635.70.tar.gz.fb5378.d/jbrsdk-25.0.4.1-linux-x64-b635.70/legal/java.security.jgss/ADDITIONAL_LICENSE_INFO' CREATED, '/home/mark/.cache/JetBrains/Kotlin/extract.cache/32578e5ff5-jbrsdk-25.0.4.1-linux-x64-b635.70.tar.gz.fb5378.d/jbrsdk-25.0.4.1-linux-x64-b635.70/legal/java.security.jgss/README.JAVASE' CREATED, '/home/mark/.cache/JetBrains/Kotlin/extract.cache/32578e5ff5-jbrsdk-25.0.4.1-linux-x64-b635.70.tar.gz.fb5378.d/jbrsdk-25.0.4.1-linux-x64-b635.70/legal/java.security.jgss/ASSEMBLY_EXCEPTION' CREATED, '/home/mark/.cache/JetBrains/Kotlin/extract.cache/32578e5ff5-jbrsdk-25.0.4.1-linux-x64-b635.70.tar.gz.fb5378.d/jbrsdk-25.0.4.1-linux-x64-b635.70/legal/java.logging/LICENSE' CREATED, '/home/mark/.cache/JetBrains/Kotlin/extract.cache/32578e5ff5-jbrsdk-25.0.4.1-linux-x64-b635.70.tar.gz.fb5378.d/jbrsdk-25.0.4.1-linux-x64-b635.70/legal/java.logging/ADDITIONAL_LICENSE_INFO' CREATED, '/home/mark/.cache/JetBrains/Kotlin/extract.cache/32578e5ff5-jbrsdk-25.0.4.1-linux-x64-b635.70.tar.gz.fb5378.d/jbrsdk-25.0.4.1-linux-x64-b635.70/legal/java.logging/README.JAVASE' CREATED, '/home/mark/.cache/JetBrains/Kotlin/extract.cache/32578e5ff5-jbrsdk-25.0.4.1-linux-x64-b635.70.tar.gz.fb5378.d/jbrsdk-25.0.4.1-linux-x64-b635.70/legal/java.logging/ASSEMBLY_EXCEPTION' CREATED, '/home/mark/.cache/JetBrains/Kotlin/extract.cache/32578e5ff5-jbrsdk-25.0.4.1-linux-x64-b635.70.tar.gz.fb5378.d/jbrsdk-25.0.4.1-linux-x64-b635.70/legal/jdk.xml.dom/LICENSE' CREATED, '/home/mark/.cache/JetBrains/Kotlin/extract.cache/32578e5ff5-jbrsdk-25.0.4.1-linux-x64-b635.70.tar.gz.fb5378.d/jbrsdk-25.0.4.1-linux-x64-b635.70/legal/jdk.xml.dom/ADDITIONAL_LICENSE_INFO' CREATED, '/home/mark/.cache/JetBrains/Kotlin/extract.cache/32578e5ff5-jbrsdk-25.0.4.1-linux-x64-b635.70.tar.gz.fb5378.d/jbrsdk-25.0.4.1-linux-x64-b635.70/legal/jdk.xml.dom/README.JAVASE' CREATED, '/home/mark/.cache/JetBrains/Kotlin/extract.cache/32578e5ff5-jbrsdk-25.0.4.1-linux-x64-b635.70.tar.gz.fb5378.d/jbrsdk-25.0.4.1-linux-x64-b635.70/legal/jdk.xml.dom/ASSEMBLY_EXCEPTION' CREATED, '/home/mark/.cache/JetBrains/Kotlin/extract.cache/32578e5ff5-jbrsdk-25.0.4.1-linux-x64-b635.70.tar.gz.fb5378.d/jbrsdk-25.0.4.1-linux-x64-b635.70/legal/jdk.internal.md/LICENSE' CREATED, '/home/mark/.cache/JetBrains/Kotlin/extract.cache/32578e5ff5-jbrsdk-25.0.4.1-linux-x64-b635.70.tar.gz.fb5378.d/jbrsdk-25.0.4.1-linux-x64-b635.70/legal/jdk.internal.md/ADDITIONAL_LICENSE_INFO' CREATED, '/home/mark/.cache/JetBrains/Kotlin/extract.cache/32578e5ff5-jbrsdk-25.0.4.1-linux-x64-b635.70.tar.gz.fb5378.d/jbrsdk-25.0.4.1-linux-x64-b635.70/legal/jdk.internal.md/README.JAVASE' CREATED, '/home/mark/.cache/JetBrains/Kotlin/extract.cache/32578e5ff5-jbrsdk-25.0.4.1-linux-x64-b635.70.tar.gz.fb5378.d/jbrsdk-25.0.4.1-linux-x64-b635.70/legal/jdk.internal.md/ASSEMBLY_EXCEPTION' CREATED, '/home/mark/.cache/JetBrains/Kotlin/extract.cache/32578e5ff5-jbrsdk-25.0.4.1-linux-x64-b635.70.tar.gz.fb5378.d/jbrsdk-25.0.4.1-linux-x64-b635.70/legal/jdk.internal.md/commonmark.md' CREATED, '/home/mark/.cache/JetBrains/Kotlin/extract.cache/32578e5ff5-jbrsdk-25.0.4.1-linux-x64-b635.70.tar.gz.fb5378.d/jbrsdk-25.0.4.1-linux-x64-b635.70/legal/jdk.jdeps/LICENSE' CREATED, '/home/mark/.cache/JetBrains/Kotlin/extract.cache/32578e5ff5-jbrsdk-25.0.4.1-linux-x64-b635.70.tar.gz.fb5378.d/jbrsdk-25.0.4.1-linux-x64-b635.70/legal/jdk.jdeps/ADDITIONAL_LICENSE_INFO' CREATED, '/home/mark/.cache/JetBrains/Kotlin/extract.cache/32578e5ff5-jbrsdk-25.0.4.1-linux-x64-b635.70.tar.gz.fb5378.d/jbrsdk-25.0.4.1-linux-x64-b635.70/legal/jdk.jdeps/README.JAVASE' CREATED, '/home/mark/.cache/JetBrains/Kotlin/extract.cache/32578e5ff5-jbrsdk-25.0.4.1-linux-x64-b635.70.tar.gz.fb5378.d/jbrsdk-25.0.4.1-linux-x64-b635.70/legal/jdk.jdeps/ASSEMBLY_EXCEPTION' CREATED, '/home/mark/.cache/JetBrains/Kotlin/extract.cache/32578e5ff5-jbrsdk-25.0.4.1-linux-x64-b635.70.tar.gz.fb5378.d/jbrsdk-25.0.4.1-linux-x64-b635.70/legal/jdk.net/LICENSE' CREATED, '/home/mark/.cache/JetBrains/Kotlin/extract.cache/32578e5ff5-jbrsdk-25.0.4.1-linux-x64-b635.70.tar.gz.fb5378.d/jbrsdk-25.0.4.1-linux-x64-b635.70/legal/jdk.net/ADDITIONAL_LICENSE_INFO' CREATED, '/home/mark/.cache/JetBrains/Kotlin/extract.cache/32578e5ff5-jbrsdk-25.0.4.1-linux-x64-b635.70.tar.gz.fb5378.d/jbrsdk-25.0.4.1-linux-x64-b635.70/legal/jdk.net/README.JAVASE' CREATED, '/home/mark/.cache/JetBrains/Kotlin/extract.cache/32578e5ff5-jbrsdk-25.0.4.1-linux-x64-b635.70.tar.gz.fb5378.d/jbrsdk-25.0.4.1-linux-x64-b635.70/legal/jdk.net/ASSEMBLY_EXCEPTION' CREATED, '/home/mark/.cache/JetBrains/Kotlin/extract.cache/32578e5ff5-jbrsdk-25.0.4.1-linux-x64-b635.70.tar.gz.fb5378.d/jbrsdk-25.0.4.1-linux-x64-b635.70/legal/jdk.sctp/LICENSE' CREATED, '/home/mark/.cache/JetBrains/Kotlin/extract.cache/32578e5ff5-jbrsdk-25.0.4.1-linux-x64-b635.70.tar.gz.fb5378.d/jbrsdk-25.0.4.1-linux-x64-b635.70/legal/jdk.sctp/ADDITIONAL_LICENSE_INFO' CREATED, '/home/mark/.cache/JetBrains/Kotlin/extract.cache/32578e5ff5-jbrsdk-25.0.4.1-linux-x64-b635.70.tar.gz.fb5378.d/jbrsdk-25.0.4.1-linux-x64-b635.70/legal/jdk.sctp/README.JAVASE' CREATED, '/home/mark/.cache/JetBrains/Kotlin/extract.cache/32578e5ff5-jbrsdk-25.0.4.1-linux-x64-b635.70.tar.gz.fb5378.d/jbrsdk-25.0.4.1-linux-x64-b635.70/legal/jdk.sctp/ASSEMBLY_EXCEPTION' CREATED, '/home/mark/.cache/JetBrains/Kotlin/extract.cache/32578e5ff5-jbrsdk-25.0.4.1-linux-x64-b635.70.tar.gz.fb5378.d/jbrsdk-25.0.4.1-linux-x64-b635.70/legal/jdk.crypto.cryptoki/LICENSE' CREATED, '/home/mark/.cache/JetBrains/Kotlin/extract.cache/32578e5ff5-jbrsdk-25.0.4.1-linux-x64-b635.70.tar.gz.fb5378.d/jbrsdk-25.0.4.1-linux-x64-b635.70/legal/jdk.crypto.cryptoki/pkcs11cryptotoken.md' CREATED, '/home/mark/.cache/JetBrains/Kotlin/extract.cache/32578e5ff5-jbrsdk-25.0.4.1-linux-x64-b635.70.tar.gz.fb5378.d/jbrsdk-25.0.4.1-linux-x64-b635.70/legal/jdk.crypto.cryptoki/ADDITIONAL_LICENSE_INFO' CREATED, '/home/mark/.cache/JetBrains/Kotlin/extract.cache/32578e5ff5-jbrsdk-25.0.4.1-linux-x64-b635.70.tar.gz.fb5378.d/jbrsdk-25.0.4.1-linux-x64-b635.70/legal/jdk.crypto.cryptoki/README.JAVASE' CREATED, '/home/mark/.cache/JetBrains/Kotlin/extract.cache/32578e5ff5-jbrsdk-25.0.4.1-linux-x64-b635.70.tar.gz.fb5378.d/jbrsdk-25.0.4.1-linux-x64-b635.70/legal/jdk.crypto.cryptoki/ASSEMBLY_EXCEPTION' CREATED, '/home/mark/.cache/JetBrains/Kotlin/extract.cache/32578e5ff5-jbrsdk-25.0.4.1-linux-x64-b635.70.tar.gz.fb5378.d/jbrsdk-25.0.4.1-linux-x64-b635.70/legal/jdk.crypto.cryptoki/pkcs11wrapper.md' CREATED, '/home/mark/.cache/JetBrains/Kotlin/extract.cache/32578e5ff5-jbrsdk-25.0.4.1-linux-x64-b635.70.tar.gz.fb5378.d/jbrsdk-25.0.4.1-linux-x64-b635.70/legal/jdk.internal.vm.ci/LICENSE' CREATED, '/home/mark/.cache/JetBrains/Kotlin/extract.cache/32578e5ff5-jbrsdk-25.0.4.1-linux-x64-b635.70.tar.gz.fb5378.d/jbrsdk-25.0.4.1-linux-x64-b635.70/legal/jdk.internal.vm.ci/ADDITIONAL_LICENSE_INFO' CREATED, '/home/mark/.cache/JetBrains/Kotlin/extract.cache/32578e5ff5-jbrsdk-25.0.4.1-linux-x64-b635.70.tar.gz.fb5378.d/jbrsdk-25.0.4.1-linux-x64-b635.70/legal/jdk.internal.vm.ci/README.JAVASE' CREATED, '/home/mark/.cache/JetBrains/Kotlin/extract.cache/32578e5ff5-jbrsdk-25.0.4.1-linux-x64-b635.70.tar.gz.fb5378.d/jbrsdk-25.0.4.1-linux-x64-b635.70/legal/jdk.internal.vm.ci/ASSEMBLY_EXCEPTION' CREATED, '/home/mark/.cache/JetBrains/Kotlin/extract.cache/32578e5ff5-jbrsdk-25.0.4.1-linux-x64-b635.70.tar.gz.fb5378.d/jbrsdk-25.0.4.1-linux-x64-b635.70/legal/jdk.security.auth/LICENSE' CREATED, '/home/mark/.cache/JetBrains/Kotlin/extract.cache/32578e5ff5-jbrsdk-25.0.4.1-linux-x64-b635.70.tar.gz.fb5378.d/jbrsdk-25.0.4.1-linux-x64-b635.70/legal/jdk.security.auth/ADDITIONAL_LICENSE_INFO' CREATED, '/home/mark/.cache/JetBrains/Kotlin/extract.cache/32578e5ff5-jbrsdk-25.0.4.1-linux-x64-b635.70.tar.gz.fb5378.d/jbrsdk-25.0.4.1-linux-x64-b635.70/legal/jdk.security.auth/README.JAVASE' CREATED, '/home/mark/.cache/JetBrains/Kotlin/extract.cache/32578e5ff5-jbrsdk-25.0.4.1-linux-x64-b635.70.tar.gz.fb5378.d/jbrsdk-25.0.4.1-linux-x64-b635.70/legal/jdk.security.auth/ASSEMBLY_EXCEPTION' CREATED, '/home/mark/.cache/JetBrains/Kotlin/extract.cache/32578e5ff5-jbrsdk-25.0.4.1-linux-x64-b635.70.tar.gz.fb5378.d/jbrsdk-25.0.4.1-linux-x64-b635.70/legal/jdk.javadoc/LICENSE' CREATED, '/home/mark/.cache/JetBrains/Kotlin/extract.cache/32578e5ff5-jbrsdk-25.0.4.1-linux-x64-b635.70.tar.gz.fb5378.d/jbrsdk-25.0.4.1-linux-x64-b635.70/legal/jdk.javadoc/ADDITIONAL_LICENSE_INFO' CREATED, '/home/mark/.cache/JetBrains/Kotlin/extract.cache/32578e5ff5-jbrsdk-25.0.4.1-linux-x64-b635.70.tar.gz.fb5378.d/jbrsdk-25.0.4.1-linux-x64-b635.70/legal/jdk.javadoc/README.JAVASE' CREATED, '/home/mark/.cache/JetBrains/Kotlin/extract.cache/32578e5ff5-jbrsdk-25.0.4.1-linux-x64-b635.70.tar.gz.fb5378.d/jbrsdk-25.0.4.1-linux-x64-b635.70/legal/jdk.javadoc/ASSEMBLY_EXCEPTION' CREATED, '/home/mark/.cache/JetBrains/Kotlin/extract.cache/32578e5ff5-jbrsdk-25.0.4.1-linux-x64-b635.70.tar.gz.fb5378.d/jbrsdk-25.0.4.1-linux-x64-b635.70/legal/jdk.javadoc/jquery.md' CREATED, '/home/mark/.cache/JetBrains/Kotlin/extract.cache/32578e5ff5-jbrsdk-25.0.4.1-linux-x64-b635.70.tar.gz.fb5378.d/jbrsdk-25.0.4.1-linux-x64-b635.70/legal/jdk.javadoc/dejavufonts.md' CREATED, '/home/mark/.cache/JetBrains/Kotlin/extract.cache/32578e5ff5-jbrsdk-25.0.4.1-linux-x64-b635.70.tar.gz.fb5378.d/jbrsdk-25.0.4.1-linux-x64-b635.70/legal/jdk.javadoc/highlightjs.md' CREATED, '/home/mark/.cache/JetBrains/Kotlin/extract.cache/32578e5ff5-jbrsdk-25.0.4.1-linux-x64-b635.70.tar.gz.fb5378.d/jbrsdk-25.0.4.1-linux-x64-b635.70/legal/jdk.javadoc/jqueryUI.md' CREATED, '/home/mark/.cache/JetBrains/Kotlin/extract.cache/32578e5ff5-jbrsdk-25.0.4.1-linux-x64-b635.70.tar.gz.fb5378.d/jbrsdk-25.0.4.1-linux-x64-b635.70/legal/java.naming/LICENSE' CREATED, '/home/mark/.cache/JetBrains/Kotlin/extract.cache/32578e5ff5-jbrsdk-25.0.4.1-linux-x64-b635.70.tar.gz.fb5378.d/jbrsdk-25.0.4.1-linux-x64-b635.70/legal/java.naming/ADDITIONAL_LICENSE_INFO' CREATED, '/home/mark/.cache/JetBrains/Kotlin/extract.cache/32578e5ff5-jbrsdk-25.0.4.1-linux-x64-b635.70.tar.gz.fb5378.d/jbrsdk-25.0.4.1-linux-x64-b635.70/legal/java.naming/README.JAVASE' CREATED, '/home/mark/.cache/JetBrains/Kotlin/extract.cache/32578e5ff5-jbrsdk-25.0.4.1-linux-x64-b635.70.tar.gz.fb5378.d/jbrsdk-25.0.4.1-linux-x64-b635.70/legal/java.naming/ASSEMBLY_EXCEPTION' CREATED, '/home/mark/.cache/JetBrains/Kotlin/extract.cache/32578e5ff5-jbrsdk-25.0.4.1-linux-x64-b635.70.tar.gz.fb5378.d/jbrsdk-25.0.4.1-linux-x64-b635.70/legal/jdk.jstatd/LICENSE' CREATED, '/home/mark/.cache/JetBrains/Kotlin/extract.cache/32578e5ff5-jbrsdk-25.0.4.1-linux-x64-b635.70.tar.gz.fb5378.d/jbrsdk-25.0.4.1-linux-x64-b635.70/legal/jdk.jstatd/ADDITIONAL_LICENSE_INFO' CREATED, '/home/mark/.cache/JetBrains/Kotlin/extract.cache/32578e5ff5-jbrsdk-25.0.4.1-linux-x64-b635.70.tar.gz.fb5378.d/jbrsdk-25.0.4.1-linux-x64-b635.70/legal/jdk.jstatd/README.JAVASE' CREATED, '/home/mark/.cache/JetBrains/Kotlin/extract.cache/32578e5ff5-jbrsdk-25.0.4.1-linux-x64-b635.70.tar.gz.fb5378.d/jbrsdk-25.0.4.1-linux-x64-b635.70/legal/jdk.jstatd/ASSEMBLY_EXCEPTION' CREATED, '/home/mark/.cache/JetBrains/Kotlin/extract.cache/32578e5ff5-jbrsdk-25.0.4.1-linux-x64-b635.70.tar.gz.fb5378.d/jbrsdk-25.0.4.1-linux-x64-b635.70/legal/jdk.jpackage/LICENSE' CREATED, '/home/mark/.cache/JetBrains/Kotlin/extract.cache/32578e5ff5-jbrsdk-25.0.4.1-linux-x64-b635.70.tar.gz.fb5378.d/jbrsdk-25.0.4.1-linux-x64-b635.70/legal/jdk.jpackage/ADDITIONAL_LICENSE_INFO' CREATED, '/home/mark/.cache/JetBrains/Kotlin/extract.cache/32578e5ff5-jbrsdk-25.0.4.1-linux-x64-b635.70.tar.gz.fb5378.d/jbrsdk-25.0.4.1-linux-x64-b635.70/legal/jdk.jpackage/README.JAVASE' CREATED, '/home/mark/.cache/JetBrains/Kotlin/extract.cache/32578e5ff5-jbrsdk-25.0.4.1-linux-x64-b635.70.tar.gz.fb5378.d/jbrsdk-25.0.4.1-linux-x64-b635.70/legal/jdk.jpackage/ASSEMBLY_EXCEPTION' CREATED, '/home/mark/.cache/JetBrains/Kotlin/extract.cache/32578e5ff5-jbrsdk-25.0.4.1-linux-x64-b635.70.tar.gz.fb5378.d/jbrsdk-25.0.4.1-linux-x64-b635.70/legal/jdk.management/LICENSE' CREATED, '/home/mark/.cache/JetBrains/Kotlin/extract.cache/32578e5ff5-jbrsdk-25.0.4.1-linux-x64-b635.70.tar.gz.fb5378.d/jbrsdk-25.0.4.1-linux-x64-b635.70/legal/jdk.management/ADDITIONAL_LICENSE_INFO' CREATED, '/home/mark/.cache/JetBrains/Kotlin/extract.cache/32578e5ff5-jbrsdk-25.0.4.1-linux-x64-b635.70.tar.gz.fb5378.d/jbrsdk-25.0.4.1-linux-x64-b635.70/legal/jdk.management/README.JAVASE' CREATED, '/home/mark/.cache/JetBrains/Kotlin/extract.cache/32578e5ff5-jbrsdk-25.0.4.1-linux-x64-b635.70.tar.gz.fb5378.d/jbrsdk-25.0.4.1-linux-x64-b635.70/legal/jdk.management/ASSEMBLY_EXCEPTION' CREATED, '/home/mark/.cache/JetBrains/Kotlin/extract.cache/32578e5ff5-jbrsdk-25.0.4.1-linux-x64-b635.70.tar.gz.fb5378.d/jbrsdk-25.0.4.1-linux-x64-b635.70/legal/java.xml.crypto/LICENSE' CREATED, '/home/mark/.cache/JetBrains/Kotlin/extract.cache/32578e5ff5-jbrsdk-25.0.4.1-linux-x64-b635.70.tar.gz.fb5378.d/jbrsdk-25.0.4.1-linux-x64-b635.70/legal/java.xml.crypto/ADDITIONAL_LICENSE_INFO' CREATED, '/home/mark/.cache/JetBrains/Kotlin/extract.cache/32578e5ff5-jbrsdk-25.0.4.1-linux-x64-b635.70.tar.gz.fb5378.d/jbrsdk-25.0.4.1-linux-x64-b635.70/legal/java.xml.crypto/README.JAVASE' CREATED, '/home/mark/.cache/JetBrains/Kotlin/extract.cache/32578e5ff5-jbrsdk-25.0.4.1-linux-x64-b635.70.tar.gz.fb5378.d/jbrsdk-25.0.4.1-linux-x64-b635.70/legal/java.xml.crypto/santuario.md' CREATED, '/home/mark/.cache/JetBrains/Kotlin/extract.cache/32578e5ff5-jbrsdk-25.0.4.1-linux-x64-b635.70.tar.gz.fb5378.d/jbrsdk-25.0.4.1-linux-x64-b635.70/legal/java.xml.crypto/ASSEMBLY_EXCEPTION' CREATED, '/home/mark/.cache/JetBrains/Kotlin/extract.cache/32578e5ff5-jbrsdk-25.0.4.1-linux-x64-b635.70.tar.gz.fb5378.d/jbrsdk-25.0.4.1-linux-x64-b635.70/legal/java.net.http/LICENSE' CREATED, '/home/mark/.cache/JetBrains/Kotlin/extract.cache/32578e5ff5-jbrsdk-25.0.4.1-linux-x64-b635.70.tar.gz.fb5378.d/jbrsdk-25.0.4.1-linux-x64-b635.70/legal/java.net.http/ADDITIONAL_LICENSE_INFO' CREATED, '/home/mark/.cache/JetBrains/Kotlin/extract.cache/32578e5ff5-jbrsdk-25.0.4.1-linux-x64-b635.70.tar.gz.fb5378.d/jbrsdk-25.0.4.1-linux-x64-b635.70/legal/java.net.http/README.JAVASE' CREATED, '/home/mark/.cache/JetBrains/Kotlin/extract.cache/32578e5ff5-jbrsdk-25.0.4.1-linux-x64-b635.70.tar.gz.fb5378.d/jbrsdk-25.0.4.1-linux-x64-b635.70/legal/java.net.http/ASSEMBLY_EXCEPTION' CREATED, '/home/mark/.cache/JetBrains/Kotlin/extract.cache/32578e5ff5-jbrsdk-25.0.4.1-linux-x64-b635.70.tar.gz.fb5378.d/jbrsdk-25.0.4.1-linux-x64-b635.70/legal/jdk.jfr/LICENSE' CREATED, '/home/mark/.cache/JetBrains/Kotlin/extract.cache/32578e5ff5-jbrsdk-25.0.4.1-linux-x64-b635.70.tar.gz.fb5378.d/jbrsdk-25.0.4.1-linux-x64-b635.70/legal/jdk.jfr/ADDITIONAL_LICENSE_INFO' CREATED, '/home/mark/.cache/JetBrains/Kotlin/extract.cache/32578e5ff5-jbrsdk-25.0.4.1-linux-x64-b635.70.tar.gz.fb5378.d/jbrsdk-25.0.4.1-linux-x64-b635.70/legal/jdk.jfr/README.JAVASE' CREATED, '/home/mark/.cache/JetBrains/Kotlin/extract.cache/32578e5ff5-jbrsdk-25.0.4.1-linux-x64-b635.70.tar.gz.fb5378.d/jbrsdk-25.0.4.1-linux-x64-b635.70/legal/jdk.jfr/ASSEMBLY_EXCEPTION' CREATED, '/home/mark/.cache/JetBrains/Kotlin/extract.cache/32578e5ff5-jbrsdk-25.0.4.1-linux-x64-b635.70.tar.gz.fb5378.d/jbrsdk-25.0.4.1-linux-x64-b635.70/legal/java.rmi/LICENSE' CREATED, '/home/mark/.cache/JetBrains/Kotlin/extract.cache/32578e5ff5-jbrsdk-25.0.4.1-linux-x64-b635.70.tar.gz.fb5378.d/jbrsdk-25.0.4.1-linux-x64-b635.70/legal/java.rmi/ADDITIONAL_LICENSE_INFO' CREATED, '/home/mark/.cache/JetBrains/Kotlin/extract.cache/32578e5ff5-jbrsdk-25.0.4.1-linux-x64-b635.70.tar.gz.fb5378.d/jbrsdk-25.0.4.1-linux-x64-b635.70/legal/java.rmi/README.JAVASE' CREATED, '/home/mark/.cache/JetBrains/Kotlin/extract.cache/32578e5ff5-jbrsdk-25.0.4.1-linux-x64-b635.70.tar.gz.fb5378.d/jbrsdk-25.0.4.1-linux-x64-b635.70/legal/java.rmi/ASSEMBLY_EXCEPTION' CREATED, '/home/mark/.cache/JetBrains/Kotlin/extract.cache/32578e5ff5-jbrsdk-25.0.4.1-linux-x64-b635.70.tar.gz.fb5378.d/jbrsdk-25.0.4.1-linux-x64-b635.70/legal/jdk.unsupported.desktop/LICENSE' CREATED, '/home/mark/.cache/JetBrains/Kotlin/extract.cache/32578e5ff5-jbrsdk-25.0.4.1-linux-x64-b635.70.tar.gz.fb5378.d/jbrsdk-25.0.4.1-linux-x64-b635.70/legal/jdk.unsupported.desktop/ADDITIONAL_LICENSE_INFO' CREATED, '/home/mark/.cache/JetBrains/Kotlin/extract.cache/32578e5ff5-jbrsdk-25.0.4.1-linux-x64-b635.70.tar.gz.fb5378.d/jbrsdk-25.0.4.1-linux-x64-b635.70/legal/jdk.unsupported.desktop/README.JAVASE' CREATED, '/home/mark/.cache/JetBrains/Kotlin/extract.cache/32578e5ff5-jbrsdk-25.0.4.1-linux-x64-b635.70.tar.gz.fb5378.d/jbrsdk-25.0.4.1-linux-x64-b635.70/legal/jdk.unsupported.desktop/ASSEMBLY_EXCEPTION' CREATED, '/home/mark/.cache/JetBrains/Kotlin/extract.cache/32578e5ff5-jbrsdk-25.0.4.1-linux-x64-b635.70.tar.gz.fb5378.d/jbrsdk-25.0.4.1-linux-x64-b635.70/legal/java.sql.rowset/LICENSE' CREATED, '/home/mark/.cache/JetBrains/Kotlin/extract.cache/32578e5ff5-jbrsdk-25.0.4.1-linux-x64-b635.70.tar.gz.fb5378.d/jbrsdk-25.0.4.1-linux-x64-b635.70/legal/java.sql.rowset/ADDITIONAL_LICENSE_INFO' CREATED, '/home/mark/.cache/JetBrains/Kotlin/extract.cache/32578e5ff5-jbrsdk-25.0.4.1-linux-x64-b635.70.tar.gz.fb5378.d/jbrsdk-25.0.4.1-linux-x64-b635.70/legal/java.sql.rowset/README.JAVASE' CREATED, '/home/mark/.cache/JetBrains/Kotlin/extract.cache/32578e5ff5-jbrsdk-25.0.4.1-linux-x64-b635.70.tar.gz.fb5378.d/jbrsdk-25.0.4.1-linux-x64-b635.70/legal/java.sql.rowset/ASSEMBLY_EXCEPTION' CREATED, '/home/mark/.cache/JetBrains/Kotlin/extract.cache/32578e5ff5-jbrsdk-25.0.4.1-linux-x64-b635.70.tar.gz.fb5378.d/jbrsdk-25.0.4.1-linux-x64-b635.70/legal/jdk.jconsole/LICENSE' CREATED, '/home/mark/.cache/JetBrains/Kotlin/extract.cache/32578e5ff5-jbrsdk-25.0.4.1-linux-x64-b635.70.tar.gz.fb5378.d/jbrsdk-25.0.4.1-linux-x64-b635.70/legal/jdk.jconsole/ADDITIONAL_LICENSE_INFO' CREATED, '/home/mark/.cache/JetBrains/Kotlin/extract.cache/32578e5ff5-jbrsdk-25.0.4.1-linux-x64-b635.70.tar.gz.fb5378.d/jbrsdk-25.0.4.1-linux-x64-b635.70/legal/jdk.jconsole/README.JAVASE' CREATED, '/home/mark/.cache/JetBrains/Kotlin/extract.cache/32578e5ff5-jbrsdk-25.0.4.1-linux-x64-b635.70.tar.gz.fb5378.d/jbrsdk-25.0.4.1-linux-x64-b635.70/legal/jdk.jconsole/ASSEMBLY_EXCEPTION' CREATED, '/home/mark/.cache/JetBrains/Kotlin/extract.cache/32578e5ff5-jbrsdk-25.0.4.1-linux-x64-b635.70.tar.gz.fb5378.d/jbrsdk-25.0.4.1-linux-x64-b635.70/legal/jdk.editpad/LICENSE' CREATED, '/home/mark/.cache/JetBrains/Kotlin/extract.cache/32578e5ff5-jbrsdk-25.0.4.1-linux-x64-b635.70.tar.gz.fb5378.d/jbrsdk-25.0.4.1-linux-x64-b635.70/legal/jdk.editpad/ADDITIONAL_LICENSE_INFO' CREATED, '/home/mark/.cache/JetBrains/Kotlin/extract.cache/32578e5ff5-jbrsdk-25.0.4.1-linux-x64-b635.70.tar.gz.fb5378.d/jbrsdk-25.0.4.1-linux-x64-b635.70/legal/jdk.editpad/README.JAVASE' CREATED, '/home/mark/.cache/JetBrains/Kotlin/extract.cache/32578e5ff5-jbrsdk-25.0.4.1-linux-x64-b635.70.tar.gz.fb5378.d/jbrsdk-25.0.4.1-linux-x64-b635.70/legal/jdk.editpad/ASSEMBLY_EXCEPTION' CREATED, '/home/mark/.cache/JetBrains/Kotlin/extract.cache/32578e5ff5-jbrsdk-25.0.4.1-linux-x64-b635.70.tar.gz.fb5378.d/jbrsdk-25.0.4.1-linux-x64-b635.70/legal/java.security.sasl/LICENSE' CREATED, '/home/mark/.cache/JetBrains/Kotlin/extract.cache/32578e5ff5-jbrsdk-25.0.4.1-linux-x64-b635.70.tar.gz.fb5378.d/jbrsdk-25.0.4.1-linux-x64-b635.70/legal/java.security.sasl/ADDITIONAL_LICENSE_INFO' CREATED, '/home/mark/.cache/JetBrains/Kotlin/extract.cache/32578e5ff5-jbrsdk-25.0.4.1-linux-x64-b635.70.tar.gz.fb5378.d/jbrsdk-25.0.4.1-linux-x64-b635.70/legal/java.security.sasl/README.JAVASE' CREATED, '/home/mark/.cache/JetBrains/Kotlin/extract.cache/32578e5ff5-jbrsdk-25.0.4.1-linux-x64-b635.70.tar.gz.fb5378.d/jbrsdk-25.0.4.1-linux-x64-b635.70/legal/java.security.sasl/ASSEMBLY_EXCEPTION' CREATED, '/home/mark/.cache/JetBrains/Kotlin/extract.cache/32578e5ff5-jbrsdk-25.0.4.1-linux-x64-b635.70.tar.gz.fb5378.d/jbrsdk-25.0.4.1-linux-x64-b635.70/legal/jdk.localedata/cldr.md' CREATED, '/home/mark/.cache/JetBrains/Kotlin/extract.cache/32578e5ff5-jbrsdk-25.0.4.1-linux-x64-b635.70.tar.gz.fb5378.d/jbrsdk-25.0.4.1-linux-x64-b635.70/legal/jdk.localedata/LICENSE' CREATED, '/home/mark/.cache/JetBrains/Kotlin/extract.cache/32578e5ff5-jbrsdk-25.0.4.1-linux-x64-b635.70.tar.gz.fb5378.d/jbrsdk-25.0.4.1-linux-x64-b635.70/legal/jdk.localedata/ADDITIONAL_LICENSE_INFO' CREATED, '/home/mark/.cache/JetBrains/Kotlin/extract.cache/32578e5ff5-jbrsdk-25.0.4.1-linux-x64-b635.70.tar.gz.fb5378.d/jbrsdk-25.0.4.1-linux-x64-b635.70/legal/jdk.localedata/README.JAVASE' CREATED, '/home/mark/.cache/JetBrains/Kotlin/extract.cache/32578e5ff5-jbrsdk-25.0.4.1-linux-x64-b635.70.tar.gz.fb5378.d/jbrsdk-25.0.4.1-linux-x64-b635.70/legal/jdk.localedata/ASSEMBLY_EXCEPTION' CREATED, '/home/mark/.cache/JetBrains/Kotlin/extract.cache/32578e5ff5-jbrsdk-25.0.4.1-linux-x64-b635.70.tar.gz.fb5378.d/jbrsdk-25.0.4.1-linux-x64-b635.70/legal/jdk.localedata/thaidict.md' CREATED, '/home/mark/.cache/JetBrains/Kotlin/extract.cache/32578e5ff5-jbrsdk-25.0.4.1-linux-x64-b635.70.tar.gz.fb5378.d/jbrsdk-25.0.4.1-linux-x64-b635.70/legal/jdk.internal.jvmstat/LICENSE' CREATED, '/home/mark/.cache/JetBrains/Kotlin/extract.cache/32578e5ff5-jbrsdk-25.0.4.1-linux-x64-b635.70.tar.gz.fb5378.d/jbrsdk-25.0.4.1-linux-x64-b635.70/legal/jdk.internal.jvmstat/ADDITIONAL_LICENSE_INFO' CREATED, '/home/mark/.cache/JetBrains/Kotlin/extract.cache/32578e5ff5-jbrsdk-25.0.4.1-linux-x64-b635.70.tar.gz.fb5378.d/jbrsdk-25.0.4.1-linux-x64-b635.70/legal/jdk.internal.jvmstat/README.JAVASE' CREATED, '/home/mark/.cache/JetBrains/Kotlin/extract.cache/32578e5ff5-jbrsdk-25.0.4.1-linux-x64-b635.70.tar.gz.fb5378.d/jbrsdk-25.0.4.1-linux-x64-b635.70/legal/jdk.internal.jvmstat/ASSEMBLY_EXCEPTION' CREATED, '/home/mark/.cache/JetBrains/Kotlin/extract.cache/32578e5ff5-jbrsdk-25.0.4.1-linux-x64-b635.70.tar.gz.fb5378.d/jbrsdk-25.0.4.1-linux-x64-b635.70/legal/jdk.jshell/LICENSE' CREATED, '/home/mark/.cache/JetBrains/Kotlin/extract.cache/32578e5ff5-jbrsdk-25.0.4.1-linux-x64-b635.70.tar.gz.fb5378.d/jbrsdk-25.0.4.1-linux-x64-b635.70/legal/jdk.jshell/ADDITIONAL_LICENSE_INFO' CREATED, '/home/mark/.cache/JetBrains/Kotlin/extract.cache/32578e5ff5-jbrsdk-25.0.4.1-linux-x64-b635.70.tar.gz.fb5378.d/jbrsdk-25.0.4.1-linux-x64-b635.70/legal/jdk.jshell/README.JAVASE' CREATED, '/home/mark/.cache/JetBrains/Kotlin/extract.cache/32578e5ff5-jbrsdk-25.0.4.1-linux-x64-b635.70.tar.gz.fb5378.d/jbrsdk-25.0.4.1-linux-x64-b635.70/legal/jdk.jshell/ASSEMBLY_EXCEPTION' CREATED, '/home/mark/.cache/JetBrains/Kotlin/extract.cache/32578e5ff5-jbrsdk-25.0.4.1-linux-x64-b635.70.tar.gz.fb5378.d/jbrsdk-25.0.4.1-linux-x64-b635.70/legal/java.transaction.xa/LICENSE' CREATED, '/home/mark/.cache/JetBrains/Kotlin/extract.cache/32578e5ff5-jbrsdk-25.0.4.1-linux-x64-b635.70.tar.gz.fb5378.d/jbrsdk-25.0.4.1-linux-x64-b635.70/legal/java.transaction.xa/ADDITIONAL_LICENSE_INFO' CREATED, '/home/mark/.cache/JetBrains/Kotlin/extract.cache/32578e5ff5-jbrsdk-25.0.4.1-linux-x64-b635.70.tar.gz.fb5378.d/jbrsdk-25.0.4.1-linux-x64-b635.70/legal/java.transaction.xa/README.JAVASE' CREATED, '/home/mark/.cache/JetBrains/Kotlin/extract.cache/32578e5ff5-jbrsdk-25.0.4.1-linux-x64-b635.70.tar.gz.fb5378.d/jbrsdk-25.0.4.1-linux-x64-b635.70/legal/java.transaction.xa/ASSEMBLY_EXCEPTION' CREATED, '/home/mark/.cache/JetBrains/Kotlin/extract.cache/32578e5ff5-jbrsdk-25.0.4.1-linux-x64-b635.70.tar.gz.fb5378.d/jbrsdk-25.0.4.1-linux-x64-b635.70/legal/java.compiler/LICENSE' CREATED, '/home/mark/.cache/JetBrains/Kotlin/extract.cache/32578e5ff5-jbrsdk-25.0.4.1-linux-x64-b635.70.tar.gz.fb5378.d/jbrsdk-25.0.4.1-linux-x64-b635.70/legal/java.compiler/ADDITIONAL_LICENSE_INFO' CREATED, '/home/mark/.cache/JetBrains/Kotlin/extract.cache/32578e5ff5-jbrsdk-25.0.4.1-linux-x64-b635.70.tar.gz.fb5378.d/jbrsdk-25.0.4.1-linux-x64-b635.70/legal/java.compiler/README.JAVASE' CREATED, '/home/mark/.cache/JetBrains/Kotlin/extract.cache/32578e5ff5-jbrsdk-25.0.4.1-linux-x64-b635.70.tar.gz.fb5378.d/jbrsdk-25.0.4.1-linux-x64-b635.70/legal/java.compiler/ASSEMBLY_EXCEPTION' CREATED, '/home/mark/.cache/JetBrains/Kotlin/extract.cache/32578e5ff5-jbrsdk-25.0.4.1-linux-x64-b635.70.tar.gz.fb5378.d/jbrsdk-25.0.4.1-linux-x64-b635.70/legal/jdk.jcmd/LICENSE' CREATED, '/home/mark/.cache/JetBrains/Kotlin/extract.cache/32578e5ff5-jbrsdk-25.0.4.1-linux-x64-b635.70.tar.gz.fb5378.d/jbrsdk-25.0.4.1-linux-x64-b635.70/legal/jdk.jcmd/ADDITIONAL_LICENSE_INFO' CREATED, '/home/mark/.cache/JetBrains/Kotlin/extract.cache/32578e5ff5-jbrsdk-25.0.4.1-linux-x64-b635.70.tar.gz.fb5378.d/jbrsdk-25.0.4.1-linux-x64-b635.70/legal/jdk.jcmd/README.JAVASE' CREATED, '/home/mark/.cache/JetBrains/Kotlin/extract.cache/32578e5ff5-jbrsdk-25.0.4.1-linux-x64-b635.70.tar.gz.fb5378.d/jbrsdk-25.0.4.1-linux-x64-b635.70/legal/jdk.jcmd/ASSEMBLY_EXCEPTION' CREATED, '/home/mark/.cache/JetBrains/Kotlin/extract.cache/32578e5ff5-jbrsdk-25.0.4.1-linux-x64-b635.70.tar.gz.fb5378.d/jbrsdk-25.0.4.1-linux-x64-b635.70/legal/jdk.internal.ed/LICENSE' CREATED, '/home/mark/.cache/JetBrains/Kotlin/extract.cache/32578e5ff5-jbrsdk-25.0.4.1-linux-x64-b635.70.tar.gz.fb5378.d/jbrsdk-25.0.4.1-linux-x64-b635.70/legal/jdk.internal.ed/ADDITIONAL_LICENSE_INFO' CREATED, '/home/mark/.cache/JetBrains/Kotlin/extract.cache/32578e5ff5-jbrsdk-25.0.4.1-linux-x64-b635.70.tar.gz.fb5378.d/jbrsdk-25.0.4.1-linux-x64-b635.70/legal/jdk.internal.ed/README.JAVASE' CREATED, '/home/mark/.cache/JetBrains/Kotlin/extract.cache/32578e5ff5-jbrsdk-25.0.4.1-linux-x64-b635.70.tar.gz.fb5378.d/jbrsdk-25.0.4.1-linux-x64-b635.70/legal/jdk.internal.ed/ASSEMBLY_EXCEPTION' CREATED, '/home/mark/.cache/JetBrains/Kotlin/extract.cache/32578e5ff5-jbrsdk-25.0.4.1-linux-x64-b635.70.tar.gz.fb5378.d/jbrsdk-25.0.4.1-linux-x64-b635.70/legal/java.xml/LICENSE' CREATED, '/home/mark/.cache/JetBrains/Kotlin/extract.cache/32578e5ff5-jbrsdk-25.0.4.1-linux-x64-b635.70.tar.gz.fb5378.d/jbrsdk-25.0.4.1-linux-x64-b635.70/legal/java.xml/xhtml11schema.md' CREATED, '/home/mark/.cache/JetBrains/Kotlin/extract.cache/32578e5ff5-jbrsdk-25.0.4.1-linux-x64-b635.70.tar.gz.fb5378.d/jbrsdk-25.0.4.1-linux-x64-b635.70/legal/java.xml/xhtml10.md' CREATED, '/home/mark/.cache/JetBrains/Kotlin/extract.cache/32578e5ff5-jbrsdk-25.0.4.1-linux-x64-b635.70.tar.gz.fb5378.d/jbrsdk-25.0.4.1-linux-x64-b635.70/legal/java.xml/xhtml11.md' CREATED, '/home/mark/.cache/JetBrains/Kotlin/extract.cache/32578e5ff5-jbrsdk-25.0.4.1-linux-x64-b635.70.tar.gz.fb5378.d/jbrsdk-25.0.4.1-linux-x64-b635.70/legal/java.xml/xmlspec.md' CREATED, '/home/mark/.cache/JetBrains/Kotlin/extract.cache/32578e5ff5-jbrsdk-25.0.4.1-linux-x64-b635.70.tar.gz.fb5378.d/jbrsdk-25.0.4.1-linux-x64-b635.70/legal/java.xml/ADDITIONAL_LICENSE_INFO' CREATED, '/home/mark/.cache/JetBrains/Kotlin/extract.cache/32578e5ff5-jbrsdk-25.0.4.1-linux-x64-b635.70.tar.gz.fb5378.d/jbrsdk-25.0.4.1-linux-x64-b635.70/legal/java.xml/xmlxsd.md' CREATED, '/home/mark/.cache/JetBrains/Kotlin/extract.cache/32578e5ff5-jbrsdk-25.0.4.1-linux-x64-b635.70.tar.gz.fb5378.d/jbrsdk-25.0.4.1-linux-x64-b635.70/legal/java.xml/jcup.md' CREATED, '/home/mark/.cache/JetBrains/Kotlin/extract.cache/32578e5ff5-jbrsdk-25.0.4.1-linux-x64-b635.70.tar.gz.fb5378.d/jbrsdk-25.0.4.1-linux-x64-b635.70/legal/java.xml/README.JAVASE' CREATED, '/home/mark/.cache/JetBrains/Kotlin/extract.cache/32578e5ff5-jbrsdk-25.0.4.1-linux-x64-b635.70.tar.gz.fb5378.d/jbrsdk-25.0.4.1-linux-x64-b635.70/legal/java.xml/ASSEMBLY_EXCEPTION' CREATED, '/home/mark/.cache/JetBrains/Kotlin/extract.cache/32578e5ff5-jbrsdk-25.0.4.1-linux-x64-b635.70.tar.gz.fb5378.d/jbrsdk-25.0.4.1-linux-x64-b635.70/legal/java.xml/xerces.md' CREATED, '/home/mark/.cache/JetBrains/Kotlin/extract.cache/32578e5ff5-jbrsdk-25.0.4.1-linux-x64-b635.70.tar.gz.fb5378.d/jbrsdk-25.0.4.1-linux-x64-b635.70/legal/java.xml/schema10part2.md' CREATED, '/home/mark/.cache/JetBrains/Kotlin/extract.cache/32578e5ff5-jbrsdk-25.0.4.1-linux-x64-b635.70.tar.gz.fb5378.d/jbrsdk-25.0.4.1-linux-x64-b635.70/legal/java.xml/dom.md' CREATED, '/home/mark/.cache/JetBrains/Kotlin/extract.cache/32578e5ff5-jbrsdk-25.0.4.1-linux-x64-b635.70.tar.gz.fb5378.d/jbrsdk-25.0.4.1-linux-x64-b635.70/legal/java.xml/bcel.md' CREATED, '/home/mark/.cache/JetBrains/Kotlin/extract.cache/32578e5ff5-jbrsdk-25.0.4.1-linux-x64-b635.70.tar.gz.fb5378.d/jbrsdk-25.0.4.1-linux-x64-b635.70/legal/java.xml/xhtml10schema.md' CREATED, '/home/mark/.cache/JetBrains/Kotlin/extract.cache/32578e5ff5-jbrsdk-25.0.4.1-linux-x64-b635.70.tar.gz.fb5378.d/jbrsdk-25.0.4.1-linux-x64-b635.70/legal/java.xml/xalan.md' CREATED, '/home/mark/.cache/JetBrains/Kotlin/extract.cache/32578e5ff5-jbrsdk-25.0.4.1-linux-x64-b635.70.tar.gz.fb5378.d/jbrsdk-25.0.4.1-linux-x64-b635.70/legal/java.xml/schema10part1.md' CREATED, '/home/mark/.cache/JetBrains/Kotlin/extract.cache/32578e5ff5-jbrsdk-25.0.4.1-linux-x64-b635.70.tar.gz.fb5378.d/jbrsdk-25.0.4.1-linux-x64-b635.70/legal/java.instrument/LICENSE' CREATED, '/home/mark/.cache/JetBrains/Kotlin/extract.cache/32578e5ff5-jbrsdk-25.0.4.1-linux-x64-b635.70.tar.gz.fb5378.d/jbrsdk-25.0.4.1-linux-x64-b635.70/legal/java.instrument/ADDITIONAL_LICENSE_INFO' CREATED, '/home/mark/.cache/JetBrains/Kotlin/extract.cache/32578e5ff5-jbrsdk-25.0.4.1-linux-x64-b635.70.tar.gz.fb5378.d/jbrsdk-25.0.4.1-linux-x64-b635.70/legal/java.instrument/README.JAVASE' CREATED, '/home/mark/.cache/JetBrains/Kotlin/extract.cache/32578e5ff5-jbrsdk-25.0.4.1-linux-x64-b635.70.tar.gz.fb5378.d/jbrsdk-25.0.4.1-linux-x64-b635.70/legal/java.instrument/ASSEMBLY_EXCEPTION' CREATED, '/home/mark/.cache/JetBrains/Kotlin/extract.cache/32578e5ff5-jbrsdk-25.0.4.1-linux-x64-b635.70.tar.gz.fb5378.d/jbrsdk-25.0.4.1-linux-x64-b635.70/legal/java.smartcardio/LICENSE' CREATED, '/home/mark/.cache/JetBrains/Kotlin/extract.cache/32578e5ff5-jbrsdk-25.0.4.1-linux-x64-b635.70.tar.gz.fb5378.d/jbrsdk-25.0.4.1-linux-x64-b635.70/legal/java.smartcardio/ADDITIONAL_LICENSE_INFO' CREATED, '/home/mark/.cache/JetBrains/Kotlin/extract.cache/32578e5ff5-jbrsdk-25.0.4.1-linux-x64-b635.70.tar.gz.fb5378.d/jbrsdk-25.0.4.1-linux-x64-b635.70/legal/java.smartcardio/README.JAVASE' CREATED, '/home/mark/.cache/JetBrains/Kotlin/extract.cache/32578e5ff5-jbrsdk-25.0.4.1-linux-x64-b635.70.tar.gz.fb5378.d/jbrsdk-25.0.4.1-linux-x64-b635.70/legal/java.smartcardio/pcsclite.md' CREATED, '/home/mark/.cache/JetBrains/Kotlin/extract.cache/32578e5ff5-jbrsdk-25.0.4.1-linux-x64-b635.70.tar.gz.fb5378.d/jbrsdk-25.0.4.1-linux-x64-b635.70/legal/java.smartcardio/ASSEMBLY_EXCEPTION' CREATED, '/home/mark/.cache/JetBrains/Kotlin/extract.cache/32578e5ff5-jbrsdk-25.0.4.1-linux-x64-b635.70.tar.gz.fb5378.d/jbrsdk-25.0.4.1-linux-x64-b635.70/legal/jdk.jsobject/LICENSE' CREATED, '/home/mark/.cache/JetBrains/Kotlin/extract.cache/32578e5ff5-jbrsdk-25.0.4.1-linux-x64-b635.70.tar.gz.fb5378.d/jbrsdk-25.0.4.1-linux-x64-b635.70/legal/jdk.jsobject/ADDITIONAL_LICENSE_INFO' CREATED, '/home/mark/.cache/JetBrains/Kotlin/extract.cache/32578e5ff5-jbrsdk-25.0.4.1-linux-x64-b635.70.tar.gz.fb5378.d/jbrsdk-25.0.4.1-linux-x64-b635.70/legal/jdk.jsobject/README.JAVASE' CREATED, '/home/mark/.cache/JetBrains/Kotlin/extract.cache/32578e5ff5-jbrsdk-25.0.4.1-linux-x64-b635.70.tar.gz.fb5378.d/jbrsdk-25.0.4.1-linux-x64-b635.70/legal/jdk.jsobject/ASSEMBLY_EXCEPTION' CREATED, '/home/mark/.cache/JetBrains/Kotlin/extract.cache/32578e5ff5-jbrsdk-25.0.4.1-linux-x64-b635.70.tar.gz.fb5378.d/jbrsdk-25.0.4.1-linux-x64-b635.70/legal/jdk.jartool/LICENSE' CREATED, '/home/mark/.cache/JetBrains/Kotlin/extract.cache/32578e5ff5-jbrsdk-25.0.4.1-linux-x64-b635.70.tar.gz.fb5378.d/jbrsdk-25.0.4.1-linux-x64-b635.70/legal/jdk.jartool/ADDITIONAL_LICENSE_INFO' CREATED, '/home/mark/.cache/JetBrains/Kotlin/extract.cache/32578e5ff5-jbrsdk-25.0.4.1-linux-x64-b635.70.tar.gz.fb5378.d/jbrsdk-25.0.4.1-linux-x64-b635.70/legal/jdk.jartool/README.JAVASE' CREATED, '/home/mark/.cache/JetBrains/Kotlin/extract.cache/32578e5ff5-jbrsdk-25.0.4.1-linux-x64-b635.70.tar.gz.fb5378.d/jbrsdk-25.0.4.1-linux-x64-b635.70/legal/jdk.jartool/ASSEMBLY_EXCEPTION' CREATED, '/home/mark/.cache/JetBrains/Kotlin/extract.cache/32578e5ff5-jbrsdk-25.0.4.1-linux-x64-b635.70.tar.gz.fb5378.d/jbrsdk-25.0.4.1-linux-x64-b635.70/legal/java.base/cldr.md' CREATED, '/home/mark/.cache/JetBrains/Kotlin/extract.cache/32578e5ff5-jbrsdk-25.0.4.1-linux-x64-b635.70.tar.gz.fb5378.d/jbrsdk-25.0.4.1-linux-x64-b635.70/legal/java.base/LICENSE' CREATED, '/home/mark/.cache/JetBrains/Kotlin/extract.cache/32578e5ff5-jbrsdk-25.0.4.1-linux-x64-b635.70.tar.gz.fb5378.d/jbrsdk-25.0.4.1-linux-x64-b635.70/legal/java.base/aes.md' CREATED, '/home/mark/.cache/JetBrains/Kotlin/extract.cache/32578e5ff5-jbrsdk-25.0.4.1-linux-x64-b635.70.tar.gz.fb5378.d/jbrsdk-25.0.4.1-linux-x64-b635.70/legal/java.base/public_suffix.md' CREATED, '/home/mark/.cache/JetBrains/Kotlin/extract.cache/32578e5ff5-jbrsdk-25.0.4.1-linux-x64-b635.70.tar.gz.fb5378.d/jbrsdk-25.0.4.1-linux-x64-b635.70/legal/java.base/siphash.md' CREATED, '/home/mark/.cache/JetBrains/Kotlin/extract.cache/32578e5ff5-jbrsdk-25.0.4.1-linux-x64-b635.70.tar.gz.fb5378.d/jbrsdk-25.0.4.1-linux-x64-b635.70/legal/java.base/unicode.md' CREATED, '/home/mark/.cache/JetBrains/Kotlin/extract.cache/32578e5ff5-jbrsdk-25.0.4.1-linux-x64-b635.70.tar.gz.fb5378.d/jbrsdk-25.0.4.1-linux-x64-b635.70/legal/java.base/ADDITIONAL_LICENSE_INFO' CREATED, '/home/mark/.cache/JetBrains/Kotlin/extract.cache/32578e5ff5-jbrsdk-25.0.4.1-linux-x64-b635.70.tar.gz.fb5378.d/jbrsdk-25.0.4.1-linux-x64-b635.70/legal/java.base/README.JAVASE' CREATED, '/home/mark/.cache/JetBrains/Kotlin/extract.cache/32578e5ff5-jbrsdk-25.0.4.1-linux-x64-b635.70.tar.gz.fb5378.d/jbrsdk-25.0.4.1-linux-x64-b635.70/legal/java.base/ASSEMBLY_EXCEPTION' CREATED, '/home/mark/.cache/JetBrains/Kotlin/extract.cache/32578e5ff5-jbrsdk-25.0.4.1-linux-x64-b635.70.tar.gz.fb5378.d/jbrsdk-25.0.4.1-linux-x64-b635.70/legal/java.base/gcc.md' CREATED, '/home/mark/.cache/JetBrains/Kotlin/extract.cache/32578e5ff5-jbrsdk-25.0.4.1-linux-x64-b635.70.tar.gz.fb5378.d/jbrsdk-25.0.4.1-linux-x64-b635.70/legal/java.base/c-libutl.md' CREATED, '/home/mark/.cache/JetBrains/Kotlin/extract.cache/32578e5ff5-jbrsdk-25.0.4.1-linux-x64-b635.70.tar.gz.fb5378.d/jbrsdk-25.0.4.1-linux-x64-b635.70/legal/java.base/icu.md' CREATED, '/home/mark/.cache/JetBrains/Kotlin/extract.cache/32578e5ff5-jbrsdk-25.0.4.1-linux-x64-b635.70.tar.gz.fb5378.d/jbrsdk-25.0.4.1-linux-x64-b635.70/legal/jdk.httpserver/LICENSE' CREATED, '/home/mark/.cache/JetBrains/Kotlin/extract.cache/32578e5ff5-jbrsdk-25.0.4.1-linux-x64-b635.70.tar.gz.fb5378.d/jbrsdk-25.0.4.1-linux-x64-b635.70/legal/jdk.httpserver/ADDITIONAL_LICENSE_INFO' CREATED, '/home/mark/.cache/JetBrains/Kotlin/extract.cache/32578e5ff5-jbrsdk-25.0.4.1-linux-x64-b635.70.tar.gz.fb5378.d/jbrsdk-25.0.4.1-linux-x64-b635.70/legal/jdk.httpserver/README.JAVASE' CREATED, '/home/mark/.cache/JetBrains/Kotlin/extract.cache/32578e5ff5-jbrsdk-25.0.4.1-linux-x64-b635.70.tar.gz.fb5378.d/jbrsdk-25.0.4.1-linux-x64-b635.70/legal/jdk.httpserver/ASSEMBLY_EXCEPTION' CREATED, '/home/mark/.cache/JetBrains/Kotlin/extract.cache/32578e5ff5-jbrsdk-25.0.4.1-linux-x64-b635.70.tar.gz.fb5378.d/jbrsdk-25.0.4.1-linux-x64-b635.70/legal/jdk.graal.compiler/LICENSE' CREATED, '/home/mark/.cache/JetBrains/Kotlin/extract.cache/32578e5ff5-jbrsdk-25.0.4.1-linux-x64-b635.70.tar.gz.fb5378.d/jbrsdk-25.0.4.1-linux-x64-b635.70/legal/jdk.graal.compiler/ADDITIONAL_LICENSE_INFO' CREATED, '/home/mark/.cache/JetBrains/Kotlin/extract.cache/32578e5ff5-jbrsdk-25.0.4.1-linux-x64-b635.70.tar.gz.fb5378.d/jbrsdk-25.0.4.1-linux-x64-b635.70/legal/jdk.graal.compiler/README.JAVASE' CREATED, '/home/mark/.cache/JetBrains/Kotlin/extract.cache/32578e5ff5-jbrsdk-25.0.4.1-linux-x64-b635.70.tar.gz.fb5378.d/jbrsdk-25.0.4.1-linux-x64-b635.70/legal/jdk.graal.compiler/ASSEMBLY_EXCEPTION' CREATED, '/home/mark/.cache/JetBrains/Kotlin/extract.cache/32578e5ff5-jbrsdk-25.0.4.1-linux-x64-b635.70.tar.gz.fb5378.d/jbrsdk-25.0.4.1-linux-x64-b635.70/legal/java.scripting/LICENSE' CREATED, '/home/mark/.cache/JetBrains/Kotlin/extract.cache/32578e5ff5-jbrsdk-25.0.4.1-linux-x64-b635.70.tar.gz.fb5378.d/jbrsdk-25.0.4.1-linux-x64-b635.70/legal/java.scripting/ADDITIONAL_LICENSE_INFO' CREATED, '/home/mark/.cache/JetBrains/Kotlin/extract.cache/32578e5ff5-jbrsdk-25.0.4.1-linux-x64-b635.70.tar.gz.fb5378.d/jbrsdk-25.0.4.1-linux-x64-b635.70/legal/java.scripting/README.JAVASE' CREATED, '/home/mark/.cache/JetBrains/Kotlin/extract.cache/32578e5ff5-jbrsdk-25.0.4.1-linux-x64-b635.70.tar.gz.fb5378.d/jbrsdk-25.0.4.1-linux-x64-b635.70/legal/java.scripting/ASSEMBLY_EXCEPTION' CREATED, '/home/mark/.cache/JetBrains/Kotlin/extract.cache/32578e5ff5-jbrsdk-25.0.4.1-linux-x64-b635.70.tar.gz.fb5378.d/jbrsdk-25.0.4.1-linux-x64-b635.70/legal/jdk.zipfs/LICENSE' CREATED, '/home/mark/.cache/JetBrains/Kotlin/extract.cache/32578e5ff5-jbrsdk-25.0.4.1-linux-x64-b635.70.tar.gz.fb5378.d/jbrsdk-25.0.4.1-linux-x64-b635.70/legal/jdk.zipfs/ADDITIONAL_LICENSE_INFO' CREATED, '/home/mark/.cache/JetBrains/Kotlin/extract.cache/32578e5ff5-jbrsdk-25.0.4.1-linux-x64-b635.70.tar.gz.fb5378.d/jbrsdk-25.0.4.1-linux-x64-b635.70/legal/jdk.zipfs/README.JAVASE' CREATED, '/home/mark/.cache/JetBrains/Kotlin/extract.cache/32578e5ff5-jbrsdk-25.0.4.1-linux-x64-b635.70.tar.gz.fb5378.d/jbrsdk-25.0.4.1-linux-x64-b635.70/legal/jdk.zipfs/ASSEMBLY_EXCEPTION' CREATED, '/home/mark/.cache/JetBrains/Kotlin/extract.cache/32578e5ff5-jbrsdk-25.0.4.1-linux-x64-b635.70.tar.gz.fb5378.d/jbrsdk-25.0.4.1-linux-x64-b635.70/legal/jdk.jdi/LICENSE' CREATED, '/home/mark/.cache/JetBrains/Kotlin/extract.cache/32578e5ff5-jbrsdk-25.0.4.1-linux-x64-b635.70.tar.gz.fb5378.d/jbrsdk-25.0.4.1-linux-x64-b635.70/legal/jdk.jdi/ADDITIONAL_LICENSE_INFO' CREATED, '/home/mark/.cache/JetBrains/Kotlin/extract.cache/32578e5ff5-jbrsdk-25.0.4.1-linux-x64-b635.70.tar.gz.fb5378.d/jbrsdk-25.0.4.1-linux-x64-b635.70/legal/jdk.jdi/README.JAVASE' CREATED, '/home/mark/.cache/JetBrains/Kotlin/extract.cache/32578e5ff5-jbrsdk-25.0.4.1-linux-x64-b635.70.tar.gz.fb5378.d/jbrsdk-25.0.4.1-linux-x64-b635.70/legal/jdk.jdi/ASSEMBLY_EXCEPTION' CREATED, '/home/mark/.cache/JetBrains/Kotlin/extract.cache/32578e5ff5-jbrsdk-25.0.4.1-linux-x64-b635.70.tar.gz.fb5378.d/jbrsdk-25.0.4.1-linux-x64-b635.70/legal/java.management/LICENSE' CREATED, '/home/mark/.cache/JetBrains/Kotlin/extract.cache/32578e5ff5-jbrsdk-25.0.4.1-linux-x64-b635.70.tar.gz.fb5378.d/jbrsdk-25.0.4.1-linux-x64-b635.70/legal/java.management/ADDITIONAL_LICENSE_INFO' CREATED, '/home/mark/.cache/JetBrains/Kotlin/extract.cache/32578e5ff5-jbrsdk-25.0.4.1-linux-x64-b635.70.tar.gz.fb5378.d/jbrsdk-25.0.4.1-linux-x64-b635.70/legal/java.management/README.JAVASE' CREATED, '/home/mark/.cache/JetBrains/Kotlin/extract.cache/32578e5ff5-jbrsdk-25.0.4.1-linux-x64-b635.70.tar.gz.fb5378.d/jbrsdk-25.0.4.1-linux-x64-b635.70/legal/java.management/ASSEMBLY_EXCEPTION' CREATED, '/home/mark/.cache/JetBrains/Kotlin/extract.cache/32578e5ff5-jbrsdk-25.0.4.1-linux-x64-b635.70.tar.gz.fb5378.d/jbrsdk-25.0.4.1-linux-x64-b635.70/bin/jarsigner' CREATED, '/home/mark/.cache/JetBrains/Kotlin/extract.cache/32578e5ff5-jbrsdk-25.0.4.1-linux-x64-b635.70.tar.gz.fb5378.d/jbrsdk-25.0.4.1-linux-x64-b635.70/bin/javap' CREATED, '/home/mark/.cache/JetBrains/Kotlin/extract.cache/32578e5ff5-jbrsdk-25.0.4.1-linux-x64-b635.70.tar.gz.fb5378.d/jbrsdk-25.0.4.1-linux-x64-b635.70/bin/jdb' CREATED, '/home/mark/.cache/JetBrains/Kotlin/extract.cache/32578e5ff5-jbrsdk-25.0.4.1-linux-x64-b635.70.tar.gz.fb5378.d/jbrsdk-25.0.4.1-linux-x64-b635.70/bin/serialver' CREATED, '/home/mark/.cache/JetBrains/Kotlin/extract.cache/32578e5ff5-jbrsdk-25.0.4.1-linux-x64-b635.70.tar.gz.fb5378.d/jbrsdk-25.0.4.1-linux-x64-b635.70/bin/jimage' CREATED, '/home/mark/.cache/JetBrains/Kotlin/extract.cache/32578e5ff5-jbrsdk-25.0.4.1-linux-x64-b635.70.tar.gz.fb5378.d/jbrsdk-25.0.4.1-linux-x64-b635.70/bin/java' CREATED, '/home/mark/.cache/JetBrains/Kotlin/extract.cache/32578e5ff5-jbrsdk-25.0.4.1-linux-x64-b635.70.tar.gz.fb5378.d/jbrsdk-25.0.4.1-linux-x64-b635.70/bin/jmod' CREATED, '/home/mark/.cache/JetBrains/Kotlin/extract.cache/32578e5ff5-jbrsdk-25.0.4.1-linux-x64-b635.70.tar.gz.fb5378.d/jbrsdk-25.0.4.1-linux-x64-b635.70/bin/jrunscript' CREATED, '/home/mark/.cache/JetBrains/Kotlin/extract.cache/32578e5ff5-jbrsdk-25.0.4.1-linux-x64-b635.70.tar.gz.fb5378.d/jbrsdk-25.0.4.1-linux-x64-b635.70/bin/jstack' CREATED, '/home/mark/.cache/JetBrains/Kotlin/extract.cache/32578e5ff5-jbrsdk-25.0.4.1-linux-x64-b635.70.tar.gz.fb5378.d/jbrsdk-25.0.4.1-linux-x64-b635.70/bin/jconsole' CREATED, '/home/mark/.cache/JetBrains/Kotlin/extract.cache/32578e5ff5-jbrsdk-25.0.4.1-linux-x64-b635.70.tar.gz.fb5378.d/jbrsdk-25.0.4.1-linux-x64-b635.70/bin/jar' CREATED, '/home/mark/.cache/JetBrains/Kotlin/extract.cache/32578e5ff5-jbrsdk-25.0.4.1-linux-x64-b635.70.tar.gz.fb5378.d/jbrsdk-25.0.4.1-linux-x64-b635.70/bin/jcmd' CREATED, '/home/mark/.cache/JetBrains/Kotlin/extract.cache/32578e5ff5-jbrsdk-25.0.4.1-linux-x64-b635.70.tar.gz.fb5378.d/jbrsdk-25.0.4.1-linux-x64-b635.70/bin/jps' CREATED, '/home/mark/.cache/JetBrains/Kotlin/extract.cache/32578e5ff5-jbrsdk-25.0.4.1-linux-x64-b635.70.tar.gz.fb5378.d/jbrsdk-25.0.4.1-linux-x64-b635.70/bin/rmiregistry' CREATED, '/home/mark/.cache/JetBrains/Kotlin/extract.cache/32578e5ff5-jbrsdk-25.0.4.1-linux-x64-b635.70.tar.gz.fb5378.d/jbrsdk-25.0.4.1-linux-x64-b635.70/bin/jfr' CREATED, '/home/mark/.cache/JetBrains/Kotlin/extract.cache/32578e5ff5-jbrsdk-25.0.4.1-linux-x64-b635.70.tar.gz.fb5378.d/jbrsdk-25.0.4.1-linux-x64-b635.70/bin/jinfo' CREATED, '/home/mark/.cache/JetBrains/Kotlin/extract.cache/32578e5ff5-jbrsdk-25.0.4.1-linux-x64-b635.70.tar.gz.fb5378.d/jbrsdk-25.0.4.1-linux-x64-b635.70/bin/jstatd' CREATED, '/home/mark/.cache/JetBrains/Kotlin/extract.cache/32578e5ff5-jbrsdk-25.0.4.1-linux-x64-b635.70.tar.gz.fb5378.d/jbrsdk-25.0.4.1-linux-x64-b635.70/bin/jdeps' CREATED, '/home/mark/.cache/JetBrains/Kotlin/extract.cache/32578e5ff5-jbrsdk-25.0.4.1-linux-x64-b635.70.tar.gz.fb5378.d/jbrsdk-25.0.4.1-linux-x64-b635.70/bin/jdeprscan' CREATED, '/home/mark/.cache/JetBrains/Kotlin/extract.cache/32578e5ff5-jbrsdk-25.0.4.1-linux-x64-b635.70.tar.gz.fb5378.d/jbrsdk-25.0.4.1-linux-x64-b635.70/bin/jshell' CREATED, '/home/mark/.cache/JetBrains/Kotlin/extract.cache/32578e5ff5-jbrsdk-25.0.4.1-linux-x64-b635.70.tar.gz.fb5378.d/jbrsdk-25.0.4.1-linux-x64-b635.70/bin/jnativescan' CREATED, '/home/mark/.cache/JetBrains/Kotlin/extract.cache/32578e5ff5-jbrsdk-25.0.4.1-linux-x64-b635.70.tar.gz.fb5378.d/jbrsdk-25.0.4.1-linux-x64-b635.70/bin/jmap' CREATED, '/home/mark/.cache/JetBrains/Kotlin/extract.cache/32578e5ff5-jbrsdk-25.0.4.1-linux-x64-b635.70.tar.gz.fb5378.d/jbrsdk-25.0.4.1-linux-x64-b635.70/bin/javac' CREATED, '/home/mark/.cache/JetBrains/Kotlin/extract.cache/32578e5ff5-jbrsdk-25.0.4.1-linux-x64-b635.70.tar.gz.fb5378.d/jbrsdk-25.0.4.1-linux-x64-b635.70/bin/jstat' CREATED, '/home/mark/.cache/JetBrains/Kotlin/extract.cache/32578e5ff5-jbrsdk-25.0.4.1-linux-x64-b635.70.tar.gz.fb5378.d/jbrsdk-25.0.4.1-linux-x64-b635.70/bin/jlink' CREATED, '/home/mark/.cache/JetBrains/Kotlin/extract.cache/32578e5ff5-jbrsdk-25.0.4.1-linux-x64-b635.70.tar.gz.fb5378.d/jbrsdk-25.0.4.1-linux-x64-b635.70/bin/jpackage' CREATED, '/home/mark/.cache/JetBrains/Kotlin/extract.cache/32578e5ff5-jbrsdk-25.0.4.1-linux-x64-b635.70.tar.gz.fb5378.d/jbrsdk-25.0.4.1-linux-x64-b635.70/bin/javadoc' CREATED, '/home/mark/.cache/JetBrains/Kotlin/extract.cache/32578e5ff5-jbrsdk-25.0.4.1-linux-x64-b635.70.tar.gz.fb5378.d/jbrsdk-25.0.4.1-linux-x64-b635.70/bin/keytool' CREATED, '/home/mark/.cache/JetBrains/Kotlin/extract.cache/32578e5ff5-jbrsdk-25.0.4.1-linux-x64-b635.70.tar.gz.fb5378.d/jbrsdk-25.0.4.1-linux-x64-b635.70/bin/jwebserver' CREATED, '/home/mark/.cache/JetBrains/Kotlin/extract.cache/32578e5ff5-jbrsdk-25.0.4.1-linux-x64-b635.70.tar.gz.fb5378.d/jbrsdk-25.0.4.1-linux-x64-b635.70/bin/jhsdb' CREATED
00:28.192 DEBUG :desktopApp:hotRunJvm     IncrementalCache          [inc] building 'resolve-[org.jetbrains.compose.hot-reload:hot-reload-agent:1.2.0, org.jetbrains.compose.hot-reload:hot-reload-runtime-jvm:1.2.0] (RUNTIME, JVM)'
00:28.558 DEBUG :desktopApp:hotRunJvm     DependencyFileImpl        Downloaded https://repo1.maven.org/maven2/org/jetbrains/compose/hot-reload/hot-reload-runtime-jvm/1.2.0/hot-reload-runtime-jvm-1.2.0.pom.sha512 for the dependency org.jetbrains.compose.hot-reload:hot-reload-runtime-jvm:1.2.0
00:28.617 DEBUG :desktopApp:hotRunJvm     DependencyFileImpl        Downloaded https://repo1.maven.org/maven2/org/jetbrains/compose/hot-reload/hot-reload-agent/1.2.0/hot-reload-agent-1.2.0.pom.sha512 for the dependency org.jetbrains.compose.hot-reload:hot-reload-agent:1.2.0
00:28.647 DEBUG :desktopApp:hotRunJvm     DependencyFileImpl        Downloaded https://repo1.maven.org/maven2/org/jetbrains/compose/hot-reload/hot-reload-runtime-jvm/1.2.0/hot-reload-runtime-jvm-1.2.0.pom for the dependency org.jetbrains.compose.hot-reload:hot-reload-runtime-jvm:1.2.0
00:28.739 DEBUG :desktopApp:hotRunJvm     DependencyFileImpl        Downloaded https://repo1.maven.org/maven2/org/jetbrains/compose/hot-reload/hot-reload-agent/1.2.0/hot-reload-agent-1.2.0.pom for the dependency org.jetbrains.compose.hot-reload:hot-reload-agent:1.2.0
00:28.788 DEBUG :desktopApp:hotRunJvm     DependencyFileImpl        Downloaded https://repo1.maven.org/maven2/org/jetbrains/compose/hot-reload/hot-reload-runtime-jvm/1.2.0/hot-reload-runtime-jvm-1.2.0.module.sha512 for the dependency org.jetbrains.compose.hot-reload:hot-reload-runtime-jvm:1.2.0
00:28.814 DEBUG :desktopApp:hotRunJvm     DependencyFileImpl        Downloaded https://repo1.maven.org/maven2/org/jetbrains/compose/hot-reload/hot-reload-agent/1.2.0/hot-reload-agent-1.2.0.module.sha512 for the dependency org.jetbrains.compose.hot-reload:hot-reload-agent:1.2.0
00:28.873 DEBUG :desktopApp:hotRunJvm     DependencyFileImpl        Downloaded https://repo1.maven.org/maven2/org/jetbrains/compose/hot-reload/hot-reload-agent/1.2.0/hot-reload-agent-1.2.0.module for the dependency org.jetbrains.compose.hot-reload:hot-reload-agent:1.2.0
00:28.924 DEBUG :desktopApp:hotRunJvm     DependencyFileImpl        Downloaded https://repo1.maven.org/maven2/org/jetbrains/compose/hot-reload/hot-reload-runtime-jvm/1.2.0/hot-reload-runtime-jvm-1.2.0.module for the dependency org.jetbrains.compose.hot-reload:hot-reload-runtime-jvm:1.2.0
00:28.998 DEBUG :desktopApp:hotRunJvm     DependencyFileImpl        Downloaded https://repo1.maven.org/maven2/org/jetbrains/compose/hot-reload/hot-reload-devtools-api/1.2.0/hot-reload-devtools-api-1.2.0.pom.sha512 for the dependency org.jetbrains.compose.hot-reload:hot-reload-devtools-api:1.2.0
00:29.066 DEBUG :desktopApp:hotRunJvm     DependencyFileImpl        Downloaded https://repo1.maven.org/maven2/org/jetbrains/compose/hot-reload/hot-reload-devtools-api/1.2.0/hot-reload-devtools-api-1.2.0.pom for the dependency org.jetbrains.compose.hot-reload:hot-reload-devtools-api:1.2.0
00:29.082 DEBUG :desktopApp:hotRunJvm     DependencyFileImpl        Not found URL: https://repo1.maven.org/maven2/org/jetbrains/kotlin/kotlin-stdlib/2.1.21/kotlin-stdlib-2.1.21.pom.sha512
00:29.204 DEBUG :desktopApp:hotRunJvm     DependencyFileImpl        Not found URL: https://repo1.maven.org/maven2/org/jetbrains/kotlin/kotlin-stdlib/2.1.21/kotlin-stdlib-2.1.21.pom.sha256
00:29.225 DEBUG :desktopApp:hotRunJvm     DependencyFileImpl        Downloaded https://repo1.maven.org/maven2/org/jetbrains/compose/hot-reload/hot-reload-devtools-api/1.2.0/hot-reload-devtools-api-1.2.0.module.sha512 for the dependency org.jetbrains.compose.hot-reload:hot-reload-devtools-api:1.2.0
00:29.273 DEBUG :desktopApp:hotRunJvm     DependencyFileImpl        Downloaded https://repo1.maven.org/maven2/org/jetbrains/kotlin/kotlin-stdlib/2.1.21/kotlin-stdlib-2.1.21.pom.sha1 for the dependency org.jetbrains.kotlin:kotlin-stdlib:2.1.21
00:29.291 DEBUG :desktopApp:hotRunJvm     DependencyFileImpl        Downloaded https://repo1.maven.org/maven2/org/jetbrains/compose/hot-reload/hot-reload-devtools-api/1.2.0/hot-reload-devtools-api-1.2.0.module for the dependency org.jetbrains.compose.hot-reload:hot-reload-devtools-api:1.2.0
00:29.304 DEBUG :desktopApp:hotRunJvm     DependencyFileImpl        Downloaded https://repo1.maven.org/maven2/org/jetbrains/kotlin/kotlin-stdlib/2.1.21/kotlin-stdlib-2.1.21.pom for the dependency org.jetbrains.kotlin:kotlin-stdlib:2.1.21
00:29.354 DEBUG :desktopApp:hotRunJvm     DependencyFileImpl        Downloaded https://repo1.maven.org/maven2/org/jetbrains/compose/hot-reload/hot-reload-orchestration/1.2.0/hot-reload-orchestration-1.2.0.pom.sha512 for the dependency org.jetbrains.compose.hot-reload:hot-reload-orchestration:1.2.0
00:29.371 DEBUG :desktopApp:hotRunJvm     DependencyFileImpl        Downloaded https://repo1.maven.org/maven2/org/jetbrains/compose/hot-reload/hot-reload-core/1.2.0/hot-reload-core-1.2.0.pom.sha512 for the dependency org.jetbrains.compose.hot-reload:hot-reload-core:1.2.0
00:29.417 DEBUG :desktopApp:hotRunJvm     DependencyFileImpl        Downloaded https://repo1.maven.org/maven2/org/jetbrains/compose/hot-reload/hot-reload-orchestration/1.2.0/hot-reload-orchestration-1.2.0.pom for the dependency org.jetbrains.compose.hot-reload:hot-reload-orchestration:1.2.0
00:29.438 DEBUG :desktopApp:hotRunJvm     DependencyFileImpl        Downloaded https://repo1.maven.org/maven2/org/jetbrains/compose/hot-reload/hot-reload-core/1.2.0/hot-reload-core-1.2.0.pom for the dependency org.jetbrains.compose.hot-reload:hot-reload-core:1.2.0
00:29.449 DEBUG :desktopApp:hotRunJvm     DependencyFileImpl        Not found URL: https://repo1.maven.org/maven2/org/jetbrains/kotlin/kotlin-stdlib/2.1.21/kotlin-stdlib-2.1.21.module.sha512
00:29.479 DEBUG :desktopApp:hotRunJvm     DependencyFileImpl        Downloaded https://repo1.maven.org/maven2/org/jetbrains/compose/hot-reload/hot-reload-orchestration/1.2.0/hot-reload-orchestration-1.2.0.module.sha512 for the dependency org.jetbrains.compose.hot-reload:hot-reload-orchestration:1.2.0
00:29.508 DEBUG :desktopApp:hotRunJvm     DependencyFileImpl        Downloaded https://repo1.maven.org/maven2/org/jetbrains/compose/hot-reload/hot-reload-core/1.2.0/hot-reload-core-1.2.0.module.sha512 for the dependency org.jetbrains.compose.hot-reload:hot-reload-core:1.2.0
00:29.545 DEBUG :desktopApp:hotRunJvm     DependencyFileImpl        Downloaded https://repo1.maven.org/maven2/org/jetbrains/compose/hot-reload/hot-reload-orchestration/1.2.0/hot-reload-orchestration-1.2.0.module for the dependency org.jetbrains.compose.hot-reload:hot-reload-orchestration:1.2.0
00:29.570 DEBUG :desktopApp:hotRunJvm     DependencyFileImpl        Not found URL: https://repo1.maven.org/maven2/org/jetbrains/kotlin/kotlin-stdlib/2.1.21/kotlin-stdlib-2.1.21.module.sha256
00:29.579 DEBUG :desktopApp:hotRunJvm     DependencyFileImpl        Downloaded https://repo1.maven.org/maven2/org/jetbrains/compose/hot-reload/hot-reload-core/1.2.0/hot-reload-core-1.2.0.module for the dependency org.jetbrains.compose.hot-reload:hot-reload-core:1.2.0
00:29.628 DEBUG :desktopApp:hotRunJvm     DependencyFileImpl        Downloaded https://repo1.maven.org/maven2/org/jetbrains/kotlin/kotlin-stdlib/2.1.21/kotlin-stdlib-2.1.21.module.sha1 for the dependency org.jetbrains.kotlin:kotlin-stdlib:2.1.21
00:29.684 DEBUG :desktopApp:hotRunJvm     DependencyFileImpl        Downloaded https://repo1.maven.org/maven2/org/jetbrains/kotlin/kotlin-stdlib/2.1.21/kotlin-stdlib-2.1.21.module for the dependency org.jetbrains.kotlin:kotlin-stdlib:2.1.21
00:29.965 DEBUG :desktopApp:hotRunJvm     DependencyFileImpl        Downloaded https://repo1.maven.org/maven2/org/jetbrains/compose/hot-reload/hot-reload-devtools-api/1.2.0/hot-reload-devtools-api-1.2.0.jar for the dependency org.jetbrains.compose.hot-reload:hot-reload-devtools-api:1.2.0
00:30.152 DEBUG :desktopApp:hotRunJvm     DependencyFileImpl        Downloaded https://repo1.maven.org/maven2/org/jetbrains/compose/hot-reload/hot-reload-core/1.2.0/hot-reload-core-1.2.0.jar for the dependency org.jetbrains.compose.hot-reload:hot-reload-core:1.2.0
00:30.153 DEBUG :desktopApp:hotRunJvm     DependencyFileImpl        Downloaded https://repo1.maven.org/maven2/org/jetbrains/compose/hot-reload/hot-reload-orchestration/1.2.0/hot-reload-orchestration-1.2.0.jar for the dependency org.jetbrains.compose.hot-reload:hot-reload-orchestration:1.2.0
00:30.154 DEBUG :desktopApp:hotRunJvm     DependencyFileImpl        Not found URL: https://repo1.maven.org/maven2/org/jetbrains/annotations/13.0/annotations-13.0.jar.sha512
00:30.194 DEBUG :desktopApp:hotRunJvm     DependencyFileImpl        Downloaded https://repo1.maven.org/maven2/org/jetbrains/compose/hot-reload/hot-reload-runtime-jvm/1.2.0/hot-reload-runtime-jvm-1.2.0.jar for the dependency org.jetbrains.compose.hot-reload:hot-reload-runtime-jvm:1.2.0
00:30.287 DEBUG :desktopApp:hotRunJvm     DependencyFileImpl        Not found URL: https://repo1.maven.org/maven2/org/jetbrains/annotations/13.0/annotations-13.0.jar.sha256
00:30.317 DEBUG :desktopApp:hotRunJvm     DependencyFileImpl        Downloaded https://repo1.maven.org/maven2/org/jetbrains/kotlin/kotlin-stdlib/2.1.21/kotlin-stdlib-2.1.21.jar for the dependency org.jetbrains.kotlin:kotlin-stdlib:2.1.21
00:30.374 DEBUG :desktopApp:hotRunJvm     DependencyFileImpl        Downloaded https://repo1.maven.org/maven2/org/jetbrains/compose/hot-reload/hot-reload-agent/1.2.0/hot-reload-agent-1.2.0-standalone.jar for the dependency org.jetbrains.compose.hot-reload:hot-reload-agent:1.2.0
00:30.374 DEBUG :desktopApp:hotRunJvm     DependencyFileImpl        Downloaded https://repo1.maven.org/maven2/org/jetbrains/annotations/13.0/annotations-13.0.jar.sha1 for the dependency org.jetbrains:annotations:13.0
00:30.427 DEBUG :desktopApp:hotRunJvm     DependencyFileImpl        Downloaded https://repo1.maven.org/maven2/org/jetbrains/annotations/13.0/annotations-13.0.jar for the dependency org.jetbrains:annotations:13.0
00:30.442 DEBUG :desktopApp:hotRunJvm     DependencyFileImpl        Downloaded https://repo1.maven.org/maven2/org/jetbrains/kotlin/kotlin-stdlib/2.1.21/kotlin-stdlib-2.1.21-sources.jar for the dependency org.jetbrains.kotlin:kotlin-stdlib:2.1.21
00:30.462 DEBUG :desktopApp:hotRunJvm     IncrementalCache          [inc] 'resolve-[org.jetbrains.compose.hot-reload:hot-reload-agent:1.2.0, org.jetbrains.compose.hot-reload:hot-reload-runtime-jvm:1.2.0] (RUNTIME, JVM)' changes: '/home/mark/.cache/JetBrains/Kotlin/.m2.cache/org/jetbrains/compose/hot-reload/hot-reload-agent/1.2.0/hot-reload-agent-1.2.0-standalone.jar' CREATED, '/home/mark/.cache/JetBrains/Kotlin/.m2.cache/org/jetbrains/compose/hot-reload/hot-reload-runtime-jvm/1.2.0/hot-reload-runtime-jvm-1.2.0.jar' CREATED, '/home/mark/.cache/JetBrains/Kotlin/.m2.cache/org/jetbrains/kotlin/kotlin-stdlib/2.1.21/kotlin-stdlib-2.1.21.jar' CREATED, '/home/mark/.cache/JetBrains/Kotlin/.m2.cache/org/jetbrains/compose/hot-reload/hot-reload-devtools-api/1.2.0/hot-reload-devtools-api-1.2.0.jar' CREATED, '/home/mark/.cache/JetBrains/Kotlin/.m2.cache/org/jetbrains/annotations/13.0/annotations-13.0.jar' CREATED, '/home/mark/.cache/JetBrains/Kotlin/.m2.cache/org/jetbrains/compose/hot-reload/hot-reload-core/1.2.0/hot-reload-core-1.2.0.jar' CREATED, '/home/mark/.cache/JetBrains/Kotlin/.m2.cache/org/jetbrains/compose/hot-reload/hot-reload-orchestration/1.2.0/hot-reload-orchestration-1.2.0.jar' CREATED, '/home/mark/.cache/JetBrains/Kotlin/.m2.cache/org/jetbrains/compose/hot-reload/hot-reload-annotations-jvm/1.2.0/hot-reload-annotations-jvm-1.2.0.jar' CREATED
00:30.468 DEBUG :desktopApp:hotRunJvm     IncrementalCache          [inc] 'resolve-[org.jetbrains.compose.hot-reload:hot-reload-agent:1.2.0, org.jetbrains.compose.hot-reload:hot-reload-runtime-jvm:1.2.0] (RUNTIME, JVM)' is up-to-date according to state file at '/home/mark/Nextcloud/Documents/School/2026 - Fall/SWE/tmp/build/incremental.state/resolve-_org.jetbrains.compose.hot-reload_hot-relo-d627170d0a'
00:30.469 DEBUG :desktopApp:hotRunJvm     IncrementalCache          [inc] building 'resolve-[org.jetbrains.compose.hot-reload:hot-reload-devtools:1.2.0, org.jetbrains.compose.desktop:desktop-jvm-linux-x64:1.12.1] (RUNTIME, JVM)'
00:30.539 DEBUG :desktopApp:hotRunJvm     DependencyFileImpl        Downloaded https://repo1.maven.org/maven2/org/jetbrains/compose/hot-reload/hot-reload-devtools/1.2.0/hot-reload-devtools-1.2.0.pom.sha512 for the dependency org.jetbrains.compose.hot-reload:hot-reload-devtools:1.2.0
00:30.601 DEBUG :desktopApp:hotRunJvm     DependencyFileImpl        Downloaded https://repo1.maven.org/maven2/org/jetbrains/compose/hot-reload/hot-reload-devtools/1.2.0/hot-reload-devtools-1.2.0.pom for the dependency org.jetbrains.compose.hot-reload:hot-reload-devtools:1.2.0
00:30.679 DEBUG :desktopApp:hotRunJvm     DependencyFileImpl        Downloaded https://repo1.maven.org/maven2/org/jetbrains/compose/hot-reload/hot-reload-devtools/1.2.0/hot-reload-devtools-1.2.0.module.sha512 for the dependency org.jetbrains.compose.hot-reload:hot-reload-devtools:1.2.0
00:30.746 DEBUG :desktopApp:hotRunJvm     DependencyFileImpl        Downloaded https://repo1.maven.org/maven2/org/jetbrains/compose/hot-reload/hot-reload-devtools/1.2.0/hot-reload-devtools-1.2.0.module for the dependency org.jetbrains.compose.hot-reload:hot-reload-devtools:1.2.0
00:30.816 DEBUG :desktopApp:hotRunJvm     DependencyFileImpl        Downloaded https://repo1.maven.org/maven2/io/sellmair/evas-compose/1.4.0/evas-compose-1.4.0.pom.sha512 for the dependency io.sellmair:evas-compose:1.4.0
00:30.820 DEBUG :desktopApp:hotRunJvm     DependencyFileImpl        Downloaded https://repo1.maven.org/maven2/org/jetbrains/compose/components/components-resources/1.11.1/components-resources-1.11.1.pom.sha512 for the dependency org.jetbrains.compose.components:components-resources:1.11.1
00:30.823 DEBUG :desktopApp:hotRunJvm     DependencyFileImpl        Downloaded https://repo1.maven.org/maven2/org/jetbrains/kotlinx/kotlinx-datetime/0.8.0/kotlinx-datetime-0.8.0.pom.sha512 for the dependency org.jetbrains.kotlinx:kotlinx-datetime:0.8.0
00:30.827 DEBUG :desktopApp:hotRunJvm     DependencyFileImpl        Downloaded https://repo1.maven.org/maven2/org/jetbrains/compose/material3/material3/1.9.0/material3-1.9.0.pom.sha512 for the dependency org.jetbrains.compose.material3:material3:1.9.0
00:30.829 DEBUG :desktopApp:hotRunJvm     DependencyFileImpl        Downloaded https://repo1.maven.org/maven2/org/jetbrains/compose/material/material-icons-core/1.7.3/material-icons-core-1.7.3.pom.sha512 for the dependency org.jetbrains.compose.material:material-icons-core:1.7.3
00:30.886 DEBUG :desktopApp:hotRunJvm     DependencyFileImpl        Downloaded https://repo1.maven.org/maven2/org/jetbrains/compose/components/components-resources/1.11.1/components-resources-1.11.1.pom for the dependency org.jetbrains.compose.components:components-resources:1.11.1
00:30.886 DEBUG :desktopApp:hotRunJvm     DependencyFileImpl        Downloaded https://repo1.maven.org/maven2/org/jetbrains/kotlinx/kotlinx-datetime/0.8.0/kotlinx-datetime-0.8.0.pom for the dependency org.jetbrains.kotlinx:kotlinx-datetime:0.8.0
00:30.892 DEBUG :desktopApp:hotRunJvm     DependencyFileImpl        Downloaded https://repo1.maven.org/maven2/org/jetbrains/compose/material3/material3/1.9.0/material3-1.9.0.pom for the dependency org.jetbrains.compose.material3:material3:1.9.0
00:30.893 DEBUG :desktopApp:hotRunJvm     DependencyFileImpl        Downloaded https://repo1.maven.org/maven2/io/sellmair/evas-compose/1.4.0/evas-compose-1.4.0.pom for the dependency io.sellmair:evas-compose:1.4.0
00:30.893 DEBUG :desktopApp:hotRunJvm     DependencyFileImpl        Downloaded https://repo1.maven.org/maven2/io/sellmair/evas/1.4.0/evas-1.4.0.pom.sha512 for the dependency io.sellmair:evas:1.4.0
00:30.951 DEBUG :desktopApp:hotRunJvm     DependencyFileImpl        Downloaded https://repo1.maven.org/maven2/io/sellmair/evas/1.4.0/evas-1.4.0.pom for the dependency io.sellmair:evas:1.4.0
00:30.951 DEBUG :desktopApp:hotRunJvm     DependencyFileImpl        Downloaded https://repo1.maven.org/maven2/org/jetbrains/compose/material/material-icons-core/1.7.3/material-icons-core-1.7.3.pom for the dependency org.jetbrains.compose.material:material-icons-core:1.7.3
00:30.951 DEBUG :desktopApp:hotRunJvm     DependencyFileImpl        Downloaded https://repo1.maven.org/maven2/org/jetbrains/kotlinx/kotlinx-datetime/0.8.0/kotlinx-datetime-0.8.0.module.sha512 for the dependency org.jetbrains.kotlinx:kotlinx-datetime:0.8.0
00:30.955 DEBUG :desktopApp:hotRunJvm     DependencyFileImpl        Downloaded https://repo1.maven.org/maven2/org/jetbrains/compose/material3/material3/1.9.0/material3-1.9.0.module.sha512 for the dependency org.jetbrains.compose.material3:material3:1.9.0
00:31.010 DEBUG :desktopApp:hotRunJvm     DependencyFileImpl        Downloaded https://repo1.maven.org/maven2/org/jetbrains/compose/components/components-resources/1.11.1/components-resources-1.11.1.module.sha512 for the dependency org.jetbrains.compose.components:components-resources:1.11.1
00:31.024 DEBUG :desktopApp:hotRunJvm     DependencyFileImpl        Downloaded https://repo1.maven.org/maven2/org/jetbrains/kotlinx/kotlinx-datetime/0.8.0/kotlinx-datetime-0.8.0.module for the dependency org.jetbrains.kotlinx:kotlinx-datetime:0.8.0
00:31.026 DEBUG :desktopApp:hotRunJvm     DependencyFileImpl        Downloaded https://repo1.maven.org/maven2/org/jetbrains/compose/material3/material3/1.9.0/material3-1.9.0.module for the dependency org.jetbrains.compose.material3:material3:1.9.0
00:31.027 DEBUG :desktopApp:hotRunJvm     DependencyFileImpl        Downloaded https://repo1.maven.org/maven2/io/sellmair/evas/1.4.0/evas-1.4.0.module.sha512 for the dependency io.sellmair:evas:1.4.0
00:31.031 DEBUG :desktopApp:hotRunJvm     DependencyFileImpl        Downloaded https://repo1.maven.org/maven2/io/sellmair/evas-compose/1.4.0/evas-compose-1.4.0.module.sha512 for the dependency io.sellmair:evas-compose:1.4.0
00:31.036 DEBUG :desktopApp:hotRunJvm     DependencyFileImpl        Downloaded https://repo1.maven.org/maven2/org/jetbrains/compose/material/material-icons-core/1.7.3/material-icons-core-1.7.3.module.sha512 for the dependency org.jetbrains.compose.material:material-icons-core:1.7.3
00:31.083 DEBUG :desktopApp:hotRunJvm     DependencyFileImpl        Downloaded https://repo1.maven.org/maven2/org/jetbrains/compose/components/components-resources/1.11.1/components-resources-1.11.1.module for the dependency org.jetbrains.compose.components:components-resources:1.11.1
00:31.089 DEBUG :desktopApp:hotRunJvm     DependencyFileImpl        Downloaded https://repo1.maven.org/maven2/io/sellmair/evas/1.4.0/evas-1.4.0.module for the dependency io.sellmair:evas:1.4.0
00:31.095 DEBUG :desktopApp:hotRunJvm     DependencyFileImpl        Downloaded https://repo1.maven.org/maven2/org/jetbrains/kotlinx/kotlinx-datetime-jvm/0.8.0/kotlinx-datetime-jvm-0.8.0.pom.sha512 for the dependency org.jetbrains.kotlinx:kotlinx-datetime-jvm:0.8.0
00:31.098 DEBUG :desktopApp:hotRunJvm     DependencyFileImpl        Downloaded https://repo1.maven.org/maven2/io/sellmair/evas-compose/1.4.0/evas-compose-1.4.0.module for the dependency io.sellmair:evas-compose:1.4.0
00:31.106 DEBUG :desktopApp:hotRunJvm     DependencyFileImpl        Downloaded https://repo1.maven.org/maven2/org/jetbrains/compose/material3/material3-desktop/1.9.0/material3-desktop-1.9.0.pom.sha512 for the dependency org.jetbrains.compose.material3:material3-desktop:1.9.0
00:31.107 DEBUG :desktopApp:hotRunJvm     DependencyFileImpl        Downloaded https://repo1.maven.org/maven2/org/jetbrains/compose/material/material-icons-core/1.7.3/material-icons-core-1.7.3.module for the dependency org.jetbrains.compose.material:material-icons-core:1.7.3
00:31.151 DEBUG :desktopApp:hotRunJvm     DependencyFileImpl        Downloaded https://repo1.maven.org/maven2/io/sellmair/evas-jvm/1.4.0/evas-jvm-1.4.0.pom.sha512 for the dependency io.sellmair:evas-jvm:1.4.0
00:31.154 DEBUG :desktopApp:hotRunJvm     DependencyFileImpl        Downloaded https://repo1.maven.org/maven2/org/jetbrains/compose/components/components-resources-desktop/1.11.1/components-resources-desktop-1.11.1.pom.sha512 for the dependency org.jetbrains.compose.components:components-resources-desktop:1.11.1
00:31.155 DEBUG :desktopApp:hotRunJvm     DependencyFileImpl        Downloaded https://repo1.maven.org/maven2/org/jetbrains/kotlinx/kotlinx-datetime-jvm/0.8.0/kotlinx-datetime-jvm-0.8.0.pom for the dependency org.jetbrains.kotlinx:kotlinx-datetime-jvm:0.8.0
00:31.172 DEBUG :desktopApp:hotRunJvm     DependencyFileImpl        Downloaded https://repo1.maven.org/maven2/org/jetbrains/compose/material3/material3-desktop/1.9.0/material3-desktop-1.9.0.pom for the dependency org.jetbrains.compose.material3:material3-desktop:1.9.0
00:31.181 DEBUG :desktopApp:hotRunJvm     DependencyFileImpl        Downloaded https://repo1.maven.org/maven2/org/jetbrains/compose/material/material-icons-core-desktop/1.7.3/material-icons-core-desktop-1.7.3.pom.sha512 for the dependency org.jetbrains.compose.material:material-icons-core-desktop:1.7.3
00:31.209 DEBUG :desktopApp:hotRunJvm     DependencyFileImpl        Downloaded https://repo1.maven.org/maven2/io/sellmair/evas-jvm/1.4.0/evas-jvm-1.4.0.pom for the dependency io.sellmair:evas-jvm:1.4.0
00:31.221 DEBUG :desktopApp:hotRunJvm     DependencyFileImpl        Downloaded https://repo1.maven.org/maven2/org/jetbrains/kotlinx/kotlinx-datetime-jvm/0.8.0/kotlinx-datetime-jvm-0.8.0.module.sha512 for the dependency org.jetbrains.kotlinx:kotlinx-datetime-jvm:0.8.0
00:31.231 DEBUG :desktopApp:hotRunJvm     DependencyFileImpl        Downloaded https://repo1.maven.org/maven2/org/jetbrains/compose/material3/material3-desktop/1.9.0/material3-desktop-1.9.0.module.sha512 for the dependency org.jetbrains.compose.material3:material3-desktop:1.9.0
00:31.239 DEBUG :desktopApp:hotRunJvm     DependencyFileImpl        Downloaded https://repo1.maven.org/maven2/io/sellmair/evas-compose-jvm/1.4.0/evas-compose-jvm-1.4.0.pom.sha512 for the dependency io.sellmair:evas-compose-jvm:1.4.0
00:31.241 DEBUG :desktopApp:hotRunJvm     DependencyFileImpl        Downloaded https://repo1.maven.org/maven2/org/jetbrains/compose/components/components-resources-desktop/1.11.1/components-resources-desktop-1.11.1.pom for the dependency org.jetbrains.compose.components:components-resources-desktop:1.11.1
00:31.245 DEBUG :desktopApp:hotRunJvm     DependencyFileImpl        Downloaded https://repo1.maven.org/maven2/org/jetbrains/compose/material/material-icons-core-desktop/1.7.3/material-icons-core-desktop-1.7.3.pom for the dependency org.jetbrains.compose.material:material-icons-core-desktop:1.7.3
00:31.277 DEBUG :desktopApp:hotRunJvm     DependencyFileImpl        Downloaded https://repo1.maven.org/maven2/io/sellmair/evas-jvm/1.4.0/evas-jvm-1.4.0.module.sha512 for the dependency io.sellmair:evas-jvm:1.4.0
00:31.286 DEBUG :desktopApp:hotRunJvm     DependencyFileImpl        Downloaded https://repo1.maven.org/maven2/org/jetbrains/kotlinx/kotlinx-datetime-jvm/0.8.0/kotlinx-datetime-jvm-0.8.0.module for the dependency org.jetbrains.kotlinx:kotlinx-datetime-jvm:0.8.0
00:31.294 DEBUG :desktopApp:hotRunJvm     DependencyFileImpl        Downloaded https://repo1.maven.org/maven2/org/jetbrains/compose/material3/material3-desktop/1.9.0/material3-desktop-1.9.0.module for the dependency org.jetbrains.compose.material3:material3-desktop:1.9.0
00:31.302 DEBUG :desktopApp:hotRunJvm     DependencyFileImpl        Downloaded https://repo1.maven.org/maven2/org/jetbrains/compose/components/components-resources-desktop/1.11.1/components-resources-desktop-1.11.1.module.sha512 for the dependency org.jetbrains.compose.components:components-resources-desktop:1.11.1
00:31.308 DEBUG :desktopApp:hotRunJvm     DependencyFileImpl        Downloaded https://repo1.maven.org/maven2/io/sellmair/evas-compose-jvm/1.4.0/evas-compose-jvm-1.4.0.pom for the dependency io.sellmair:evas-compose-jvm:1.4.0
00:31.335 DEBUG :desktopApp:hotRunJvm     DependencyFileImpl        Downloaded https://repo1.maven.org/maven2/io/sellmair/evas-jvm/1.4.0/evas-jvm-1.4.0.module for the dependency io.sellmair:evas-jvm:1.4.0
00:31.364 DEBUG :desktopApp:hotRunJvm     DependencyFileImpl        Downloaded https://repo1.maven.org/maven2/org/jetbrains/compose/collection-internal/collection/1.9.1/collection-1.9.1.pom.sha512 for the dependency org.jetbrains.compose.collection-internal:collection:1.9.1
00:31.364 DEBUG :desktopApp:hotRunJvm     DependencyFileImpl        Downloaded https://repo1.maven.org/maven2/org/jetbrains/compose/annotation-internal/annotation/1.9.1/annotation-1.9.1.pom.sha512 for the dependency org.jetbrains.compose.annotation-internal:annotation:1.9.1
00:31.381 DEBUG :desktopApp:hotRunJvm     DependencyFileImpl        Downloaded https://repo1.maven.org/maven2/org/jetbrains/compose/components/components-resources-desktop/1.11.1/components-resources-desktop-1.11.1.module for the dependency org.jetbrains.compose.components:components-resources-desktop:1.11.1
00:31.383 DEBUG :desktopApp:hotRunJvm     DependencyFileImpl        Downloaded https://repo1.maven.org/maven2/org/jetbrains/compose/material/material-icons-core-desktop/1.7.3/material-icons-core-desktop-1.7.3.module.sha512 for the dependency org.jetbrains.compose.material:material-icons-core-desktop:1.7.3
00:31.423 DEBUG :desktopApp:hotRunJvm     DependencyFileImpl        Downloaded https://repo1.maven.org/maven2/org/jetbrains/compose/annotation-internal/annotation/1.9.1/annotation-1.9.1.pom for the dependency org.jetbrains.compose.annotation-internal:annotation:1.9.1
00:31.428 DEBUG :desktopApp:hotRunJvm     DependencyFileImpl        Downloaded https://repo1.maven.org/maven2/org/jetbrains/compose/collection-internal/collection/1.9.1/collection-1.9.1.pom for the dependency org.jetbrains.compose.collection-internal:collection:1.9.1
00:31.445 DEBUG :desktopApp:hotRunJvm     DependencyFileImpl        Downloaded https://repo1.maven.org/maven2/io/sellmair/evas-compose-jvm/1.4.0/evas-compose-jvm-1.4.0.module.sha512 for the dependency io.sellmair:evas-compose-jvm:1.4.0
00:31.455 DEBUG :desktopApp:hotRunJvm     DependencyFileImpl        Downloaded https://repo1.maven.org/maven2/org/jetbrains/compose/material/material-icons-core-desktop/1.7.3/material-icons-core-desktop-1.7.3.module for the dependency org.jetbrains.compose.material:material-icons-core-desktop:1.7.3
00:31.489 DEBUG :desktopApp:hotRunJvm     DependencyFileImpl        Downloaded https://repo1.maven.org/maven2/org/jetbrains/compose/annotation-internal/annotation/1.9.1/annotation-1.9.1.module.sha512 for the dependency org.jetbrains.compose.annotation-internal:annotation:1.9.1
00:31.492 DEBUG :desktopApp:hotRunJvm     DependencyFileImpl        Downloaded https://repo1.maven.org/maven2/org/jetbrains/compose/collection-internal/collection/1.9.1/collection-1.9.1.module.sha512 for the dependency org.jetbrains.compose.collection-internal:collection:1.9.1
00:31.523 DEBUG :desktopApp:hotRunJvm     DependencyFileImpl        Downloaded https://repo1.maven.org/maven2/io/sellmair/evas-compose-jvm/1.4.0/evas-compose-jvm-1.4.0.module for the dependency io.sellmair:evas-compose-jvm:1.4.0
00:31.530 DEBUG :desktopApp:hotRunJvm     DependencyFileImpl        Not found URL: https://repo1.maven.org/maven2/org/jetbrains/kotlin/kotlin-stdlib-common/1.9.24/kotlin-stdlib-common-1.9.24.pom.sha512
00:31.554 DEBUG :desktopApp:hotRunJvm     DependencyFileImpl        Downloaded https://repo1.maven.org/maven2/org/jetbrains/compose/annotation-internal/annotation/1.9.1/annotation-1.9.1.module for the dependency org.jetbrains.compose.annotation-internal:annotation:1.9.1
00:31.557 DEBUG :desktopApp:hotRunJvm     DependencyFileImpl        Downloaded https://repo1.maven.org/maven2/org/jetbrains/compose/collection-internal/collection/1.9.1/collection-1.9.1.module for the dependency org.jetbrains.compose.collection-internal:collection:1.9.1
00:32.040 DEBUG :desktopApp:hotRunJvm     DependencyFileImpl        Not found URL: https://maven.google.com/org/jetbrains/kotlin/kotlin-stdlib-common/1.9.24/kotlin-stdlib-common-1.9.24.pom.sha512
00:32.553 DEBUG :desktopApp:hotRunJvm     DependencyFileImpl        Not found URL: https://packages.jetbrains.team/maven/p/amper/amper/org/jetbrains/kotlin/kotlin-stdlib-common/1.9.24/kotlin-stdlib-common-1.9.24.pom.sha512
00:32.616 DEBUG :desktopApp:hotRunJvm     DependencyFileImpl        Not found URL: https://repo1.maven.org/maven2/org/jetbrains/kotlin/kotlin-stdlib-common/1.9.24/kotlin-stdlib-common-1.9.24.pom.sha256
00:32.802 DEBUG :desktopApp:hotRunJvm     DependencyFileImpl        Not found URL: https://maven.google.com/org/jetbrains/kotlin/kotlin-stdlib-common/1.9.24/kotlin-stdlib-common-1.9.24.pom.sha256
00:32.926 DEBUG :desktopApp:hotRunJvm     DependencyFileImpl        Not found URL: https://packages.jetbrains.team/maven/p/amper/amper/org/jetbrains/kotlin/kotlin-stdlib-common/1.9.24/kotlin-stdlib-common-1.9.24.pom.sha256
00:32.987 DEBUG :desktopApp:hotRunJvm     DependencyFileImpl        Downloaded https://repo1.maven.org/maven2/org/jetbrains/kotlin/kotlin-stdlib-common/1.9.24/kotlin-stdlib-common-1.9.24.pom.sha1 for the dependency org.jetbrains.kotlin:kotlin-stdlib-common:1.9.24
00:33.047 DEBUG :desktopApp:hotRunJvm     DependencyFileImpl        Downloaded https://repo1.maven.org/maven2/org/jetbrains/kotlin/kotlin-stdlib-common/1.9.24/kotlin-stdlib-common-1.9.24.pom for the dependency org.jetbrains.kotlin:kotlin-stdlib-common:1.9.24
00:33.115 DEBUG :desktopApp:hotRunJvm     DependencyFileImpl        Not found URL: https://repo1.maven.org/maven2/org/jetbrains/kotlin/kotlin-stdlib-common/1.9.24/kotlin-stdlib-common-1.9.24.module.sha512
00:33.300 DEBUG :desktopApp:hotRunJvm     DependencyFileImpl        Not found URL: https://maven.google.com/org/jetbrains/kotlin/kotlin-stdlib-common/1.9.24/kotlin-stdlib-common-1.9.24.module.sha512
00:33.422 DEBUG :desktopApp:hotRunJvm     DependencyFileImpl        Not found URL: https://packages.jetbrains.team/maven/p/amper/amper/org/jetbrains/kotlin/kotlin-stdlib-common/1.9.24/kotlin-stdlib-common-1.9.24.module.sha512
00:33.484 DEBUG :desktopApp:hotRunJvm     DependencyFileImpl        Not found URL: https://repo1.maven.org/maven2/org/jetbrains/kotlin/kotlin-stdlib-common/1.9.24/kotlin-stdlib-common-1.9.24.module.sha256
00:33.669 DEBUG :desktopApp:hotRunJvm     DependencyFileImpl        Not found URL: https://maven.google.com/org/jetbrains/kotlin/kotlin-stdlib-common/1.9.24/kotlin-stdlib-common-1.9.24.module.sha256
00:33.793 DEBUG :desktopApp:hotRunJvm     DependencyFileImpl        Not found URL: https://packages.jetbrains.team/maven/p/amper/amper/org/jetbrains/kotlin/kotlin-stdlib-common/1.9.24/kotlin-stdlib-common-1.9.24.module.sha256
00:33.853 DEBUG :desktopApp:hotRunJvm     DependencyFileImpl        Downloaded https://repo1.maven.org/maven2/org/jetbrains/kotlin/kotlin-stdlib-common/1.9.24/kotlin-stdlib-common-1.9.24.module.sha1 for the dependency org.jetbrains.kotlin:kotlin-stdlib-common:1.9.24
00:33.912 DEBUG :desktopApp:hotRunJvm     DependencyFileImpl        Downloaded https://repo1.maven.org/maven2/org/jetbrains/kotlin/kotlin-stdlib-common/1.9.24/kotlin-stdlib-common-1.9.24.module for the dependency org.jetbrains.kotlin:kotlin-stdlib-common:1.9.24
00:33.950 DEBUG :desktopApp:hotRunJvm     DependencyFileImpl        Downloaded https://repo1.maven.org/maven2/org/jetbrains/androidx/lifecycle/lifecycle-runtime-compose/2.9.6/lifecycle-runtime-compose-2.9.6.pom.sha512 for the dependency org.jetbrains.androidx.lifecycle:lifecycle-runtime-compose:2.9.6
00:34.013 DEBUG :desktopApp:hotRunJvm     DependencyFileImpl        Downloaded https://repo1.maven.org/maven2/org/jetbrains/androidx/lifecycle/lifecycle-runtime-compose/2.9.6/lifecycle-runtime-compose-2.9.6.pom for the dependency org.jetbrains.androidx.lifecycle:lifecycle-runtime-compose:2.9.6
00:34.083 DEBUG :desktopApp:hotRunJvm     DependencyFileImpl        Downloaded https://repo1.maven.org/maven2/org/jetbrains/androidx/lifecycle/lifecycle-runtime-compose/2.9.6/lifecycle-runtime-compose-2.9.6.module.sha512 for the dependency org.jetbrains.androidx.lifecycle:lifecycle-runtime-compose:2.9.6
00:34.150 DEBUG :desktopApp:hotRunJvm     DependencyFileImpl        Downloaded https://repo1.maven.org/maven2/org/jetbrains/androidx/lifecycle/lifecycle-runtime-compose/2.9.6/lifecycle-runtime-compose-2.9.6.module for the dependency org.jetbrains.androidx.lifecycle:lifecycle-runtime-compose:2.9.6
00:34.213 DEBUG :desktopApp:hotRunJvm     DependencyFileImpl        Downloaded https://repo1.maven.org/maven2/org/jetbrains/androidx/lifecycle/lifecycle-runtime-compose-desktop/2.9.6/lifecycle-runtime-compose-desktop-2.9.6.pom.sha512 for the dependency org.jetbrains.androidx.lifecycle:lifecycle-runtime-compose-desktop:2.9.6
00:34.283 DEBUG :desktopApp:hotRunJvm     DependencyFileImpl        Downloaded https://repo1.maven.org/maven2/org/jetbrains/androidx/lifecycle/lifecycle-runtime-compose-desktop/2.9.6/lifecycle-runtime-compose-desktop-2.9.6.pom for the dependency org.jetbrains.androidx.lifecycle:lifecycle-runtime-compose-desktop:2.9.6
00:34.342 DEBUG :desktopApp:hotRunJvm     DependencyFileImpl        Downloaded https://repo1.maven.org/maven2/org/jetbrains/androidx/lifecycle/lifecycle-runtime-compose-desktop/2.9.6/lifecycle-runtime-compose-desktop-2.9.6.module.sha512 for the dependency org.jetbrains.androidx.lifecycle:lifecycle-runtime-compose-desktop:2.9.6
00:34.413 DEBUG :desktopApp:hotRunJvm     DependencyFileImpl        Downloaded https://repo1.maven.org/maven2/org/jetbrains/androidx/lifecycle/lifecycle-runtime-compose-desktop/2.9.6/lifecycle-runtime-compose-desktop-2.9.6.module for the dependency org.jetbrains.androidx.lifecycle:lifecycle-runtime-compose-desktop:2.9.6
00:34.485 DEBUG :desktopApp:hotRunJvm     DependencyFileImpl        Downloaded https://repo1.maven.org/maven2/org/jetbrains/androidx/lifecycle/lifecycle-common/2.9.6/lifecycle-common-2.9.6.pom.sha512 for the dependency org.jetbrains.androidx.lifecycle:lifecycle-common:2.9.6
00:34.485 DEBUG :desktopApp:hotRunJvm     DependencyFileImpl        Downloaded https://repo1.maven.org/maven2/org/jetbrains/androidx/lifecycle/lifecycle-runtime/2.9.6/lifecycle-runtime-2.9.6.pom.sha512 for the dependency org.jetbrains.androidx.lifecycle:lifecycle-runtime:2.9.6
00:34.544 DEBUG :desktopApp:hotRunJvm     DependencyFileImpl        Downloaded https://repo1.maven.org/maven2/org/jetbrains/androidx/lifecycle/lifecycle-common/2.9.6/lifecycle-common-2.9.6.pom for the dependency org.jetbrains.androidx.lifecycle:lifecycle-common:2.9.6
00:34.557 DEBUG :desktopApp:hotRunJvm     DependencyFileImpl        Not found URL: https://repo1.maven.org/maven2/org/jetbrains/kotlin/kotlin-stdlib/2.3.20/kotlin-stdlib-2.3.20.pom.sha512
00:34.558 DEBUG :desktopApp:hotRunJvm     DependencyFileImpl        Downloaded https://repo1.maven.org/maven2/org/jetbrains/androidx/lifecycle/lifecycle-runtime/2.9.6/lifecycle-runtime-2.9.6.pom for the dependency org.jetbrains.androidx.lifecycle:lifecycle-runtime:2.9.6
00:34.615 DEBUG :desktopApp:hotRunJvm     DependencyFileImpl        Downloaded https://repo1.maven.org/maven2/org/jetbrains/androidx/lifecycle/lifecycle-common/2.9.6/lifecycle-common-2.9.6.module.sha512 for the dependency org.jetbrains.androidx.lifecycle:lifecycle-common:2.9.6
00:34.619 DEBUG :desktopApp:hotRunJvm     DependencyFileImpl        Downloaded https://repo1.maven.org/maven2/org/jetbrains/androidx/lifecycle/lifecycle-runtime/2.9.6/lifecycle-runtime-2.9.6.module.sha512 for the dependency org.jetbrains.androidx.lifecycle:lifecycle-runtime:2.9.6
00:34.685 DEBUG :desktopApp:hotRunJvm     DependencyFileImpl        Downloaded https://repo1.maven.org/maven2/org/jetbrains/androidx/lifecycle/lifecycle-common/2.9.6/lifecycle-common-2.9.6.module for the dependency org.jetbrains.androidx.lifecycle:lifecycle-common:2.9.6
00:34.688 DEBUG :desktopApp:hotRunJvm     DependencyFileImpl        Downloaded https://repo1.maven.org/maven2/org/jetbrains/androidx/lifecycle/lifecycle-runtime/2.9.6/lifecycle-runtime-2.9.6.module for the dependency org.jetbrains.androidx.lifecycle:lifecycle-runtime:2.9.6
00:34.699 DEBUG :desktopApp:hotRunJvm     DependencyFileImpl        Not found URL: https://maven.google.com/org/jetbrains/kotlin/kotlin-stdlib/2.3.20/kotlin-stdlib-2.3.20.pom.sha512
00:34.816 DEBUG :desktopApp:hotRunJvm     DependencyFileImpl        Not found URL: https://packages.jetbrains.team/maven/p/amper/amper/org/jetbrains/kotlin/kotlin-stdlib/2.3.20/kotlin-stdlib-2.3.20.pom.sha512
00:35.009 DEBUG :desktopApp:hotRunJvm     DependencyFileImpl        Not found URL: https://repo1.maven.org/maven2/org/jetbrains/kotlin/kotlin-stdlib/2.3.20/kotlin-stdlib-2.3.20.pom.sha256
00:35.199 DEBUG :desktopApp:hotRunJvm     DependencyFileImpl        Not found URL: https://maven.google.com/org/jetbrains/kotlin/kotlin-stdlib/2.3.20/kotlin-stdlib-2.3.20.pom.sha256
00:35.320 DEBUG :desktopApp:hotRunJvm     DependencyFileImpl        Not found URL: https://packages.jetbrains.team/maven/p/amper/amper/org/jetbrains/kotlin/kotlin-stdlib/2.3.20/kotlin-stdlib-2.3.20.pom.sha256
00:35.390 DEBUG :desktopApp:hotRunJvm     DependencyFileImpl        Downloaded https://repo1.maven.org/maven2/org/jetbrains/kotlin/kotlin-stdlib/2.3.20/kotlin-stdlib-2.3.20.pom.sha1 for the dependency org.jetbrains.kotlin:kotlin-stdlib:2.3.20
00:35.453 DEBUG :desktopApp:hotRunJvm     DependencyFileImpl        Downloaded https://repo1.maven.org/maven2/org/jetbrains/kotlin/kotlin-stdlib/2.3.20/kotlin-stdlib-2.3.20.pom for the dependency org.jetbrains.kotlin:kotlin-stdlib:2.3.20
00:35.674 DEBUG :desktopApp:hotRunJvm     DependencyFileImpl        Not found URL: https://repo1.maven.org/maven2/org/jetbrains/kotlin/kotlin-stdlib/2.3.20/kotlin-stdlib-2.3.20.module.sha512
00:35.869 DEBUG :desktopApp:hotRunJvm     DependencyFileImpl        Not found URL: https://maven.google.com/org/jetbrains/kotlin/kotlin-stdlib/2.3.20/kotlin-stdlib-2.3.20.module.sha512
00:35.987 DEBUG :desktopApp:hotRunJvm     DependencyFileImpl        Not found URL: https://packages.jetbrains.team/maven/p/amper/amper/org/jetbrains/kotlin/kotlin-stdlib/2.3.20/kotlin-stdlib-2.3.20.module.sha512
00:36.172 DEBUG :desktopApp:hotRunJvm     DependencyFileImpl        Not found URL: https://repo1.maven.org/maven2/org/jetbrains/kotlin/kotlin-stdlib/2.3.20/kotlin-stdlib-2.3.20.module.sha256
00:36.309 DEBUG :desktopApp:hotRunJvm     DependencyFileImpl        Not found URL: https://maven.google.com/org/jetbrains/kotlin/kotlin-stdlib/2.3.20/kotlin-stdlib-2.3.20.module.sha256
00:36.432 DEBUG :desktopApp:hotRunJvm     DependencyFileImpl        Not found URL: https://packages.jetbrains.team/maven/p/amper/amper/org/jetbrains/kotlin/kotlin-stdlib/2.3.20/kotlin-stdlib-2.3.20.module.sha256
00:36.493 DEBUG :desktopApp:hotRunJvm     DependencyFileImpl        Downloaded https://repo1.maven.org/maven2/org/jetbrains/kotlin/kotlin-stdlib/2.3.20/kotlin-stdlib-2.3.20.module.sha1 for the dependency org.jetbrains.kotlin:kotlin-stdlib:2.3.20
00:36.562 DEBUG :desktopApp:hotRunJvm     DependencyFileImpl        Downloaded https://repo1.maven.org/maven2/org/jetbrains/kotlin/kotlin-stdlib/2.3.20/kotlin-stdlib-2.3.20.module for the dependency org.jetbrains.kotlin:kotlin-stdlib:2.3.20
00:36.707 DEBUG :desktopApp:hotRunJvm     DependencyFileImpl        Not found URL: https://repo1.maven.org/maven2/org/jetbrains/kotlin/kotlin-stdlib-common/2.3.20/kotlin-stdlib-common-2.3.20.pom.sha512
00:36.845 DEBUG :desktopApp:hotRunJvm     DependencyFileImpl        Not found URL: https://maven.google.com/org/jetbrains/kotlin/kotlin-stdlib-common/2.3.20/kotlin-stdlib-common-2.3.20.pom.sha512
00:36.961 DEBUG :desktopApp:hotRunJvm     DependencyFileImpl        Not found URL: https://packages.jetbrains.team/maven/p/amper/amper/org/jetbrains/kotlin/kotlin-stdlib-common/2.3.20/kotlin-stdlib-common-2.3.20.pom.sha512
00:37.085 DEBUG :desktopApp:hotRunJvm     DependencyFileImpl        Not found URL: https://repo1.maven.org/maven2/org/jetbrains/kotlin/kotlin-stdlib-common/2.3.20/kotlin-stdlib-common-2.3.20.pom.sha256
00:37.279 DEBUG :desktopApp:hotRunJvm     DependencyFileImpl        Not found URL: https://maven.google.com/org/jetbrains/kotlin/kotlin-stdlib-common/2.3.20/kotlin-stdlib-common-2.3.20.pom.sha256
00:37.419 DEBUG :desktopApp:hotRunJvm     DependencyFileImpl        Not found URL: https://packages.jetbrains.team/maven/p/amper/amper/org/jetbrains/kotlin/kotlin-stdlib-common/2.3.20/kotlin-stdlib-common-2.3.20.pom.sha256
00:37.478 DEBUG :desktopApp:hotRunJvm     DependencyFileImpl        Downloaded https://repo1.maven.org/maven2/org/jetbrains/kotlin/kotlin-stdlib-common/2.3.20/kotlin-stdlib-common-2.3.20.pom.sha1 for the dependency org.jetbrains.kotlin:kotlin-stdlib-common:2.3.20
00:37.548 DEBUG :desktopApp:hotRunJvm     DependencyFileImpl        Downloaded https://repo1.maven.org/maven2/org/jetbrains/kotlin/kotlin-stdlib-common/2.3.20/kotlin-stdlib-common-2.3.20.pom for the dependency org.jetbrains.kotlin:kotlin-stdlib-common:2.3.20
00:37.686 DEBUG :desktopApp:hotRunJvm     DependencyFileImpl        Not found URL: https://repo1.maven.org/maven2/org/jetbrains/kotlin/kotlin-stdlib-common/2.3.20/kotlin-stdlib-common-2.3.20.module.sha512
00:37.861 DEBUG :desktopApp:hotRunJvm     DependencyFileImpl        Not found URL: https://maven.google.com/org/jetbrains/kotlin/kotlin-stdlib-common/2.3.20/kotlin-stdlib-common-2.3.20.module.sha512
00:37.980 DEBUG :desktopApp:hotRunJvm     DependencyFileImpl        Not found URL: https://packages.jetbrains.team/maven/p/amper/amper/org/jetbrains/kotlin/kotlin-stdlib-common/2.3.20/kotlin-stdlib-common-2.3.20.module.sha512
00:38.109 DEBUG :desktopApp:hotRunJvm     DependencyFileImpl        Not found URL: https://repo1.maven.org/maven2/org/jetbrains/kotlin/kotlin-stdlib-common/2.3.20/kotlin-stdlib-common-2.3.20.module.sha256
00:38.250 DEBUG :desktopApp:hotRunJvm     DependencyFileImpl        Not found URL: https://maven.google.com/org/jetbrains/kotlin/kotlin-stdlib-common/2.3.20/kotlin-stdlib-common-2.3.20.module.sha256
00:38.368 DEBUG :desktopApp:hotRunJvm     DependencyFileImpl        Not found URL: https://packages.jetbrains.team/maven/p/amper/amper/org/jetbrains/kotlin/kotlin-stdlib-common/2.3.20/kotlin-stdlib-common-2.3.20.module.sha256
00:38.441 DEBUG :desktopApp:hotRunJvm     DependencyFileImpl        Downloaded https://repo1.maven.org/maven2/org/jetbrains/kotlin/kotlin-stdlib-common/2.3.20/kotlin-stdlib-common-2.3.20.module.sha1 for the dependency org.jetbrains.kotlin:kotlin-stdlib-common:2.3.20
00:38.506 DEBUG :desktopApp:hotRunJvm     DependencyFileImpl        Downloaded https://repo1.maven.org/maven2/org/jetbrains/kotlin/kotlin-stdlib-common/2.3.20/kotlin-stdlib-common-2.3.20.module for the dependency org.jetbrains.kotlin:kotlin-stdlib-common:2.3.20
00:38.558 DEBUG :desktopApp:hotRunJvm     DependencyFileImpl        Not found URL: https://repo1.maven.org/maven2/org/jetbrains/compose/desktop/desktop-jvm-linux-x64/1.12.1/desktop-jvm-linux-x64-1.12.1.jar.sha512
00:38.682 DEBUG :desktopApp:hotRunJvm     DependencyFileImpl        Downloaded https://repo1.maven.org/maven2/io/sellmair/evas-jvm/1.4.0/evas-jvm-1.4.0.jar for the dependency io.sellmair:evas-jvm:1.4.0
00:38.693 DEBUG :desktopApp:hotRunJvm     DependencyFileImpl        Downloaded https://repo1.maven.org/maven2/io/sellmair/evas-compose-jvm/1.4.0/evas-compose-jvm-1.4.0.jar for the dependency io.sellmair:evas-compose-jvm:1.4.0
00:38.710 DEBUG :desktopApp:hotRunJvm     DependencyFileImpl        Not found URL: https://maven.google.com/org/jetbrains/compose/desktop/desktop-jvm-linux-x64/1.12.1/desktop-jvm-linux-x64-1.12.1.jar.sha512
00:38.746 DEBUG :desktopApp:hotRunJvm     DependencyFileImpl        Downloaded https://repo1.maven.org/maven2/org/jetbrains/androidx/lifecycle/lifecycle-runtime-compose-desktop/2.9.6/lifecycle-runtime-compose-desktop-2.9.6.jar for the dependency org.jetbrains.androidx.lifecycle:lifecycle-runtime-compose-desktop:2.9.6
00:38.757 DEBUG :desktopApp:hotRunJvm     DependencyFileImpl        Downloaded https://repo1.maven.org/maven2/org/jetbrains/compose/components/components-resources-desktop/1.11.1/components-resources-desktop-1.11.1.jar for the dependency org.jetbrains.compose.components:components-resources-desktop:1.11.1
00:38.835 DEBUG :desktopApp:hotRunJvm     DependencyFileImpl        Not found URL: https://packages.jetbrains.team/maven/p/amper/amper/org/jetbrains/compose/desktop/desktop-jvm-linux-x64/1.12.1/desktop-jvm-linux-x64-1.12.1.jar.sha512
00:38.906 DEBUG :desktopApp:hotRunJvm     DependencyFileImpl        Not found URL: https://repo1.maven.org/maven2/org/jetbrains/compose/desktop/desktop-jvm-linux-x64/1.12.1/desktop-jvm-linux-x64-1.12.1.jar.sha256
00:38.906 DEBUG :desktopApp:hotRunJvm     DependencyFileImpl        Downloaded https://repo1.maven.org/maven2/org/jetbrains/kotlinx/kotlinx-datetime-jvm/0.8.0/kotlinx-datetime-jvm-0.8.0.jar for the dependency org.jetbrains.kotlinx:kotlinx-datetime-jvm:0.8.0
00:38.958 DEBUG :desktopApp:hotRunJvm     DependencyFileImpl        Downloaded https://repo1.maven.org/maven2/org/jetbrains/compose/hot-reload/hot-reload-devtools/1.2.0/hot-reload-devtools-1.2.0.jar for the dependency org.jetbrains.compose.hot-reload:hot-reload-devtools:1.2.0
00:38.976 DEBUG :desktopApp:hotRunJvm     DependencyFileImpl        Downloaded https://repo1.maven.org/maven2/org/jetbrains/compose/material/material-icons-core-desktop/1.7.3/material-icons-core-desktop-1.7.3.jar for the dependency org.jetbrains.compose.material:material-icons-core-desktop:1.7.3
00:39.063 DEBUG :desktopApp:hotRunJvm     DependencyFileImpl        Not found URL: https://maven.google.com/org/jetbrains/compose/desktop/desktop-jvm-linux-x64/1.12.1/desktop-jvm-linux-x64-1.12.1.jar.sha256
00:39.154 DEBUG :desktopApp:hotRunJvm     DependencyFileImpl        Downloaded https://repo1.maven.org/maven2/org/jetbrains/kotlin/kotlin-stdlib/2.3.20/kotlin-stdlib-2.3.20.jar for the dependency org.jetbrains.kotlin:kotlin-stdlib:2.3.20
00:39.196 DEBUG :desktopApp:hotRunJvm     DependencyFileImpl        Not found URL: https://packages.jetbrains.team/maven/p/amper/amper/org/jetbrains/compose/desktop/desktop-jvm-linux-x64/1.12.1/desktop-jvm-linux-x64-1.12.1.jar.sha256
00:39.242 DEBUG :desktopApp:hotRunJvm     DependencyFileImpl        Not found URL: https://repo1.maven.org/maven2/org/jetbrains/compose/desktop/desktop-jvm-linux-x64/1.12.1/desktop-jvm-linux-x64-1.12.1.jar.sha1
00:39.376 DEBUG :desktopApp:hotRunJvm     DependencyFileImpl        Downloaded https://repo1.maven.org/maven2/org/jetbrains/kotlin/kotlin-stdlib/2.3.20/kotlin-stdlib-2.3.20-sources.jar for the dependency org.jetbrains.kotlin:kotlin-stdlib:2.3.20
00:39.418 DEBUG :desktopApp:hotRunJvm     DependencyFileImpl        Downloaded https://repo1.maven.org/maven2/org/jetbrains/compose/material3/material3-desktop/1.9.0/material3-desktop-1.9.0.jar for the dependency org.jetbrains.compose.material3:material3-desktop:1.9.0
00:39.427 DEBUG :desktopApp:hotRunJvm     DependencyFileImpl        Not found URL: https://maven.google.com/org/jetbrains/compose/desktop/desktop-jvm-linux-x64/1.12.1/desktop-jvm-linux-x64-1.12.1.jar.sha1
00:39.545 DEBUG :desktopApp:hotRunJvm     DependencyFileImpl        Not found URL: https://packages.jetbrains.team/maven/p/amper/amper/org/jetbrains/compose/desktop/desktop-jvm-linux-x64/1.12.1/desktop-jvm-linux-x64-1.12.1.jar.sha1
00:39.577 DEBUG :desktopApp:hotRunJvm     DependencyFileImpl        Not found URL: https://repo1.maven.org/maven2/org/jetbrains/compose/desktop/desktop-jvm-linux-x64/1.12.1/desktop-jvm-linux-x64-1.12.1.jar.md5
00:39.758 DEBUG :desktopApp:hotRunJvm     DependencyFileImpl        Not found URL: https://maven.google.com/org/jetbrains/compose/desktop/desktop-jvm-linux-x64/1.12.1/desktop-jvm-linux-x64-1.12.1.jar.md5
00:39.877 DEBUG :desktopApp:hotRunJvm     DependencyFileImpl        Not found URL: https://packages.jetbrains.team/maven/p/amper/amper/org/jetbrains/compose/desktop/desktop-jvm-linux-x64/1.12.1/desktop-jvm-linux-x64-1.12.1.jar.md5
00:39.967 DEBUG :desktopApp:hotRunJvm     IncrementalCache          [inc] 'resolve-[org.jetbrains.compose.hot-reload:hot-reload-devtools:1.2.0, org.jetbrains.compose.desktop:desktop-jvm-linux-x64:1.12.1] (RUNTIME, JVM)' changes: '/home/mark/.cache/JetBrains/Kotlin/.m2.cache/org/jetbrains/compose/hot-reload/hot-reload-devtools/1.2.0/hot-reload-devtools-1.2.0.jar' CREATED, '/home/mark/.cache/JetBrains/Kotlin/.m2.cache/org/jetbrains/kotlin/kotlin-stdlib/2.3.20/kotlin-stdlib-2.3.20.jar' CREATED, '/home/mark/.cache/JetBrains/Kotlin/.m2.cache/org/jetbrains/compose/hot-reload/hot-reload-devtools-api/1.2.0/hot-reload-devtools-api-1.2.0.jar' CREATED, '/home/mark/.cache/JetBrains/Kotlin/.m2.cache/org/jetbrains/compose/hot-reload/hot-reload-core/1.2.0/hot-reload-core-1.2.0.jar' CREATED, '/home/mark/.cache/JetBrains/Kotlin/.m2.cache/org/jetbrains/compose/hot-reload/hot-reload-orchestration/1.2.0/hot-reload-orchestration-1.2.0.jar' CREATED, '/home/mark/.cache/JetBrains/Kotlin/.m2.cache/org/jetbrains/kotlinx/kotlinx-coroutines-swing/1.11.0/kotlinx-coroutines-swing-1.11.0.jar' CREATED, '/home/mark/.cache/JetBrains/Kotlin/.m2.cache/org/jetbrains/skiko/skiko-awt-runtime-linux-x64/0.150.1/skiko-awt-runtime-linux-x64-0.150.1.jar' CREATED, '/home/mark/.cache/JetBrains/Kotlin/.m2.cache/org/jetbrains/annotations/23.0.0/annotations-23.0.0.jar' CREATED, '/home/mark/.cache/JetBrains/Kotlin/.m2.cache/org/jetbrains/compose/runtime/runtime-desktop/1.12.1/runtime-desktop-1.12.1.jar' CREATED, '/home/mark/.cache/JetBrains/Kotlin/.m2.cache/org/jetbrains/compose/hot-reload/hot-reload-runtime-api-jvm/1.2.0/hot-reload-runtime-api-jvm-1.2.0.jar' CREATED, '/home/mark/.cache/JetBrains/Kotlin/.m2.cache/org/jetbrains/compose/desktop/desktop-jvm/1.12.1/desktop-jvm-1.12.1.jar' CREATED, '/home/mark/.cache/JetBrains/Kotlin/.m2.cache/org/jetbrains/compose/material3/material3-desktop/1.9.0/material3-desktop-1.9.0.jar' CREATED, '/home/mark/.cache/JetBrains/Kotlin/.m2.cache/org/jetbrains/compose/components/components-resources-desktop/1.11.1/components-resources-desktop-1.11.1.jar' CREATED, '/home/mark/.cache/JetBrains/Kotlin/.m2.cache/org/jetbrains/compose/material/material-icons-core-desktop/1.7.3/material-icons-core-desktop-1.7.3.jar' CREATED, '/home/mark/.cache/JetBrains/Kotlin/.m2.cache/org/jetbrains/kotlinx/kotlinx-datetime-jvm/0.8.0/kotlinx-datetime-jvm-0.8.0.jar' CREATED, '/home/mark/.cache/JetBrains/Kotlin/.m2.cache/io/sellmair/evas-jvm/1.4.0/evas-jvm-1.4.0.jar' CREATED, '/home/mark/.cache/JetBrains/Kotlin/.m2.cache/io/sellmair/evas-compose-jvm/1.4.0/evas-compose-jvm-1.4.0.jar' CREATED, '/home/mark/.cache/JetBrains/Kotlin/.m2.cache/org/jetbrains/compose/hot-reload/hot-reload-annotations-jvm/1.2.0/hot-reload-annotations-jvm-1.2.0.jar' CREATED, '/home/mark/.cache/JetBrains/Kotlin/.m2.cache/org/jetbrains/skiko/skiko-awt/0.150.1/skiko-awt-0.150.1.jar' CREATED, '/home/mark/.cache/JetBrains/Kotlin/.m2.cache/org/jetbrains/kotlinx/kotlinx-coroutines-core-jvm/1.11.0/kotlinx-coroutines-core-jvm-1.11.0.jar' CREATED, '/home/mark/.cache/JetBrains/Kotlin/.m2.cache/org/jetbrains/runtime/jbr-api/1.9.0/jbr-api-1.9.0.jar' CREATED, '/home/mark/.cache/JetBrains/Kotlin/.m2.cache/androidx/compose/runtime/runtime-desktop/1.12.1/runtime-desktop-1.12.1.jar' CREATED, '/home/mark/.cache/JetBrains/Kotlin/.m2.cache/org/jetbrains/compose/foundation/foundation-desktop/1.12.1/foundation-desktop-1.12.1.jar' CREATED, '/home/mark/.cache/JetBrains/Kotlin/.m2.cache/org/jetbrains/compose/material/material-desktop/1.12.1/material-desktop-1.12.1.jar' CREATED, '/home/mark/.cache/JetBrains/Kotlin/.m2.cache/org/jetbrains/compose/ui/ui-desktop/1.12.1/ui-desktop-1.12.1.jar' CREATED, '/home/mark/.cache/JetBrains/Kotlin/.m2.cache/org/jetbrains/compose/ui/ui-tooling-preview-desktop/1.12.1/ui-tooling-preview-desktop-1.12.1.jar' CREATED, '/home/mark/.cache/JetBrains/Kotlin/.m2.cache/org/jetbrains/compose/ui/ui-util-desktop/1.12.1/ui-util-desktop-1.12.1.jar' CREATED, '/home/mark/.cache/JetBrains/Kotlin/.m2.cache/org/jetbrains/compose/animation/animation-core-desktop/1.12.1/animation-core-desktop-1.12.1.jar' CREATED, '/home/mark/.cache/JetBrains/Kotlin/.m2.cache/org/jetbrains/compose/foundation/foundation-layout-desktop/1.12.1/foundation-layout-desktop-1.12.1.jar' CREATED, '/home/mark/.cache/JetBrains/Kotlin/.m2.cache/org/jetbrains/compose/material/material-ripple-desktop/1.12.1/material-ripple-desktop-1.12.1.jar' CREATED, '/home/mark/.cache/JetBrains/Kotlin/.m2.cache/org/jetbrains/compose/ui/ui-backhandler-desktop/1.12.1/ui-backhandler-desktop-1.12.1.jar' CREATED, '/home/mark/.cache/JetBrains/Kotlin/.m2.cache/org/jetbrains/compose/ui/ui-graphics-desktop/1.12.1/ui-graphics-desktop-1.12.1.jar' CREATED, '/home/mark/.cache/JetBrains/Kotlin/.m2.cache/org/jetbrains/compose/ui/ui-text-desktop/1.12.1/ui-text-desktop-1.12.1.jar' CREATED, '/home/mark/.cache/JetBrains/Kotlin/.m2.cache/org/jetbrains/kotlinx/atomicfu-jvm/0.28.0/atomicfu-jvm-0.28.0.jar' CREATED, '/home/mark/.cache/JetBrains/Kotlin/.m2.cache/org/jetbrains/compose/ui/ui-unit-desktop/1.12.1/ui-unit-desktop-1.12.1.jar' CREATED, '/home/mark/.cache/JetBrains/Kotlin/.m2.cache/androidx/annotation/annotation-jvm/1.9.1/annotation-jvm-1.9.1.jar' CREATED, '/home/mark/.cache/JetBrains/Kotlin/.m2.cache/androidx/collection/collection-jvm/1.5.0/collection-jvm-1.5.0.jar' CREATED, '/home/mark/.cache/JetBrains/Kotlin/.m2.cache/androidx/compose/runtime/runtime-annotation-jvm/1.12.1/runtime-annotation-jvm-1.12.1.jar' CREATED, '/home/mark/.cache/JetBrains/Kotlin/.m2.cache/org/jetbrains/compose/animation/animation-desktop/1.12.1/animation-desktop-1.12.1.jar' CREATED, '/home/mark/.cache/JetBrains/Kotlin/.m2.cache/androidx/compose/runtime/runtime-retain-desktop/1.12.1/runtime-retain-desktop-1.12.1.jar' CREATED, '/home/mark/.cache/JetBrains/Kotlin/.m2.cache/androidx/lifecycle/lifecycle-viewmodel-compose-desktop/2.11.0/lifecycle-viewmodel-compose-desktop-2.11.0.jar' CREATED, '/home/mark/.cache/JetBrains/Kotlin/.m2.cache/androidx/lifecycle/lifecycle-viewmodel-savedstate-desktop/2.11.0/lifecycle-viewmodel-savedstate-desktop-2.11.0.jar' CREATED, '/home/mark/.cache/JetBrains/Kotlin/.m2.cache/androidx/savedstate/savedstate-compose-desktop/1.4.0/savedstate-compose-desktop-1.4.0.jar' CREATED, '/home/mark/.cache/JetBrains/Kotlin/.m2.cache/org/jetbrains/androidx/lifecycle/lifecycle-runtime-compose-desktop/2.9.6/lifecycle-runtime-compose-desktop-2.9.6.jar' CREATED, '/home/mark/.cache/JetBrains/Kotlin/.m2.cache/org/jetbrains/androidx/navigationevent/navigationevent-compose-desktop/1.1.0/navigationevent-compose-desktop-1.1.0.jar' CREATED, '/home/mark/.cache/JetBrains/Kotlin/.m2.cache/org/jetbrains/compose/runtime/runtime-saveable-desktop/1.12.1/runtime-saveable-desktop-1.12.1.jar' CREATED, '/home/mark/.cache/JetBrains/Kotlin/.m2.cache/org/jetbrains/compose/ui/ui-geometry-desktop/1.12.1/ui-geometry-desktop-1.12.1.jar' CREATED, '/home/mark/.cache/JetBrains/Kotlin/.m2.cache/androidx/compose/runtime/runtime-saveable-desktop/1.12.1/runtime-saveable-desktop-1.12.1.jar' CREATED, '/home/mark/.cache/JetBrains/Kotlin/.m2.cache/androidx/lifecycle/lifecycle-common-jvm/2.11.0/lifecycle-common-jvm-2.11.0.jar' CREATED, '/home/mark/.cache/JetBrains/Kotlin/.m2.cache/androidx/lifecycle/lifecycle-runtime-compose-desktop/2.11.0/lifecycle-runtime-compose-desktop-2.11.0.jar' CREATED, '/home/mark/.cache/JetBrains/Kotlin/.m2.cache/androidx/lifecycle/lifecycle-viewmodel-desktop/2.11.0/lifecycle-viewmodel-desktop-2.11.0.jar' CREATED, '/home/mark/.cache/JetBrains/Kotlin/.m2.cache/org/jetbrains/kotlinx/kotlinx-serialization-core-jvm/1.7.3/kotlinx-serialization-core-jvm-1.7.3.jar' CREATED, '/home/mark/.cache/JetBrains/Kotlin/.m2.cache/androidx/savedstate/savedstate-desktop/1.4.0/savedstate-desktop-1.4.0.jar' CREATED, '/home/mark/.cache/JetBrains/Kotlin/.m2.cache/androidx/navigationevent/navigationevent-compose-desktop/1.1.1/navigationevent-compose-desktop-1.1.1.jar' CREATED, '/home/mark/.cache/JetBrains/Kotlin/.m2.cache/org/jetbrains/androidx/savedstate/savedstate-compose-desktop/1.3.6/savedstate-compose-desktop-1.3.6.jar' CREATED, '/home/mark/.cache/JetBrains/Kotlin/.m2.cache/org/jspecify/jspecify/1.0.0/jspecify-1.0.0.jar' CREATED, '/home/mark/.cache/JetBrains/Kotlin/.m2.cache/androidx/lifecycle/lifecycle-runtime-desktop/2.11.0/lifecycle-runtime-desktop-2.11.0.jar' CREATED, '/home/mark/.cache/JetBrains/Kotlin/.m2.cache/androidx/arch/core/core-common/2.2.0/core-common-2.2.0.jar' CREATED, '/home/mark/.cache/JetBrains/Kotlin/.m2.cache/androidx/navigationevent/navigationevent-desktop/1.1.1/navigationevent-desktop-1.1.1.jar' CREATED
00:39.974 DEBUG :desktopApp:hotRunJvm     ProcessRunner             [cmd] /home/mark/.cache/JetBrains/Kotlin/extract.cache/32578e5ff5-jbrsdk-25.0.4.1-linux-x64-b635.70.tar.gz.fb5378.d/jbrsdk-25.0.4.1-linux-x64-b635.70/bin/java '@/home/mark/Nextcloud/Documents/School/2026 - Fall/SWE/tmp/build/temp/java-args-4685061163453471105.txt'
00:40.552 DEBUG                           HotReloadLoop             Finished waiting for the app/server for reload loop
00:40.557 DEBUG                           HotReloadLoop             Waiting for changes...
00:40.691 ERROR                           MainKt                    Task ':desktopApp:hotRunJvm' failed: Process failed with exit code 1
