Kotlin Toolchain version 0.13.0 (abc7a5f, 2026-09-30)
running on Linux 7.2.8 jvm arch amd64

00:01.061 DEBUG                           MockProjectInitializer$DebugLogger Loaded text for file /home/mark/Nextcloud/Documents/School/2026 - Fall/SWE/tmp/libs.versions.toml
00:01.078 DEBUG                           MockProjectInitializer$DebugLogger INFO: null: java.lang.ExceptionInInitializerError
	at com.intellij.DynamicBundle.getParent(DynamicBundle.java:152)
	at com.intellij.DynamicBundle.resolveBundleOrder(DynamicBundle.java:165)
	at com.intellij.DynamicBundle.resolveResourceBundle(DynamicBundle.java:123)
	at com.intellij.DynamicBundle.lambda$findBundle$2(DynamicBundle.java:83)
	at java.base/java.util.concurrent.ConcurrentMap.computeIfAbsent(Unknown Source)
	at com.intellij.DynamicBundle.findBundle(DynamicBundle.java:82)
	at com.intellij.AbstractBundle.getResourceBundle$lambda$0(AbstractBundle.kt:162)
	at com.intellij.AbstractBundle$Companion.resolveResourceBundleWithFallback(AbstractBundle.kt:86)
	at com.intellij.AbstractBundle.getResourceBundle(AbstractBundle.kt:161)
	at com.intellij.AbstractBundle.getMessage(AbstractBundle.kt:112)
	at com.intellij.analysis.AnalysisBundle.message(AnalysisBundle.java:20)
	at com.intellij.lang.parser.GeneratedParserUtilBase.reportError(GeneratedParserUtilBase.java:772)
	at com.intellij.lang.parser.GeneratedParserUtilBase.exit_section_impl_(GeneratedParserUtilBase.java:563)
	at com.intellij.lang.parser.GeneratedParserUtilBase.exit_section_(GeneratedParserUtilBase.java:500)
	at com.intellij.lang.parser.GeneratedParserUtilBase.exit_section_(GeneratedParserUtilBase.java:477)
	at org.toml.lang.parse.TomlParser.ArrayTableHeader(TomlParser.java:163)
	at org.toml.lang.parse.TomlParser.ArrayTable(TomlParser.java:136)
	at org.toml.lang.parse.TomlParser.FileForm(TomlParser.java:238)
	at org.toml.lang.parse.TomlParser.File(TomlParser.java:225)
	at org.toml.lang.parse.TomlParser.parse_root_(TomlParser.java:35)
	at org.toml.lang.parse.TomlParser.parse_root_(TomlParser.java:31)
	at org.toml.lang.parse.TomlParser.parseLight(TomlParser.java:26)
	at org.toml.lang.parse.TomlParser.parse(TomlParser.java:18)
	at com.intellij.psi.tree.ILazyParseableElementType.doParseContents(ILazyParseableElementType.java:65)
	at com.intellij.psi.tree.IFileElementType.parseContents(IFileElementType.java:38)
	at com.intellij.psi.impl.source.tree.LazyParseableElement.lambda$ensureParsed$2(LazyParseableElement.java:183)
	at com.intellij.psi.impl.DebugUtil.performPsiModification(DebugUtil.java:589)
	at com.intellij.psi.impl.source.tree.LazyParseableElement.ensureParsed(LazyParseableElement.java:182)
	at com.intellij.psi.impl.source.tree.LazyParseableElement.getFirstChildNode(LazyParseableElement.java:234)
	at com.intellij.psi.impl.source.tree.LazyParseableElement.getFirstChildNode(LazyParseableElement.java:25)
	at com.intellij.psi.impl.source.tree.SharedImplUtil.getFirstChild(SharedImplUtil.java:41)
	at com.intellij.psi.impl.source.PsiFileImpl.getFirstChild(PsiFileImpl.java:907)
	at com.intellij.psi.util.PsiTreeUtil.getChildrenOfTypeAsList(PsiTreeUtil.java:492)
	at org.jetbrains.amper.frontend.catalogs.Gradle_catalogKt.findTableOrNull(gradle-catalog.kt:128)
	at org.jetbrains.amper.frontend.catalogs.Gradle_catalogKt.parseCatalogLibraries(gradle-catalog.kt:76)
	at org.jetbrains.amper.frontend.catalogs.Gradle_catalogKt.parseGradleVersionCatalog(gradle-catalog.kt:65)
	at org.jetbrains.amper.frontend.project.StandaloneAmperProjectContext.projectVersionsCatalog_delegate$lambda$0(StandaloneAmperProjectContext.kt:57)
	at kotlin.SynchronizedLazyImpl.getValue(LazyJVM.kt:86)
	at org.jetbrains.amper.frontend.project.StandaloneAmperProjectContext.getProjectVersionsCatalog(StandaloneAmperProjectContext.kt:53)
	at org.jetbrains.amper.frontend.aomBuilder.BuildKt.doReadProjectModel(build.kt:105)
	at org.jetbrains.amper.frontend.aomBuilder.BuildKt.doReadProjectModel$default(build.kt:92)
	at org.jetbrains.amper.frontend.aomBuilder.BuildKt.readProjectModel(build.kt:86)
	at org.jetbrains.amper.cli.project.ProjectKt$preparePluginsAndReadModel$$inlined$use$3.invokeSuspend(tracing.kt:103)
	at org.jetbrains.amper.cli.project.ProjectKt$preparePluginsAndReadModel$$inlined$use$3.invoke(tracing.kt)
	at org.jetbrains.amper.cli.project.ProjectKt$preparePluginsAndReadModel$$inlined$use$3.invoke(tracing.kt)
	at kotlinx.coroutines.intrinsics.UndispatchedKt.startUndispatched(Undispatched.kt:66)
	at kotlinx.coroutines.intrinsics.UndispatchedKt.startUndispatchedOrReturn(Undispatched.kt:43)
	at kotlinx.coroutines.BuildersKt__Builders_commonKt.withContext(Builders.common.kt:497)
	at kotlinx.coroutines.BuildersKt.withContext(Unknown Source)
	at org.jetbrains.amper.cli.project.ProjectKt.preparePluginsAndReadModel(project.kt:97)
	at org.jetbrains.amper.cli.commands.AmperModelAwareCommand.run(AmperModelAwareCommand.kt:17)
	at org.jetbrains.amper.cli.commands.AmperProjectAwareCommand.run(AmperProjectAwareCommand.kt:29)
	at org.jetbrains.amper.cli.MainKt$mainWithTelemetry$$inlined$use$2.invokeSuspend(tracing.kt:102)
	at org.jetbrains.amper.cli.MainKt$mainWithTelemetry$$inlined$use$2.invoke(tracing.kt)
	at org.jetbrains.amper.cli.MainKt$mainWithTelemetry$$inlined$use$2.invoke(tracing.kt)
	at kotlinx.coroutines.intrinsics.UndispatchedKt.startUndispatched(Undispatched.kt:66)
	at kotlinx.coroutines.intrinsics.UndispatchedKt.startUndispatchedOrReturn(Undispatched.kt:43)
	at kotlinx.coroutines.BuildersKt__Builders_commonKt.withContext(Builders.common.kt:497)
	at kotlinx.coroutines.BuildersKt.withContext(Unknown Source)
	at org.jetbrains.amper.cli.MainKt.mainWithTelemetry(main.kt:188)
	at org.jetbrains.amper.cli.MainKt.access$mainWithTelemetry(main.kt:1)
	at org.jetbrains.amper.cli.MainKt$main$$inlined$use$1.invokeSuspend(tracing.kt:114)
	at org.jetbrains.amper.cli.MainKt$main$$inlined$use$1.invoke(tracing.kt)
	at org.jetbrains.amper.cli.MainKt$main$$inlined$use$1.invoke(tracing.kt)
	at kotlinx.coroutines.intrinsics.UndispatchedKt.startUndispatched(Undispatched.kt:66)
	at kotlinx.coroutines.intrinsics.UndispatchedKt.startUndispatchedOrReturn(Undispatched.kt:43)
	at kotlinx.coroutines.BuildersKt__Builders_commonKt.withContext(Builders.common.kt:497)
	at kotlinx.coroutines.BuildersKt.withContext(Unknown Source)
	at org.jetbrains.amper.cli.MainKt.main(main.kt:180)
	at org.jetbrains.amper.cli.MainKt$main$3.invoke(main.kt)
	at org.jetbrains.amper.cli.MainKt$main$3.invoke(main.kt)
	at kotlin.coroutines.intrinsics.IntrinsicsKt__IntrinsicsJvmKt$createCoroutineUnintercepted$$inlined$createCoroutineFromSuspendFunction$IntrinsicsKt__IntrinsicsJvmKt$1.invokeSuspend(IntrinsicsJvm.kt:271)
	at kotlin.coroutines.jvm.internal.BaseContinuationImpl.resumeWith(ContinuationImpl.kt:34)
	at kotlin.coroutines.ContinuationKt.startCoroutine(Continuation.kt:115)
	at kotlin.coroutines.jvm.internal.RunSuspendKt.runSuspend(RunSuspend.kt:19)
	at org.jetbrains.amper.cli.MainKt.main(main.kt)
Caused by: java.lang.reflect.InaccessibleObjectException: Unable to make protected void java.util.ResourceBundle.setParent(java.util.ResourceBundle) accessible: module java.base does not "opens java.util" to unnamed module @59d4cd39
	at java.base/java.lang.reflect.AccessibleObject.throwInaccessibleObjectException(Unknown Source)
	at java.base/java.lang.reflect.AccessibleObject.checkCanSetAccessible(Unknown Source)
	at java.base/java.lang.reflect.AccessibleObject.checkCanSetAccessible(Unknown Source)
	at java.base/java.lang.reflect.Method.checkCanSetAccessible(Unknown Source)
	at java.base/java.lang.reflect.Method.setAccessible(Unknown Source)
	at com.intellij.DynamicBundle$DynamicBundleInternal.<clinit>(DynamicBundle.java:223)
	... 76 more
00:01.080 DEBUG                           MockProjectInitializer$DebugLogger No bundles found in: localization//messages/AnalysisBundle
00:01.098 DEBUG                           MockProjectInitializer$DebugLogger Loaded text for file /home/mark/Nextcloud/Documents/School/2026 - Fall/SWE/tmp/desktopApp/module.yaml
00:01.159 DEBUG                           MockProjectInitializer$DebugLogger Loaded text for file /home/mark/Nextcloud/Documents/School/2026 - Fall/SWE/tmp/shared/module.yaml
00:01.346 DEBUG                           AmperBackend              Selected tasks to compile: :desktopApp:compileJvm :desktopApp:compileJvmTest :desktopApp:jarJvm :shared:compileJvm :shared:compileJvmTest :shared:jarJvm
00:01.426 DEBUG :desktopApp:resolveDependenciesJvmTest ResolveExternalDependenciesTask$Companion resolve dependencies desktopApp -- test -- ch.qos.logback:logback-classic:1.6.2 org.jetbrains.compose.components:components-resources:1.12.1 org.jetbrains.compose.desktop:desktop-jvm-linux-x64:1.12.1 org.jetbrains.compose.runtime:runtime:1.12.1 org.jetbrains.compose.ui:ui-tooling-preview:1.12.1 org.jetbrains.kotlin:kotlin-stdlib:2.4.20 org.jetbrains.kotlin:kotlin-test-junit5:2.4.20 org.jetbrains.kotlinx:kotlinx-coroutines-swing:1.11.0 -- resolvePlatform=jvm nativeTarget=null wasmTarget=null
00:01.426 DEBUG :desktopApp:resolveDependenciesJvm ResolveExternalDependenciesTask$Companion resolve dependencies desktopApp -- main -- ch.qos.logback:logback-classic:1.6.2 org.jetbrains.compose.components:components-resources:1.12.1 org.jetbrains.compose.desktop:desktop-jvm-linux-x64:1.12.1 org.jetbrains.compose.runtime:runtime:1.12.1 org.jetbrains.compose.ui:ui-tooling-preview:1.12.1 org.jetbrains.kotlin:kotlin-stdlib:2.4.20 org.jetbrains.kotlinx:kotlinx-coroutines-swing:1.11.0 -- resolvePlatform=jvm nativeTarget=null wasmTarget=null
00:01.426 DEBUG :shared:resolveDependenciesJvm ResolveExternalDependenciesTask$Companion resolve dependencies shared -- common jvm -- org.jetbrains.androidx.lifecycle:lifecycle-runtime-compose:2.11.0 org.jetbrains.androidx.lifecycle:lifecycle-viewmodel-compose:2.11.0 org.jetbrains.compose.components:components-resources:1.12.1 org.jetbrains.compose.foundation:foundation:1.12.1 org.jetbrains.compose.hot-reload:hot-reload-runtime-api:1.2.0 org.jetbrains.compose.material3:material3:1.12.0-alpha03 org.jetbrains.compose.runtime:runtime:1.12.1 org.jetbrains.compose.ui:ui-tooling-preview:1.12.1 org.jetbrains.compose.ui:ui:1.12.1 org.jetbrains.kotlin:kotlin-stdlib:2.4.20 -- resolvePlatform=jvm nativeTarget=null wasmTarget=null
00:01.426 DEBUG :shared:resolveDependenciesJvmTest ResolveExternalDependenciesTask$Companion resolve dependencies shared -- commonTest jvmTest -- org.jetbrains.androidx.lifecycle:lifecycle-runtime-compose:2.11.0 org.jetbrains.androidx.lifecycle:lifecycle-viewmodel-compose:2.11.0 org.jetbrains.compose.components:components-resources:1.12.1 org.jetbrains.compose.foundation:foundation:1.12.1 org.jetbrains.compose.hot-reload:hot-reload-runtime-api:1.2.0 org.jetbrains.compose.material3:material3:1.12.0-alpha03 org.jetbrains.compose.runtime:runtime:1.12.1 org.jetbrains.compose.ui:ui-tooling-preview:1.12.1 org.jetbrains.compose.ui:ui:1.12.1 org.jetbrains.kotlin:kotlin-stdlib:2.4.20 org.jetbrains.kotlin:kotlin-test-junit5:2.4.20 -- resolvePlatform=jvm nativeTarget=null wasmTarget=null
00:01.439 DEBUG generated/shared/jvmTest/preparedComposeResources IncrementalCache          [inc] building 'generated/shared/jvmTest/preparedComposeResources'
00:01.439 DEBUG :desktopApp:resolveDependenciesJvm IncrementalCache          [inc] building 'desktopApp:jvm:main'
00:01.439 DEBUG generated/shared/common/src/compose/resources/commonResClass IncrementalCache          [inc] building 'generated/shared/common/src/compose/resources/commonResClass'
00:01.439 DEBUG :shared:resolveDependenciesJvmTest IncrementalCache          [inc] building 'shared:jvm:test'
00:01.439 DEBUG generated/desktopApp/main/src/compose/resources/commonResClass IncrementalCache          [inc] building 'generated/desktopApp/main/src/compose/resources/commonResClass'
00:01.439 DEBUG generated/shared/common/preparedComposeResources IncrementalCache          [inc] building 'generated/shared/common/preparedComposeResources'
00:01.439 DEBUG generated/shared/commonTest/preparedComposeResources IncrementalCache          [inc] building 'generated/shared/commonTest/preparedComposeResources'
00:01.439 DEBUG generated/desktopApp/main/preparedComposeResources IncrementalCache          [inc] building 'generated/desktopApp/main/preparedComposeResources'
00:01.439 DEBUG :desktopApp:resolveDependenciesJvmTest IncrementalCache          [inc] building 'desktopApp:jvm:test'
00:01.439 DEBUG generated/shared/jvm/preparedComposeResources IncrementalCache          [inc] building 'generated/shared/jvm/preparedComposeResources'
00:01.439 DEBUG generated/shared/common/src/compose/resources/collectors IncrementalCache          [inc] building 'generated/shared/common/src/compose/resources/collectors'
00:01.439 DEBUG generated/desktopApp/test/preparedComposeResources IncrementalCache          [inc] building 'generated/desktopApp/test/preparedComposeResources'
00:01.439 DEBUG :shared:resolveDependenciesJvm IncrementalCache          [inc] building 'shared:jvm:main'
00:01.455 DEBUG generated/desktopApp/main/src/compose/resources/commonResClass IncrementalCache          [inc] 'generated/desktopApp/main/src/compose/resources/commonResClass' changes: 
00:01.455 DEBUG generated/shared/jvm/preparedComposeResources IncrementalCache          [inc] 'generated/shared/jvm/preparedComposeResources' changes: 
00:01.455 DEBUG generated/shared/commonTest/preparedComposeResources IncrementalCache          [inc] 'generated/shared/commonTest/preparedComposeResources' changes: 
00:01.455 DEBUG generated/shared/jvmTest/preparedComposeResources IncrementalCache          [inc] 'generated/shared/jvmTest/preparedComposeResources' changes: 
00:01.455 DEBUG generated/desktopApp/test/preparedComposeResources IncrementalCache          [inc] 'generated/desktopApp/test/preparedComposeResources' changes: 
00:01.455 DEBUG generated/desktopApp/main/preparedComposeResources IncrementalCache          [inc] 'generated/desktopApp/main/preparedComposeResources' changes: 
00:01.460 DEBUG generated/desktopApp/main/src/compose/resources/accessors IncrementalCache          [inc] building 'generated/desktopApp/main/src/compose/resources/accessors'
00:01.460 DEBUG artifacts/MergedPreparedComposeResourcesDirArtifact/desktopAppjvmTest IncrementalCache          [inc] building 'artifacts/MergedPreparedComposeResourcesDirArtifact/desktopAppjvmTest'
00:01.460 DEBUG artifacts/MergedPreparedComposeResourcesDirArtifact/desktopAppjvm IncrementalCache          [inc] building 'artifacts/MergedPreparedComposeResourcesDirArtifact/desktopAppjvm'
00:01.460 DEBUG generated/shared/commonTest/src/compose/resources/accessors IncrementalCache          [inc] building 'generated/shared/commonTest/src/compose/resources/accessors'
00:01.461 DEBUG generated/desktopApp/test/src/compose/resources/accessors IncrementalCache          [inc] building 'generated/desktopApp/test/src/compose/resources/accessors'
00:01.461 DEBUG artifacts/MergedPreparedComposeResourcesDirArtifact/sharedjvmTest IncrementalCache          [inc] building 'artifacts/MergedPreparedComposeResourcesDirArtifact/sharedjvmTest'
00:01.461 DEBUG generated/desktopApp/main/src/compose/resources/accessors IncrementalCache          [inc] 'generated/desktopApp/main/src/compose/resources/accessors' changes: 
00:01.461 DEBUG generated/shared/jvm/src/compose/resources/accessors IncrementalCache          [inc] building 'generated/shared/jvm/src/compose/resources/accessors'
00:01.462 DEBUG generated/shared/jvmTest/src/compose/resources/accessors IncrementalCache          [inc] building 'generated/shared/jvmTest/src/compose/resources/accessors'
00:01.462 DEBUG generated/shared/common/preparedComposeResources IncrementalCache          [inc] 'generated/shared/common/preparedComposeResources' changes: '/home/mark/Nextcloud/Documents/School/2026 - Fall/SWE/tmp/build/generated/shared/common/preparedComposeResources/composeResources/com.swe.studyplanner.resources/drawable/compose-multiplatform.xml' CREATED
00:01.462 DEBUG generated/shared/jvm/src/compose/resources/accessors IncrementalCache          [inc] 'generated/shared/jvm/src/compose/resources/accessors' changes: 
00:01.463 DEBUG generated/shared/jvmTest/src/compose/resources/accessors IncrementalCache          [inc] 'generated/shared/jvmTest/src/compose/resources/accessors' changes: 
00:01.463 DEBUG artifacts/MergedPreparedComposeResourcesDirArtifact/sharedjvmTest IncrementalCache          [inc] 'artifacts/MergedPreparedComposeResourcesDirArtifact/sharedjvmTest' changes: 
00:01.463 DEBUG artifacts/MergedPreparedComposeResourcesDirArtifact/desktopAppjvmTest IncrementalCache          [inc] 'artifacts/MergedPreparedComposeResourcesDirArtifact/desktopAppjvmTest' changes: 
00:01.463 DEBUG artifacts/MergedPreparedComposeResourcesDirArtifact/desktopAppjvm IncrementalCache          [inc] 'artifacts/MergedPreparedComposeResourcesDirArtifact/desktopAppjvm' changes: 
00:01.463 DEBUG generated/desktopApp/test/src/compose/resources/accessors IncrementalCache          [inc] 'generated/desktopApp/test/src/compose/resources/accessors' changes: 
00:01.463 DEBUG generated/shared/commonTest/src/compose/resources/accessors IncrementalCache          [inc] 'generated/shared/commonTest/src/compose/resources/accessors' changes: 
00:01.464 DEBUG generated/desktopApp/main/src/compose/resources/collectors IncrementalCache          [inc] building 'generated/desktopApp/main/src/compose/resources/collectors'
00:01.464 DEBUG artifacts/MergedPreparedComposeResourcesDirArtifact/sharedjvm IncrementalCache          [inc] building 'artifacts/MergedPreparedComposeResourcesDirArtifact/sharedjvm'
00:01.464 DEBUG artifacts/JvmResourcesDirArtifact/desktopApptest IncrementalCache          [inc] building 'artifacts/JvmResourcesDirArtifact/desktopApptest'
00:01.464 DEBUG generated/shared/common/src/compose/resources/accessors IncrementalCache          [inc] building 'generated/shared/common/src/compose/resources/accessors'
00:01.464 DEBUG artifacts/JvmResourcesDirArtifact/sharedjvmTest IncrementalCache          [inc] building 'artifacts/JvmResourcesDirArtifact/sharedjvmTest'
00:01.464 DEBUG artifacts/JvmResourcesDirArtifact/desktopAppmain IncrementalCache          [inc] building 'artifacts/JvmResourcesDirArtifact/desktopAppmain'
00:01.465 DEBUG artifacts/JvmResourcesDirArtifact/sharedjvmTest IncrementalCache          [inc] 'artifacts/JvmResourcesDirArtifact/sharedjvmTest' changes: 
00:01.465 DEBUG generated/desktopApp/main/src/compose/resources/collectors IncrementalCache          [inc] 'generated/desktopApp/main/src/compose/resources/collectors' changes: 
00:01.465 DEBUG artifacts/JvmResourcesDirArtifact/desktopApptest IncrementalCache          [inc] 'artifacts/JvmResourcesDirArtifact/desktopApptest' changes: 
00:01.465 DEBUG artifacts/JvmResourcesDirArtifact/desktopAppmain IncrementalCache          [inc] 'artifacts/JvmResourcesDirArtifact/desktopAppmain' changes: 
00:01.478 DEBUG artifacts/MergedPreparedComposeResourcesDirArtifact/sharedjvm IncrementalCache          [inc] 'artifacts/MergedPreparedComposeResourcesDirArtifact/sharedjvm' changes: '/home/mark/Nextcloud/Documents/School/2026 - Fall/SWE/tmp/build/artifacts/MergedPreparedComposeResourcesDirArtifact/sharedjvm/composeResources/com.swe.studyplanner.resources/drawable/compose-multiplatform.xml' CREATED
00:01.481 DEBUG artifacts/JvmResourcesDirArtifact/sharedjvm IncrementalCache          [inc] building 'artifacts/JvmResourcesDirArtifact/sharedjvm'
00:01.483 DEBUG generated/shared/common/src/compose/resources/accessors IncrementalCache          [inc] 'generated/shared/common/src/compose/resources/accessors' changes: '/home/mark/Nextcloud/Documents/School/2026 - Fall/SWE/tmp/build/generated/shared/common/src/compose/resources/accessors/com/swe/studyplanner/resources/Drawable0.common.kt' CREATED
00:01.483 DEBUG generated/shared/common/src/compose/resources/commonResClass IncrementalCache          [inc] 'generated/shared/common/src/compose/resources/commonResClass' changes: '/home/mark/Nextcloud/Documents/School/2026 - Fall/SWE/tmp/build/generated/shared/common/src/compose/resources/commonResClass/com/swe/studyplanner/resources/Res.kt' CREATED
00:01.483 DEBUG generated/shared/common/src/compose/resources/collectors IncrementalCache          [inc] 'generated/shared/common/src/compose/resources/collectors' changes: '/home/mark/Nextcloud/Documents/School/2026 - Fall/SWE/tmp/build/generated/shared/common/src/compose/resources/collectors/com/swe/studyplanner/resources/ExpectResourceCollectors.kt' CREATED
00:01.485 DEBUG artifacts/JvmResourcesDirArtifact/sharedjvm IncrementalCache          [inc] 'artifacts/JvmResourcesDirArtifact/sharedjvm' changes: '/home/mark/Nextcloud/Documents/School/2026 - Fall/SWE/tmp/build/artifacts/JvmResourcesDirArtifact/sharedjvm/composeResources/com.swe.studyplanner.resources/drawable/compose-multiplatform.xml' CREATED
00:01.487 DEBUG generated/shared/jvm/src/compose/resources/collectors IncrementalCache          [inc] building 'generated/shared/jvm/src/compose/resources/collectors'
00:01.509 DEBUG generated/shared/jvm/src/compose/resources/collectors IncrementalCache          [inc] 'generated/shared/jvm/src/compose/resources/collectors' changes: '/home/mark/Nextcloud/Documents/School/2026 - Fall/SWE/tmp/build/generated/shared/jvm/src/compose/resources/collectors/com/swe/studyplanner/resources/ActualResourceCollectors.kt' CREATED
00:01.515 DEBUG :shared:resolveDependenciesJvmTest IncrementalCache          [inc] building '/home/mark/Nextcloud/Documents/School/2026 - Fall/SWE/tmp/shared,leaf platforms,true,ResolutionConfigPlain(scope=COMPILE, platforms=[JVM], repositoryUrls=[https://repo1.maven.org/maven2]),false,true,NETWORK'
00:01.515 DEBUG :desktopApp:resolveDependenciesJvm IncrementalCache          [inc] building '/home/mark/Nextcloud/Documents/School/2026 - Fall/SWE/tmp/desktopApp,leaf platforms,false,ResolutionConfigPlain(scope=COMPILE, platforms=[JVM], repositoryUrls=[https://repo1.maven.org/maven2]),false,true,NETWORK'
00:01.515 DEBUG :desktopApp:resolveDependenciesJvmTest IncrementalCache          [inc] building '/home/mark/Nextcloud/Documents/School/2026 - Fall/SWE/tmp/desktopApp,leaf platforms,true,ResolutionConfigPlain(scope=COMPILE, platforms=[JVM], repositoryUrls=[https://repo1.maven.org/maven2]),false,true,NETWORK'
00:01.515 DEBUG :shared:resolveDependenciesJvm IncrementalCache          [inc] building '/home/mark/Nextcloud/Documents/School/2026 - Fall/SWE/tmp/shared,leaf platforms,false,ResolutionConfigPlain(scope=COMPILE, platforms=[JVM], repositoryUrls=[https://repo1.maven.org/maven2]),false,true,NETWORK'
00:02.482 DEBUG :shared:resolveDependenciesJvmTest DependencyFileImpl        Downloaded https://repo1.maven.org/maven2/org/jetbrains/compose/foundation/foundation/1.12.1/foundation-1.12.1.pom.sha512 for the dependency org.jetbrains.compose.foundation:foundation:1.12.1
00:02.482 DEBUG :shared:resolveDependenciesJvmTest DependencyFileImpl        Downloaded https://repo1.maven.org/maven2/org/jetbrains/compose/runtime/runtime/1.12.1/runtime-1.12.1.pom.sha512 for the dependency org.jetbrains.compose.runtime:runtime:1.12.1
00:02.482 DEBUG :shared:resolveDependenciesJvmTest DependencyFileImpl        Downloaded https://repo1.maven.org/maven2/org/jetbrains/androidx/lifecycle/lifecycle-runtime-compose/2.11.0/lifecycle-runtime-compose-2.11.0.pom.sha512 for the dependency org.jetbrains.androidx.lifecycle:lifecycle-runtime-compose:2.11.0
00:02.482 DEBUG :shared:resolveDependenciesJvm DependencyFileImpl        Downloaded https://repo1.maven.org/maven2/org/jetbrains/compose/hot-reload/hot-reload-runtime-api/1.2.0/hot-reload-runtime-api-1.2.0.pom.sha512 for the dependency org.jetbrains.compose.hot-reload:hot-reload-runtime-api:1.2.0
00:02.482 DEBUG :desktopApp:resolveDependenciesJvm DependencyFileImpl        Downloaded https://repo1.maven.org/maven2/org/jetbrains/kotlinx/kotlinx-coroutines-swing/1.11.0/kotlinx-coroutines-swing-1.11.0.pom.sha512 for the dependency org.jetbrains.kotlinx:kotlinx-coroutines-swing:1.11.0
00:02.486 DEBUG :shared:resolveDependenciesJvmTest DependencyFileImpl        Not found URL: https://repo1.maven.org/maven2/org/jetbrains/kotlin/kotlin-test-junit5/2.4.20/kotlin-test-junit5-2.4.20.pom.sha512
00:02.492 DEBUG :desktopApp:resolveDependenciesJvm DependencyFileImpl        Downloaded https://repo1.maven.org/maven2/ch/qos/logback/logback-classic/1.6.2/logback-classic-1.6.2.pom.sha512 for the dependency ch.qos.logback:logback-classic:1.6.2
00:02.521 DEBUG :desktopApp:resolveDependenciesJvmTest DependencyFileImpl        Downloaded https://repo1.maven.org/maven2/org/jetbrains/compose/desktop/desktop-jvm-linux-x64/1.12.1/desktop-jvm-linux-x64-1.12.1.pom.sha512 for the dependency org.jetbrains.compose.desktop:desktop-jvm-linux-x64:1.12.1
00:02.527 DEBUG :shared:resolveDependenciesJvm DependencyFileImpl        Downloaded https://repo1.maven.org/maven2/org/jetbrains/compose/ui/ui/1.12.1/ui-1.12.1.pom.sha512 for the dependency org.jetbrains.compose.ui:ui:1.12.1
00:02.530 DEBUG :shared:resolveDependenciesJvmTest DependencyFileImpl        Downloaded https://repo1.maven.org/maven2/org/jetbrains/compose/components/components-resources/1.12.1/components-resources-1.12.1.pom.sha512 for the dependency org.jetbrains.compose.components:components-resources:1.12.1
00:02.550 DEBUG :shared:resolveDependenciesJvm DependencyFileImpl        Downloaded https://repo1.maven.org/maven2/org/jetbrains/compose/ui/ui-tooling-preview/1.12.1/ui-tooling-preview-1.12.1.pom.sha512 for the dependency org.jetbrains.compose.ui:ui-tooling-preview:1.12.1
00:02.554 DEBUG :shared:resolveDependenciesJvm DependencyFileImpl        Downloaded https://repo1.maven.org/maven2/org/jetbrains/compose/material3/material3/1.12.0-alpha03/material3-1.12.0-alpha03.pom.sha512 for the dependency org.jetbrains.compose.material3:material3:1.12.0-alpha03
00:02.556 DEBUG :shared:resolveDependenciesJvmTest DependencyFileImpl        Downloaded https://repo1.maven.org/maven2/org/jetbrains/compose/foundation/foundation/1.12.1/foundation-1.12.1.pom for the dependency org.jetbrains.compose.foundation:foundation:1.12.1
00:02.556 DEBUG :shared:resolveDependenciesJvmTest DependencyFileImpl        Not found URL: https://repo1.maven.org/maven2/org/jetbrains/kotlin/kotlin-stdlib/2.4.20/kotlin-stdlib-2.4.20.pom.sha512
00:02.557 DEBUG :shared:resolveDependenciesJvmTest DependencyFileImpl        Downloaded https://repo1.maven.org/maven2/org/jetbrains/androidx/lifecycle/lifecycle-viewmodel-compose/2.11.0/lifecycle-viewmodel-compose-2.11.0.pom.sha512 for the dependency org.jetbrains.androidx.lifecycle:lifecycle-viewmodel-compose:2.11.0
00:02.560 DEBUG :shared:resolveDependenciesJvmTest DependencyFileImpl        Downloaded https://repo1.maven.org/maven2/org/jetbrains/compose/runtime/runtime/1.12.1/runtime-1.12.1.pom for the dependency org.jetbrains.compose.runtime:runtime:1.12.1
00:02.589 DEBUG :desktopApp:resolveDependenciesJvm DependencyFileImpl        Downloaded https://repo1.maven.org/maven2/org/jetbrains/kotlinx/kotlinx-coroutines-swing/1.11.0/kotlinx-coroutines-swing-1.11.0.pom for the dependency org.jetbrains.kotlinx:kotlinx-coroutines-swing:1.11.0
00:02.600 DEBUG :shared:resolveDependenciesJvmTest DependencyFileImpl        Downloaded https://repo1.maven.org/maven2/org/jetbrains/androidx/lifecycle/lifecycle-runtime-compose/2.11.0/lifecycle-runtime-compose-2.11.0.pom for the dependency org.jetbrains.androidx.lifecycle:lifecycle-runtime-compose:2.11.0
00:02.604 DEBUG :shared:resolveDependenciesJvm DependencyFileImpl        Downloaded https://repo1.maven.org/maven2/org/jetbrains/compose/hot-reload/hot-reload-runtime-api/1.2.0/hot-reload-runtime-api-1.2.0.pom for the dependency org.jetbrains.compose.hot-reload:hot-reload-runtime-api:1.2.0
00:02.613 DEBUG :desktopApp:resolveDependenciesJvm DependencyFileImpl        Downloaded https://repo1.maven.org/maven2/ch/qos/logback/logback-classic/1.6.2/logback-classic-1.6.2.pom for the dependency ch.qos.logback:logback-classic:1.6.2
00:02.613 DEBUG :desktopApp:resolveDependenciesJvmTest DependencyFileImpl        Downloaded https://repo1.maven.org/maven2/org/jetbrains/compose/desktop/desktop-jvm-linux-x64/1.12.1/desktop-jvm-linux-x64-1.12.1.pom for the dependency org.jetbrains.compose.desktop:desktop-jvm-linux-x64:1.12.1
00:02.616 DEBUG :shared:resolveDependenciesJvmTest DependencyFileImpl        Downloaded https://repo1.maven.org/maven2/org/jetbrains/compose/components/components-resources/1.12.1/components-resources-1.12.1.pom for the dependency org.jetbrains.compose.components:components-resources:1.12.1
00:02.626 DEBUG :shared:resolveDependenciesJvm DependencyFileImpl        Downloaded https://repo1.maven.org/maven2/org/jetbrains/compose/ui/ui/1.12.1/ui-1.12.1.pom for the dependency org.jetbrains.compose.ui:ui:1.12.1
00:02.633 DEBUG :shared:resolveDependenciesJvm DependencyFileImpl        Downloaded https://repo1.maven.org/maven2/org/jetbrains/compose/material3/material3/1.12.0-alpha03/material3-1.12.0-alpha03.pom for the dependency org.jetbrains.compose.material3:material3:1.12.0-alpha03
00:02.634 DEBUG :shared:resolveDependenciesJvm DependencyFileImpl        Downloaded https://repo1.maven.org/maven2/org/jetbrains/compose/ui/ui-tooling-preview/1.12.1/ui-tooling-preview-1.12.1.pom for the dependency org.jetbrains.compose.ui:ui-tooling-preview:1.12.1
00:02.665 DEBUG :shared:resolveDependenciesJvmTest DependencyFileImpl        Downloaded https://repo1.maven.org/maven2/org/jetbrains/compose/foundation/foundation/1.12.1/foundation-1.12.1.module.sha512 for the dependency org.jetbrains.compose.foundation:foundation:1.12.1
00:02.667 DEBUG :shared:resolveDependenciesJvmTest DependencyFileImpl        Downloaded https://repo1.maven.org/maven2/org/jetbrains/androidx/lifecycle/lifecycle-viewmodel-compose/2.11.0/lifecycle-viewmodel-compose-2.11.0.pom for the dependency org.jetbrains.androidx.lifecycle:lifecycle-viewmodel-compose:2.11.0
00:02.686 DEBUG :shared:resolveDependenciesJvm DependencyFileImpl        Downloaded https://repo1.maven.org/maven2/org/jetbrains/compose/hot-reload/hot-reload-runtime-api/1.2.0/hot-reload-runtime-api-1.2.0.module.sha512 for the dependency org.jetbrains.compose.hot-reload:hot-reload-runtime-api:1.2.0
00:02.687 DEBUG :desktopApp:resolveDependenciesJvm DependencyFileImpl        Downloaded https://repo1.maven.org/maven2/org/jetbrains/kotlinx/kotlinx-coroutines-swing/1.11.0/kotlinx-coroutines-swing-1.11.0.module.sha512 for the dependency org.jetbrains.kotlinx:kotlinx-coroutines-swing:1.11.0
00:02.688 DEBUG :shared:resolveDependenciesJvmTest DependencyFileImpl        Downloaded https://repo1.maven.org/maven2/org/jetbrains/compose/runtime/runtime/1.12.1/runtime-1.12.1.module.sha512 for the dependency org.jetbrains.compose.runtime:runtime:1.12.1
00:02.698 DEBUG :shared:resolveDependenciesJvmTest DependencyFileImpl        Downloaded https://repo1.maven.org/maven2/org/jetbrains/androidx/lifecycle/lifecycle-runtime-compose/2.11.0/lifecycle-runtime-compose-2.11.0.module.sha512 for the dependency org.jetbrains.androidx.lifecycle:lifecycle-runtime-compose:2.11.0
00:02.699 DEBUG :shared:resolveDependenciesJvm DependencyFileImpl        Downloaded https://repo1.maven.org/maven2/org/jetbrains/compose/ui/ui/1.12.1/ui-1.12.1.module.sha512 for the dependency org.jetbrains.compose.ui:ui:1.12.1
00:02.702 DEBUG :shared:resolveDependenciesJvmTest DependencyFileImpl        Downloaded https://repo1.maven.org/maven2/org/jetbrains/compose/components/components-resources/1.12.1/components-resources-1.12.1.module.sha512 for the dependency org.jetbrains.compose.components:components-resources:1.12.1
00:02.730 DEBUG :shared:resolveDependenciesJvm DependencyFileImpl        Downloaded https://repo1.maven.org/maven2/org/jetbrains/compose/ui/ui-tooling-preview/1.12.1/ui-tooling-preview-1.12.1.module.sha512 for the dependency org.jetbrains.compose.ui:ui-tooling-preview:1.12.1
00:02.731 DEBUG :shared:resolveDependenciesJvm DependencyFileImpl        Downloaded https://repo1.maven.org/maven2/org/jetbrains/compose/material3/material3/1.12.0-alpha03/material3-1.12.0-alpha03.module.sha512 for the dependency org.jetbrains.compose.material3:material3:1.12.0-alpha03
00:02.750 DEBUG :shared:resolveDependenciesJvmTest DependencyFileImpl        Downloaded https://repo1.maven.org/maven2/org/jetbrains/compose/foundation/foundation/1.12.1/foundation-1.12.1.module for the dependency org.jetbrains.compose.foundation:foundation:1.12.1
00:02.768 DEBUG :shared:resolveDependenciesJvm DependencyFileImpl        Downloaded https://repo1.maven.org/maven2/org/jetbrains/compose/hot-reload/hot-reload-runtime-api/1.2.0/hot-reload-runtime-api-1.2.0.module for the dependency org.jetbrains.compose.hot-reload:hot-reload-runtime-api:1.2.0
00:02.770 DEBUG :shared:resolveDependenciesJvmTest DependencyFileImpl        Downloaded https://repo1.maven.org/maven2/org/jetbrains/compose/runtime/runtime/1.12.1/runtime-1.12.1.module for the dependency org.jetbrains.compose.runtime:runtime:1.12.1
00:02.771 DEBUG :desktopApp:resolveDependenciesJvm DependencyFileImpl        Downloaded https://repo1.maven.org/maven2/org/jetbrains/kotlinx/kotlinx-coroutines-swing/1.11.0/kotlinx-coroutines-swing-1.11.0.module for the dependency org.jetbrains.kotlinx:kotlinx-coroutines-swing:1.11.0
00:02.775 DEBUG :shared:resolveDependenciesJvmTest DependencyFileImpl        Downloaded https://repo1.maven.org/maven2/org/jetbrains/androidx/lifecycle/lifecycle-runtime-compose/2.11.0/lifecycle-runtime-compose-2.11.0.module for the dependency org.jetbrains.androidx.lifecycle:lifecycle-runtime-compose:2.11.0
00:02.802 DEBUG :desktopApp:resolveDependenciesJvmTest DependencyFileImpl        Downloaded https://repo1.maven.org/maven2/org/jetbrains/skiko/skiko-awt-runtime-linux-x64/0.150.1/skiko-awt-runtime-linux-x64-0.150.1.pom.sha512 for the dependency org.jetbrains.skiko:skiko-awt-runtime-linux-x64:0.150.1
00:02.806 DEBUG :shared:resolveDependenciesJvm DependencyFileImpl        Downloaded https://repo1.maven.org/maven2/org/jetbrains/compose/ui/ui/1.12.1/ui-1.12.1.module for the dependency org.jetbrains.compose.ui:ui:1.12.1
00:02.806 DEBUG :shared:resolveDependenciesJvmTest DependencyFileImpl        Downloaded https://repo1.maven.org/maven2/org/jetbrains/androidx/lifecycle/lifecycle-viewmodel-compose/2.11.0/lifecycle-viewmodel-compose-2.11.0.module.sha512 for the dependency org.jetbrains.androidx.lifecycle:lifecycle-viewmodel-compose:2.11.0
00:02.816 DEBUG :desktopApp:resolveDependenciesJvm DependencyFileImpl        Downloaded https://repo1.maven.org/maven2/org/jetbrains/compose/desktop/desktop/1.12.1/desktop-1.12.1.pom.sha512 for the dependency org.jetbrains.compose.desktop:desktop:1.12.1
00:02.833 DEBUG :shared:resolveDependenciesJvmTest DependencyFileImpl        Downloaded https://repo1.maven.org/maven2/org/jetbrains/compose/components/components-resources/1.12.1/components-resources-1.12.1.module for the dependency org.jetbrains.compose.components:components-resources:1.12.1
00:02.838 DEBUG :shared:resolveDependenciesJvm DependencyFileImpl        Downloaded https://repo1.maven.org/maven2/org/jetbrains/compose/ui/ui-tooling-preview/1.12.1/ui-tooling-preview-1.12.1.module for the dependency org.jetbrains.compose.ui:ui-tooling-preview:1.12.1
00:02.842 DEBUG :shared:resolveDependenciesJvm DependencyFileImpl        Downloaded https://repo1.maven.org/maven2/org/jetbrains/compose/material3/material3/1.12.0-alpha03/material3-1.12.0-alpha03.module for the dependency org.jetbrains.compose.material3:material3:1.12.0-alpha03
00:02.857 DEBUG :desktopApp:resolveDependenciesJvmTest DependencyFileImpl        Downloaded https://repo1.maven.org/maven2/ch/qos/logback/logback-parent/1.6.2/logback-parent-1.6.2.pom.sha512 for the dependency ch.qos.logback:logback-parent:1.6.2
00:02.866 DEBUG :desktopApp:resolveDependenciesJvmTest DependencyFileImpl        Downloaded https://repo1.maven.org/maven2/org/jetbrains/compose/hot-reload/hot-reload-runtime-api-jvm/1.2.0/hot-reload-runtime-api-jvm-1.2.0.pom.sha512 for the dependency org.jetbrains.compose.hot-reload:hot-reload-runtime-api-jvm:1.2.0
00:02.871 DEBUG :desktopApp:resolveDependenciesJvm DependencyFileImpl        Downloaded https://repo1.maven.org/maven2/org/jetbrains/kotlinx/kotlinx-coroutines-bom/1.11.0/kotlinx-coroutines-bom-1.11.0.pom.sha512 for the dependency org.jetbrains.kotlinx:kotlinx-coroutines-bom:1.11.0
00:02.874 DEBUG :shared:resolveDependenciesJvmTest DependencyFileImpl        Downloaded https://repo1.maven.org/maven2/org/jetbrains/compose/foundation/foundation-desktop/1.12.1/foundation-desktop-1.12.1.pom.sha512 for the dependency org.jetbrains.compose.foundation:foundation-desktop:1.12.1
00:02.885 DEBUG :desktopApp:resolveDependenciesJvm DependencyFileImpl        Downloaded https://repo1.maven.org/maven2/org/jetbrains/kotlinx/kotlinx-coroutines-core/1.11.0/kotlinx-coroutines-core-1.11.0.pom.sha512 for the dependency org.jetbrains.kotlinx:kotlinx-coroutines-core:1.11.0
00:02.901 DEBUG :shared:resolveDependenciesJvm DependencyFileImpl        Downloaded https://repo1.maven.org/maven2/org/jetbrains/androidx/lifecycle/lifecycle-runtime-compose-desktop/2.11.0/lifecycle-runtime-compose-desktop-2.11.0.pom.sha512 for the dependency org.jetbrains.androidx.lifecycle:lifecycle-runtime-compose-desktop:2.11.0
00:02.902 DEBUG :shared:resolveDependenciesJvmTest DependencyFileImpl        Downloaded https://repo1.maven.org/maven2/org/jetbrains/compose/runtime/runtime-desktop/1.12.1/runtime-desktop-1.12.1.pom.sha512 for the dependency org.jetbrains.compose.runtime:runtime-desktop:1.12.1
00:02.909 DEBUG :desktopApp:resolveDependenciesJvmTest DependencyFileImpl        Downloaded https://repo1.maven.org/maven2/org/jetbrains/skiko/skiko-awt-runtime-linux-x64/0.150.1/skiko-awt-runtime-linux-x64-0.150.1.pom for the dependency org.jetbrains.skiko:skiko-awt-runtime-linux-x64:0.150.1
00:02.924 DEBUG :shared:resolveDependenciesJvmTest DependencyFileImpl        Downloaded https://repo1.maven.org/maven2/org/jetbrains/androidx/lifecycle/lifecycle-viewmodel-compose/2.11.0/lifecycle-viewmodel-compose-2.11.0.module for the dependency org.jetbrains.androidx.lifecycle:lifecycle-viewmodel-compose:2.11.0
00:02.930 DEBUG :shared:resolveDependenciesJvm DependencyFileImpl        Downloaded https://repo1.maven.org/maven2/org/jetbrains/compose/ui/ui-desktop/1.12.1/ui-desktop-1.12.1.pom.sha512 for the dependency org.jetbrains.compose.ui:ui-desktop:1.12.1
00:02.933 DEBUG :shared:resolveDependenciesJvmTest DependencyFileImpl        Downloaded https://repo1.maven.org/maven2/org/jetbrains/compose/components/components-resources-desktop/1.12.1/components-resources-desktop-1.12.1.pom.sha512 for the dependency org.jetbrains.compose.components:components-resources-desktop:1.12.1
00:02.936 DEBUG :desktopApp:resolveDependenciesJvm DependencyFileImpl        Downloaded https://repo1.maven.org/maven2/org/jetbrains/compose/desktop/desktop/1.12.1/desktop-1.12.1.pom for the dependency org.jetbrains.compose.desktop:desktop:1.12.1
00:02.952 DEBUG :shared:resolveDependenciesJvm DependencyFileImpl        Downloaded https://repo1.maven.org/maven2/org/jetbrains/compose/ui/ui-tooling-preview-desktop/1.12.1/ui-tooling-preview-desktop-1.12.1.pom.sha512 for the dependency org.jetbrains.compose.ui:ui-tooling-preview-desktop:1.12.1
00:02.968 DEBUG :desktopApp:resolveDependenciesJvmTest DependencyFileImpl        Downloaded https://repo1.maven.org/maven2/ch/qos/logback/logback-parent/1.6.2/logback-parent-1.6.2.pom for the dependency ch.qos.logback:logback-parent:1.6.2
00:02.971 DEBUG :shared:resolveDependenciesJvmTest DependencyFileImpl        Downloaded https://repo1.maven.org/maven2/org/jetbrains/compose/material3/material3-desktop/1.12.0-alpha03/material3-desktop-1.12.0-alpha03.pom.sha512 for the dependency org.jetbrains.compose.material3:material3-desktop:1.12.0-alpha03
00:02.990 DEBUG :desktopApp:resolveDependenciesJvmTest DependencyFileImpl        Downloaded https://repo1.maven.org/maven2/org/jetbrains/compose/hot-reload/hot-reload-runtime-api-jvm/1.2.0/hot-reload-runtime-api-jvm-1.2.0.pom for the dependency org.jetbrains.compose.hot-reload:hot-reload-runtime-api-jvm:1.2.0
00:02.993 DEBUG :shared:resolveDependenciesJvm DependencyFileImpl        Downloaded https://repo1.maven.org/maven2/org/jetbrains/androidx/lifecycle/lifecycle-runtime-compose-desktop/2.11.0/lifecycle-runtime-compose-desktop-2.11.0.pom for the dependency org.jetbrains.androidx.lifecycle:lifecycle-runtime-compose-desktop:2.11.0
00:02.994 DEBUG :desktopApp:resolveDependenciesJvm DependencyFileImpl        Downloaded https://repo1.maven.org/maven2/org/jetbrains/kotlinx/kotlinx-coroutines-bom/1.11.0/kotlinx-coroutines-bom-1.11.0.pom for the dependency org.jetbrains.kotlinx:kotlinx-coroutines-bom:1.11.0
00:02.994 DEBUG :shared:resolveDependenciesJvmTest DependencyFileImpl        Downloaded https://repo1.maven.org/maven2/org/jetbrains/compose/foundation/foundation-desktop/1.12.1/foundation-desktop-1.12.1.pom for the dependency org.jetbrains.compose.foundation:foundation-desktop:1.12.1
00:03.003 DEBUG :desktopApp:resolveDependenciesJvm DependencyFileImpl        Downloaded https://repo1.maven.org/maven2/org/jetbrains/kotlinx/kotlinx-coroutines-core/1.11.0/kotlinx-coroutines-core-1.11.0.pom for the dependency org.jetbrains.kotlinx:kotlinx-coroutines-core:1.11.0
00:03.013 DEBUG :shared:resolveDependenciesJvmTest DependencyFileImpl        Downloaded https://repo1.maven.org/maven2/org/jetbrains/compose/runtime/runtime-desktop/1.12.1/runtime-desktop-1.12.1.pom for the dependency org.jetbrains.compose.runtime:runtime-desktop:1.12.1
00:03.043 DEBUG :shared:resolveDependenciesJvmTest DependencyFileImpl        Downloaded https://repo1.maven.org/maven2/org/jetbrains/androidx/lifecycle/lifecycle-viewmodel-compose-desktop/2.11.0/lifecycle-viewmodel-compose-desktop-2.11.0.pom.sha512 for the dependency org.jetbrains.androidx.lifecycle:lifecycle-viewmodel-compose-desktop:2.11.0
00:03.043 DEBUG :desktopApp:resolveDependenciesJvmTest DependencyFileImpl        Downloaded https://repo1.maven.org/maven2/org/jetbrains/skiko/skiko-awt/0.150.1/skiko-awt-0.150.1.pom.sha512 for the dependency org.jetbrains.skiko:skiko-awt:0.150.1
00:03.054 DEBUG :shared:resolveDependenciesJvm DependencyFileImpl        Downloaded https://repo1.maven.org/maven2/org/jetbrains/compose/ui/ui-desktop/1.12.1/ui-desktop-1.12.1.pom for the dependency org.jetbrains.compose.ui:ui-desktop:1.12.1
00:03.055 DEBUG :desktopApp:resolveDependenciesJvm DependencyFileImpl        Downloaded https://repo1.maven.org/maven2/org/jetbrains/compose/desktop/desktop/1.12.1/desktop-1.12.1.module.sha512 for the dependency org.jetbrains.compose.desktop:desktop:1.12.1
00:03.058 DEBUG :shared:resolveDependenciesJvm DependencyFileImpl        Downloaded https://repo1.maven.org/maven2/org/jetbrains/compose/ui/ui-tooling-preview-desktop/1.12.1/ui-tooling-preview-desktop-1.12.1.pom for the dependency org.jetbrains.compose.ui:ui-tooling-preview-desktop:1.12.1
00:03.060 DEBUG :shared:resolveDependenciesJvmTest DependencyFileImpl        Downloaded https://repo1.maven.org/maven2/org/jetbrains/compose/components/components-resources-desktop/1.12.1/components-resources-desktop-1.12.1.pom for the dependency org.jetbrains.compose.components:components-resources-desktop:1.12.1
00:03.071 DEBUG :shared:resolveDependenciesJvmTest DependencyFileImpl        Downloaded https://repo1.maven.org/maven2/org/jetbrains/compose/material3/material3-desktop/1.12.0-alpha03/material3-desktop-1.12.0-alpha03.pom for the dependency org.jetbrains.compose.material3:material3-desktop:1.12.0-alpha03
00:03.087 DEBUG :desktopApp:resolveDependenciesJvmTest DependencyFileImpl        Downloaded https://repo1.maven.org/maven2/org/slf4j/slf4j-api/2.0.18/slf4j-api-2.0.18.pom.sha512 for the dependency org.slf4j:slf4j-api:2.0.18
00:03.110 DEBUG :desktopApp:resolveDependenciesJvmTest DependencyFileImpl        Downloaded https://repo1.maven.org/maven2/org/jetbrains/compose/hot-reload/hot-reload-runtime-api-jvm/1.2.0/hot-reload-runtime-api-jvm-1.2.0.module.sha512 for the dependency org.jetbrains.compose.hot-reload:hot-reload-runtime-api-jvm:1.2.0
00:03.118 DEBUG :desktopApp:resolveDependenciesJvm DependencyFileImpl        Downloaded https://repo1.maven.org/maven2/org/jetbrains/kotlinx/kotlinx-coroutines-core/1.11.0/kotlinx-coroutines-core-1.11.0.module.sha512 for the dependency org.jetbrains.kotlinx:kotlinx-coroutines-core:1.11.0
00:03.118 DEBUG :shared:resolveDependenciesJvmTest DependencyFileImpl        Downloaded https://repo1.maven.org/maven2/org/jetbrains/compose/runtime/runtime-desktop/1.12.1/runtime-desktop-1.12.1.module.sha512 for the dependency org.jetbrains.compose.runtime:runtime-desktop:1.12.1
00:03.120 DEBUG :shared:resolveDependenciesJvmTest DependencyFileImpl        Downloaded https://repo1.maven.org/maven2/org/jetbrains/compose/foundation/foundation-desktop/1.12.1/foundation-desktop-1.12.1.module.sha512 for the dependency org.jetbrains.compose.foundation:foundation-desktop:1.12.1
00:03.128 DEBUG :shared:resolveDependenciesJvmTest DependencyFileImpl        Downloaded https://repo1.maven.org/maven2/org/jetbrains/androidx/lifecycle/lifecycle-viewmodel-compose-desktop/2.11.0/lifecycle-viewmodel-compose-desktop-2.11.0.pom for the dependency org.jetbrains.androidx.lifecycle:lifecycle-viewmodel-compose-desktop:2.11.0
00:03.132 DEBUG :shared:resolveDependenciesJvm DependencyFileImpl        Downloaded https://repo1.maven.org/maven2/org/jetbrains/androidx/lifecycle/lifecycle-runtime-compose-desktop/2.11.0/lifecycle-runtime-compose-desktop-2.11.0.module.sha512 for the dependency org.jetbrains.androidx.lifecycle:lifecycle-runtime-compose-desktop:2.11.0
00:03.145 DEBUG :desktopApp:resolveDependenciesJvmTest DependencyFileImpl        Downloaded https://repo1.maven.org/maven2/org/jetbrains/skiko/skiko-awt/0.150.1/skiko-awt-0.150.1.pom for the dependency org.jetbrains.skiko:skiko-awt:0.150.1
00:03.170 DEBUG :desktopApp:resolveDependenciesJvmTest DependencyFileImpl        Downloaded https://repo1.maven.org/maven2/ch/qos/logback/logback-core/1.6.2/logback-core-1.6.2.pom.sha512 for the dependency ch.qos.logback:logback-core:1.6.2
00:03.171 DEBUG :desktopApp:resolveDependenciesJvm DependencyFileImpl        Downloaded https://repo1.maven.org/maven2/org/jetbrains/compose/desktop/desktop/1.12.1/desktop-1.12.1.module for the dependency org.jetbrains.compose.desktop:desktop:1.12.1
00:03.179 DEBUG :shared:resolveDependenciesJvm DependencyFileImpl        Downloaded https://repo1.maven.org/maven2/org/jetbrains/compose/ui/ui-desktop/1.12.1/ui-desktop-1.12.1.module.sha512 for the dependency org.jetbrains.compose.ui:ui-desktop:1.12.1
00:03.186 DEBUG :shared:resolveDependenciesJvmTest DependencyFileImpl        Downloaded https://repo1.maven.org/maven2/org/jetbrains/compose/components/components-resources-desktop/1.12.1/components-resources-desktop-1.12.1.module.sha512 for the dependency org.jetbrains.compose.components:components-resources-desktop:1.12.1
00:03.191 DEBUG :desktopApp:resolveDependenciesJvmTest DependencyFileImpl        Downloaded https://repo1.maven.org/maven2/org/slf4j/slf4j-api/2.0.18/slf4j-api-2.0.18.pom for the dependency org.slf4j:slf4j-api:2.0.18
00:03.199 DEBUG :shared:resolveDependenciesJvmTest DependencyFileImpl        Downloaded https://repo1.maven.org/maven2/org/jetbrains/compose/material3/material3-desktop/1.12.0-alpha03/material3-desktop-1.12.0-alpha03.module.sha512 for the dependency org.jetbrains.compose.material3:material3-desktop:1.12.0-alpha03
00:03.213 DEBUG :desktopApp:resolveDependenciesJvmTest DependencyFileImpl        Downloaded https://repo1.maven.org/maven2/org/jetbrains/compose/hot-reload/hot-reload-runtime-api-jvm/1.2.0/hot-reload-runtime-api-jvm-1.2.0.module for the dependency org.jetbrains.compose.hot-reload:hot-reload-runtime-api-jvm:1.2.0
00:03.239 DEBUG :desktopApp:resolveDependenciesJvm DependencyFileImpl        Downloaded https://repo1.maven.org/maven2/org/jetbrains/kotlinx/kotlinx-coroutines-core/1.11.0/kotlinx-coroutines-core-1.11.0.module for the dependency org.jetbrains.kotlinx:kotlinx-coroutines-core:1.11.0
00:03.248 DEBUG :shared:resolveDependenciesJvmTest DependencyFileImpl        Downloaded https://repo1.maven.org/maven2/org/jetbrains/compose/foundation/foundation-desktop/1.12.1/foundation-desktop-1.12.1.module for the dependency org.jetbrains.compose.foundation:foundation-desktop:1.12.1
00:03.248 DEBUG :shared:resolveDependenciesJvm DependencyFileImpl        Downloaded https://repo1.maven.org/maven2/org/jetbrains/compose/ui/ui-tooling-preview-desktop/1.12.1/ui-tooling-preview-desktop-1.12.1.module.sha512 for the dependency org.jetbrains.compose.ui:ui-tooling-preview-desktop:1.12.1
00:03.249 DEBUG :shared:resolveDependenciesJvmTest DependencyFileImpl        Downloaded https://repo1.maven.org/maven2/org/jetbrains/androidx/lifecycle/lifecycle-viewmodel-compose-desktop/2.11.0/lifecycle-viewmodel-compose-desktop-2.11.0.module.sha512 for the dependency org.jetbrains.androidx.lifecycle:lifecycle-viewmodel-compose-desktop:2.11.0
00:03.261 DEBUG :desktopApp:resolveDependenciesJvmTest DependencyFileImpl        Downloaded https://repo1.maven.org/maven2/org/jetbrains/skiko/skiko-awt/0.150.1/skiko-awt-0.150.1.module.sha512 for the dependency org.jetbrains.skiko:skiko-awt:0.150.1
00:03.268 DEBUG :shared:resolveDependenciesJvm DependencyFileImpl        Downloaded https://repo1.maven.org/maven2/org/jetbrains/androidx/lifecycle/lifecycle-runtime-compose-desktop/2.11.0/lifecycle-runtime-compose-desktop-2.11.0.module for the dependency org.jetbrains.androidx.lifecycle:lifecycle-runtime-compose-desktop:2.11.0
00:03.283 DEBUG :desktopApp:resolveDependenciesJvm DependencyFileImpl        Downloaded https://repo1.maven.org/maven2/org/jetbrains/compose/desktop/desktop-jvm/1.12.1/desktop-jvm-1.12.1.pom.sha512 for the dependency org.jetbrains.compose.desktop:desktop-jvm:1.12.1
00:03.291 DEBUG :shared:resolveDependenciesJvm DependencyFileImpl        Downloaded https://repo1.maven.org/maven2/org/jetbrains/compose/ui/ui-desktop/1.12.1/ui-desktop-1.12.1.module for the dependency org.jetbrains.compose.ui:ui-desktop:1.12.1
00:03.291 DEBUG :desktopApp:resolveDependenciesJvmTest DependencyFileImpl        Downloaded https://repo1.maven.org/maven2/ch/qos/logback/logback-core/1.6.2/logback-core-1.6.2.pom for the dependency ch.qos.logback:logback-core:1.6.2
00:03.308 DEBUG :shared:resolveDependenciesJvmTest DependencyFileImpl        Downloaded https://repo1.maven.org/maven2/org/jetbrains/compose/components/components-resources-desktop/1.12.1/components-resources-desktop-1.12.1.module for the dependency org.jetbrains.compose.components:components-resources-desktop:1.12.1
00:03.322 DEBUG :shared:resolveDependenciesJvmTest DependencyFileImpl        Downloaded https://repo1.maven.org/maven2/org/jetbrains/compose/material3/material3-desktop/1.12.0-alpha03/material3-desktop-1.12.0-alpha03.module for the dependency org.jetbrains.compose.material3:material3-desktop:1.12.0-alpha03
00:03.332 DEBUG :desktopApp:resolveDependenciesJvmTest DependencyFileImpl        Downloaded https://repo1.maven.org/maven2/org/slf4j/slf4j-parent/2.0.18/slf4j-parent-2.0.18.pom.sha512 for the dependency org.slf4j:slf4j-parent:2.0.18
00:03.333 DEBUG :shared:resolveDependenciesJvm DependencyFileImpl        Downloaded https://repo1.maven.org/maven2/org/jetbrains/compose/hot-reload/hot-reload-annotations/1.2.0/hot-reload-annotations-1.2.0.pom.sha512 for the dependency org.jetbrains.compose.hot-reload:hot-reload-annotations:1.2.0
00:03.340 DEBUG :shared:resolveDependenciesJvmTest DependencyFileImpl        Downloaded https://repo1.maven.org/maven2/org/jetbrains/androidx/lifecycle/lifecycle-viewmodel-compose-desktop/2.11.0/lifecycle-viewmodel-compose-desktop-2.11.0.module for the dependency org.jetbrains.androidx.lifecycle:lifecycle-viewmodel-compose-desktop:2.11.0
00:03.347 DEBUG :shared:resolveDependenciesJvm DependencyFileImpl        Downloaded https://repo1.maven.org/maven2/org/jetbrains/compose/ui/ui-tooling-preview-desktop/1.12.1/ui-tooling-preview-desktop-1.12.1.module for the dependency org.jetbrains.compose.ui:ui-tooling-preview-desktop:1.12.1
00:03.362 DEBUG :desktopApp:resolveDependenciesJvm DependencyFileImpl        Not found URL: https://repo1.maven.org/maven2/androidx/collection/collection/1.5.0/collection-1.5.0.pom.sha512
00:03.390 DEBUG :desktopApp:resolveDependenciesJvm DependencyFileImpl        Downloaded https://repo1.maven.org/maven2/org/jetbrains/compose/desktop/desktop-jvm/1.12.1/desktop-jvm-1.12.1.pom for the dependency org.jetbrains.compose.desktop:desktop-jvm:1.12.1
00:03.396 DEBUG :desktopApp:resolveDependenciesJvm DependencyFileImpl        Not found URL: https://repo1.maven.org/maven2/org/jetbrains/kotlinx/atomicfu/0.28.0/atomicfu-0.28.0.pom.sha512
00:03.398 DEBUG :desktopApp:resolveDependenciesJvmTest DependencyFileImpl        Downloaded https://repo1.maven.org/maven2/org/jetbrains/compose/material/material-ripple/1.12.0-beta01/material-ripple-1.12.0-beta01.pom.sha512 for the dependency org.jetbrains.compose.material:material-ripple:1.12.0-beta01
00:03.398 DEBUG :desktopApp:resolveDependenciesJvmTest DependencyFileImpl        Downloaded https://repo1.maven.org/maven2/org/jetbrains/compose/animation/animation-core/1.12.0-beta01/animation-core-1.12.0-beta01.pom.sha512 for the dependency org.jetbrains.compose.animation:animation-core:1.12.0-beta01
00:03.404 DEBUG :desktopApp:resolveDependenciesJvmTest DependencyFileImpl        Downloaded https://repo1.maven.org/maven2/org/jetbrains/skiko/skiko-awt/0.150.1/skiko-awt-0.150.1.module for the dependency org.jetbrains.skiko:skiko-awt:0.150.1
00:03.408 DEBUG :desktopApp:resolveDependenciesJvmTest DependencyFileImpl        Downloaded https://repo1.maven.org/maven2/org/slf4j/slf4j-parent/2.0.18/slf4j-parent-2.0.18.pom for the dependency org.slf4j:slf4j-parent:2.0.18
00:03.432 DEBUG :shared:resolveDependenciesJvm DependencyFileImpl        Downloaded https://repo1.maven.org/maven2/org/jetbrains/compose/hot-reload/hot-reload-annotations/1.2.0/hot-reload-annotations-1.2.0.pom for the dependency org.jetbrains.compose.hot-reload:hot-reload-annotations:1.2.0
00:03.474 DEBUG :shared:resolveDependenciesJvm DependencyFileImpl        Downloaded https://repo1.maven.org/maven2/org/jetbrains/androidx/lifecycle/lifecycle-common/2.11.0/lifecycle-common-2.11.0.pom.sha512 for the dependency org.jetbrains.androidx.lifecycle:lifecycle-common:2.11.0
00:03.474 DEBUG :shared:resolveDependenciesJvmTest DependencyFileImpl        Not found URL: https://repo1.maven.org/maven2/androidx/lifecycle/lifecycle-viewmodel-compose/2.11.0/lifecycle-viewmodel-compose-2.11.0.pom.sha512
00:03.475 DEBUG :shared:resolveDependenciesJvmTest DependencyFileImpl        Downloaded https://repo1.maven.org/maven2/org/jetbrains/androidx/lifecycle/lifecycle-viewmodel-savedstate/2.11.0/lifecycle-viewmodel-savedstate-2.11.0.pom.sha512 for the dependency org.jetbrains.androidx.lifecycle:lifecycle-viewmodel-savedstate:2.11.0
00:03.475 DEBUG :shared:resolveDependenciesJvm DependencyFileImpl        Not found URL: https://repo1.maven.org/maven2/androidx/annotation/annotation/1.9.1/annotation-1.9.1.pom.sha512
00:03.487 DEBUG :shared:resolveDependenciesJvm DependencyFileImpl        Downloaded https://repo1.maven.org/maven2/org/jetbrains/androidx/lifecycle/lifecycle-viewmodel/2.11.0/lifecycle-viewmodel-2.11.0.pom.sha512 for the dependency org.jetbrains.androidx.lifecycle:lifecycle-viewmodel:2.11.0
00:03.490 DEBUG :shared:resolveDependenciesJvmTest DependencyFileImpl        Not found URL: https://maven.google.com/org/jetbrains/kotlin/kotlin-test-junit5/2.4.20/kotlin-test-junit5-2.4.20.pom.sha512
00:03.504 DEBUG :desktopApp:resolveDependenciesJvmTest DependencyFileImpl        Not found URL: https://repo1.maven.org/maven2/androidx/graphics/graphics-shapes/1.1.0/graphics-shapes-1.1.0.pom.sha512
00:03.513 DEBUG :desktopApp:resolveDependenciesJvm DependencyFileImpl        Downloaded https://repo1.maven.org/maven2/org/jetbrains/compose/desktop/desktop-jvm/1.12.1/desktop-jvm-1.12.1.module.sha512 for the dependency org.jetbrains.compose.desktop:desktop-jvm:1.12.1
00:03.527 DEBUG :desktopApp:resolveDependenciesJvmTest DependencyFileImpl        Not found URL: https://repo1.maven.org/maven2/org/jetbrains/kotlinx/kotlinx-datetime/0.7.1/kotlinx-datetime-0.7.1.pom.sha512
00:03.540 DEBUG :desktopApp:resolveDependenciesJvmTest DependencyFileImpl        Downloaded https://repo1.maven.org/maven2/org/jetbrains/compose/animation/animation-core/1.12.0-beta01/animation-core-1.12.0-beta01.pom for the dependency org.jetbrains.compose.animation:animation-core:1.12.0-beta01
00:03.543 DEBUG :desktopApp:resolveDependenciesJvmTest DependencyFileImpl        Downloaded https://repo1.maven.org/maven2/org/slf4j/slf4j-bom/2.0.18/slf4j-bom-2.0.18.pom.sha512 for the dependency org.slf4j:slf4j-bom:2.0.18
00:03.545 DEBUG :shared:resolveDependenciesJvm DependencyFileImpl        Downloaded https://repo1.maven.org/maven2/org/jetbrains/compose/hot-reload/hot-reload-annotations/1.2.0/hot-reload-annotations-1.2.0.module.sha512 for the dependency org.jetbrains.compose.hot-reload:hot-reload-annotations:1.2.0
00:03.552 DEBUG :desktopApp:resolveDependenciesJvmTest DependencyFileImpl        Downloaded https://repo1.maven.org/maven2/org/jetbrains/compose/material/material-ripple/1.12.0-beta01/material-ripple-1.12.0-beta01.pom for the dependency org.jetbrains.compose.material:material-ripple:1.12.0-beta01
00:03.585 DEBUG :shared:resolveDependenciesJvm DependencyFileImpl        Downloaded https://repo1.maven.org/maven2/org/jetbrains/androidx/lifecycle/lifecycle-common/2.11.0/lifecycle-common-2.11.0.pom for the dependency org.jetbrains.androidx.lifecycle:lifecycle-common:2.11.0
00:03.585 DEBUG :shared:resolveDependenciesJvmTest DependencyFileImpl        Downloaded https://repo1.maven.org/maven2/org/jetbrains/androidx/lifecycle/lifecycle-viewmodel-savedstate/2.11.0/lifecycle-viewmodel-savedstate-2.11.0.pom for the dependency org.jetbrains.androidx.lifecycle:lifecycle-viewmodel-savedstate:2.11.0
00:03.601 DEBUG :shared:resolveDependenciesJvm DependencyFileImpl        Downloaded https://repo1.maven.org/maven2/org/jetbrains/androidx/lifecycle/lifecycle-viewmodel/2.11.0/lifecycle-viewmodel-2.11.0.pom for the dependency org.jetbrains.androidx.lifecycle:lifecycle-viewmodel:2.11.0
00:03.613 DEBUG :desktopApp:resolveDependenciesJvm DependencyFileImpl        Downloaded https://repo1.maven.org/maven2/org/jetbrains/compose/desktop/desktop-jvm/1.12.1/desktop-jvm-1.12.1.module for the dependency org.jetbrains.compose.desktop:desktop-jvm:1.12.1
00:03.638 DEBUG :desktopApp:resolveDependenciesJvm DependencyFileImpl        Not found URL: https://maven.google.com/org/jetbrains/kotlinx/atomicfu/0.28.0/atomicfu-0.28.0.pom.sha512
00:03.639 DEBUG :desktopApp:resolveDependenciesJvm DependencyFileImpl        Downloaded https://maven.google.com/androidx/collection/collection/1.5.0/collection-1.5.0.pom.sha512 for the dependency androidx.collection:collection:1.5.0
00:03.651 DEBUG :desktopApp:resolveDependenciesJvmTest DependencyFileImpl        Downloaded https://repo1.maven.org/maven2/org/slf4j/slf4j-bom/2.0.18/slf4j-bom-2.0.18.pom for the dependency org.slf4j:slf4j-bom:2.0.18
00:03.672 DEBUG :shared:resolveDependenciesJvm DependencyFileImpl        Downloaded https://repo1.maven.org/maven2/org/jetbrains/compose/hot-reload/hot-reload-annotations/1.2.0/hot-reload-annotations-1.2.0.module for the dependency org.jetbrains.compose.hot-reload:hot-reload-annotations:1.2.0
00:03.674 DEBUG :shared:resolveDependenciesJvm DependencyFileImpl        Downloaded https://maven.google.com/androidx/annotation/annotation/1.9.1/annotation-1.9.1.pom.sha512 for the dependency androidx.annotation:annotation:1.9.1
00:03.691 DEBUG :desktopApp:resolveDependenciesJvmTest DependencyFileImpl        Downloaded https://repo1.maven.org/maven2/org/jetbrains/compose/material/material-ripple/1.12.0-beta01/material-ripple-1.12.0-beta01.module.sha512 for the dependency org.jetbrains.compose.material:material-ripple:1.12.0-beta01
00:03.701 DEBUG :shared:resolveDependenciesJvm DependencyFileImpl        Downloaded https://repo1.maven.org/maven2/org/jetbrains/androidx/lifecycle/lifecycle-common/2.11.0/lifecycle-common-2.11.0.module.sha512 for the dependency org.jetbrains.androidx.lifecycle:lifecycle-common:2.11.0
00:03.701 DEBUG :shared:resolveDependenciesJvmTest DependencyFileImpl        Downloaded https://repo1.maven.org/maven2/org/jetbrains/androidx/lifecycle/lifecycle-viewmodel-savedstate/2.11.0/lifecycle-viewmodel-savedstate-2.11.0.module.sha512 for the dependency org.jetbrains.androidx.lifecycle:lifecycle-viewmodel-savedstate:2.11.0
00:03.724 DEBUG :shared:resolveDependenciesJvm DependencyFileImpl        Downloaded https://repo1.maven.org/maven2/org/jetbrains/androidx/lifecycle/lifecycle-viewmodel/2.11.0/lifecycle-viewmodel-2.11.0.module.sha512 for the dependency org.jetbrains.androidx.lifecycle:lifecycle-viewmodel:2.11.0
00:03.734 DEBUG :shared:resolveDependenciesJvmTest DependencyFileImpl        Downloaded https://maven.google.com/androidx/lifecycle/lifecycle-viewmodel-compose/2.11.0/lifecycle-viewmodel-compose-2.11.0.pom.sha512 for the dependency androidx.lifecycle:lifecycle-viewmodel-compose:2.11.0
00:03.738 DEBUG :desktopApp:resolveDependenciesJvmTest DependencyFileImpl        Downloaded https://repo1.maven.org/maven2/org/jetbrains/compose/material/material/1.12.1/material-1.12.1.pom.sha512 for the dependency org.jetbrains.compose.material:material:1.12.1
00:03.764 DEBUG :shared:resolveDependenciesJvm DependencyFileImpl        Downloaded https://repo1.maven.org/maven2/org/jetbrains/compose/hot-reload/hot-reload-annotations-jvm/1.2.0/hot-reload-annotations-jvm-1.2.0.pom.sha512 for the dependency org.jetbrains.compose.hot-reload:hot-reload-annotations-jvm:1.2.0
00:03.770 DEBUG :desktopApp:resolveDependenciesJvmTest DependencyFileImpl        Downloaded https://maven.google.com/androidx/graphics/graphics-shapes/1.1.0/graphics-shapes-1.1.0.pom.sha512 for the dependency androidx.graphics:graphics-shapes:1.1.0
00:03.774 DEBUG :desktopApp:resolveDependenciesJvmTest DependencyFileImpl        Not found URL: https://maven.google.com/org/jetbrains/kotlinx/kotlinx-datetime/0.7.1/kotlinx-datetime-0.7.1.pom.sha512
00:03.783 DEBUG :desktopApp:resolveDependenciesJvmTest DependencyFileImpl        Downloaded https://repo1.maven.org/maven2/org/jetbrains/compose/material/material-ripple/1.12.0-beta01/material-ripple-1.12.0-beta01.module for the dependency org.jetbrains.compose.material:material-ripple:1.12.0-beta01
00:03.803 DEBUG :shared:resolveDependenciesJvm DependencyFileImpl        Downloaded https://repo1.maven.org/maven2/org/jetbrains/androidx/lifecycle/lifecycle-common/2.11.0/lifecycle-common-2.11.0.module for the dependency org.jetbrains.androidx.lifecycle:lifecycle-common:2.11.0
00:03.811 DEBUG :shared:resolveDependenciesJvmTest DependencyFileImpl        Downloaded https://repo1.maven.org/maven2/org/jetbrains/androidx/lifecycle/lifecycle-viewmodel-savedstate/2.11.0/lifecycle-viewmodel-savedstate-2.11.0.module for the dependency org.jetbrains.androidx.lifecycle:lifecycle-viewmodel-savedstate:2.11.0
00:03.823 DEBUG :shared:resolveDependenciesJvm DependencyFileImpl        Downloaded https://repo1.maven.org/maven2/org/jetbrains/androidx/lifecycle/lifecycle-viewmodel/2.11.0/lifecycle-viewmodel-2.11.0.module for the dependency org.jetbrains.androidx.lifecycle:lifecycle-viewmodel:2.11.0
00:03.839 DEBUG :desktopApp:resolveDependenciesJvm DependencyFileImpl        Downloaded https://maven.google.com/androidx/collection/collection/1.5.0/collection-1.5.0.pom for the dependency androidx.collection:collection:1.5.0
00:03.845 DEBUG :shared:resolveDependenciesJvm DependencyFileImpl        Downloaded https://repo1.maven.org/maven2/org/jetbrains/compose/hot-reload/hot-reload-annotations-jvm/1.2.0/hot-reload-annotations-jvm-1.2.0.pom for the dependency org.jetbrains.compose.hot-reload:hot-reload-annotations-jvm:1.2.0
00:03.851 DEBUG :desktopApp:resolveDependenciesJvmTest DependencyFileImpl        Downloaded https://repo1.maven.org/maven2/org/jetbrains/compose/material/material/1.12.1/material-1.12.1.pom for the dependency org.jetbrains.compose.material:material:1.12.1
00:03.867 DEBUG :shared:resolveDependenciesJvm DependencyFileImpl        Downloaded https://maven.google.com/androidx/annotation/annotation/1.9.1/annotation-1.9.1.pom for the dependency androidx.annotation:annotation:1.9.1
00:03.893 DEBUG :desktopApp:resolveDependenciesJvmTest DependencyFileImpl        Downloaded https://repo1.maven.org/maven2/org/jetbrains/compose/material/material-ripple-desktop/1.12.0-beta01/material-ripple-desktop-1.12.0-beta01.pom.sha512 for the dependency org.jetbrains.compose.material:material-ripple-desktop:1.12.0-beta01
00:03.905 DEBUG :shared:resolveDependenciesJvm DependencyFileImpl        Downloaded https://repo1.maven.org/maven2/org/jetbrains/androidx/lifecycle/lifecycle-common-jvm/2.11.0/lifecycle-common-jvm-2.11.0.pom.sha512 for the dependency org.jetbrains.androidx.lifecycle:lifecycle-common-jvm:2.11.0
00:03.913 DEBUG :shared:resolveDependenciesJvmTest DependencyFileImpl        Downloaded https://repo1.maven.org/maven2/org/jetbrains/androidx/lifecycle/lifecycle-viewmodel-savedstate-desktop/2.11.0/lifecycle-viewmodel-savedstate-desktop-2.11.0.pom.sha512 for the dependency org.jetbrains.androidx.lifecycle:lifecycle-viewmodel-savedstate-desktop:2.11.0
00:03.924 DEBUG :shared:resolveDependenciesJvmTest DependencyFileImpl        Downloaded https://repo1.maven.org/maven2/org/jetbrains/androidx/lifecycle/lifecycle-viewmodel-desktop/2.11.0/lifecycle-viewmodel-desktop-2.11.0.pom.sha512 for the dependency org.jetbrains.androidx.lifecycle:lifecycle-viewmodel-desktop:2.11.0
00:03.947 DEBUG :desktopApp:resolveDependenciesJvmTest DependencyFileImpl        Downloaded https://maven.google.com/androidx/graphics/graphics-shapes/1.1.0/graphics-shapes-1.1.0.pom for the dependency androidx.graphics:graphics-shapes:1.1.0
00:03.956 DEBUG :shared:resolveDependenciesJvmTest DependencyFileImpl        Downloaded https://maven.google.com/androidx/lifecycle/lifecycle-viewmodel-compose/2.11.0/lifecycle-viewmodel-compose-2.11.0.pom for the dependency androidx.lifecycle:lifecycle-viewmodel-compose:2.11.0
00:03.958 DEBUG :shared:resolveDependenciesJvm DependencyFileImpl        Downloaded https://repo1.maven.org/maven2/org/jetbrains/compose/hot-reload/hot-reload-annotations-jvm/1.2.0/hot-reload-annotations-jvm-1.2.0.module.sha512 for the dependency org.jetbrains.compose.hot-reload:hot-reload-annotations-jvm:1.2.0
00:03.970 DEBUG :desktopApp:resolveDependenciesJvmTest DependencyFileImpl        Downloaded https://repo1.maven.org/maven2/org/jetbrains/compose/material/material/1.12.1/material-1.12.1.module.sha512 for the dependency org.jetbrains.compose.material:material:1.12.1
00:03.991 DEBUG :desktopApp:resolveDependenciesJvmTest DependencyFileImpl        Downloaded https://repo1.maven.org/maven2/org/jetbrains/compose/animation/animation-core/1.12.0-beta01/animation-core-1.12.0-beta01.module.sha512 for the dependency org.jetbrains.compose.animation:animation-core:1.12.0-beta01
00:04.011 DEBUG :desktopApp:resolveDependenciesJvmTest DependencyFileImpl        Downloaded https://repo1.maven.org/maven2/org/jetbrains/compose/material/material-ripple-desktop/1.12.0-beta01/material-ripple-desktop-1.12.0-beta01.pom for the dependency org.jetbrains.compose.material:material-ripple-desktop:1.12.0-beta01
00:04.018 DEBUG :desktopApp:resolveDependenciesJvm DependencyFileImpl        Downloaded https://maven.google.com/androidx/collection/collection/1.5.0/collection-1.5.0.module.sha512 for the dependency androidx.collection:collection:1.5.0
00:04.020 DEBUG :shared:resolveDependenciesJvm DependencyFileImpl        Downloaded https://repo1.maven.org/maven2/org/jetbrains/androidx/lifecycle/lifecycle-common-jvm/2.11.0/lifecycle-common-jvm-2.11.0.pom for the dependency org.jetbrains.androidx.lifecycle:lifecycle-common-jvm:2.11.0
00:04.022 DEBUG :shared:resolveDependenciesJvmTest DependencyFileImpl        Downloaded https://repo1.maven.org/maven2/org/jetbrains/androidx/lifecycle/lifecycle-viewmodel-savedstate-desktop/2.11.0/lifecycle-viewmodel-savedstate-desktop-2.11.0.pom for the dependency org.jetbrains.androidx.lifecycle:lifecycle-viewmodel-savedstate-desktop:2.11.0
00:04.033 DEBUG :shared:resolveDependenciesJvmTest DependencyFileImpl        Downloaded https://repo1.maven.org/maven2/org/jetbrains/androidx/lifecycle/lifecycle-viewmodel-desktop/2.11.0/lifecycle-viewmodel-desktop-2.11.0.pom for the dependency org.jetbrains.androidx.lifecycle:lifecycle-viewmodel-desktop:2.11.0
00:04.057 DEBUG :shared:resolveDependenciesJvm DependencyFileImpl        Downloaded https://maven.google.com/androidx/annotation/annotation/1.9.1/annotation-1.9.1.module.sha512 for the dependency androidx.annotation:annotation:1.9.1
00:04.076 DEBUG :shared:resolveDependenciesJvm DependencyFileImpl        Downloaded https://repo1.maven.org/maven2/org/jetbrains/compose/hot-reload/hot-reload-annotations-jvm/1.2.0/hot-reload-annotations-jvm-1.2.0.module for the dependency org.jetbrains.compose.hot-reload:hot-reload-annotations-jvm:1.2.0
00:04.083 DEBUG :shared:resolveDependenciesJvmTest DependencyFileImpl        Not found URL: https://packages.jetbrains.team/maven/p/amper/compose-hot-reload/org/jetbrains/kotlin/kotlin-test-junit5/2.4.20/kotlin-test-junit5-2.4.20.pom.sha512
00:04.086 DEBUG :desktopApp:resolveDependenciesJvmTest DependencyFileImpl        Downloaded https://repo1.maven.org/maven2/org/jetbrains/compose/material/material/1.12.1/material-1.12.1.module for the dependency org.jetbrains.compose.material:material:1.12.1
00:04.089 DEBUG :desktopApp:resolveDependenciesJvmTest DependencyFileImpl        Downloaded https://repo1.maven.org/maven2/org/jetbrains/compose/animation/animation-core/1.12.0-beta01/animation-core-1.12.0-beta01.module for the dependency org.jetbrains.compose.animation:animation-core:1.12.0-beta01
00:04.114 DEBUG :desktopApp:resolveDependenciesJvmTest DependencyFileImpl        Downloaded https://repo1.maven.org/maven2/org/jetbrains/compose/material/material-ripple-desktop/1.12.0-beta01/material-ripple-desktop-1.12.0-beta01.module.sha512 for the dependency org.jetbrains.compose.material:material-ripple-desktop:1.12.0-beta01
00:04.141 DEBUG :desktopApp:resolveDependenciesJvm DependencyFileImpl        Not found URL: https://packages.jetbrains.team/maven/p/amper/compose-hot-reload/org/jetbrains/kotlinx/atomicfu/0.28.0/atomicfu-0.28.0.pom.sha512
00:04.143 DEBUG :shared:resolveDependenciesJvm DependencyFileImpl        Downloaded https://repo1.maven.org/maven2/org/jetbrains/androidx/lifecycle/lifecycle-common-jvm/2.11.0/lifecycle-common-jvm-2.11.0.module.sha512 for the dependency org.jetbrains.androidx.lifecycle:lifecycle-common-jvm:2.11.0
00:04.149 DEBUG :shared:resolveDependenciesJvmTest DependencyFileImpl        Downloaded https://repo1.maven.org/maven2/org/jetbrains/androidx/lifecycle/lifecycle-viewmodel-desktop/2.11.0/lifecycle-viewmodel-desktop-2.11.0.module.sha512 for the dependency org.jetbrains.androidx.lifecycle:lifecycle-viewmodel-desktop:2.11.0
00:04.151 DEBUG :shared:resolveDependenciesJvmTest DependencyFileImpl        Downloaded https://repo1.maven.org/maven2/org/jetbrains/androidx/lifecycle/lifecycle-viewmodel-savedstate-desktop/2.11.0/lifecycle-viewmodel-savedstate-desktop-2.11.0.module.sha512 for the dependency org.jetbrains.androidx.lifecycle:lifecycle-viewmodel-savedstate-desktop:2.11.0
00:04.186 DEBUG :desktopApp:resolveDependenciesJvmTest DependencyFileImpl        Downloaded https://maven.google.com/androidx/graphics/graphics-shapes/1.1.0/graphics-shapes-1.1.0.module.sha512 for the dependency androidx.graphics:graphics-shapes:1.1.0
00:04.191 DEBUG :shared:resolveDependenciesJvmTest DependencyFileImpl        Not found URL: https://repo1.maven.org/maven2/org/jetbrains/kotlin/kotlin-test-junit5/2.4.20/kotlin-test-junit5-2.4.20.pom.sha256
00:04.208 DEBUG :desktopApp:resolveDependenciesJvmTest DependencyFileImpl        Downloaded https://repo1.maven.org/maven2/org/jetbrains/compose/animation/animation-core-desktop/1.12.0-beta01/animation-core-desktop-1.12.0-beta01.pom.sha512 for the dependency org.jetbrains.compose.animation:animation-core-desktop:1.12.0-beta01
00:04.219 DEBUG :desktopApp:resolveDependenciesJvmTest DependencyFileImpl        Downloaded https://repo1.maven.org/maven2/org/jetbrains/compose/material/material-ripple-desktop/1.12.0-beta01/material-ripple-desktop-1.12.0-beta01.module for the dependency org.jetbrains.compose.material:material-ripple-desktop:1.12.0-beta01
00:04.223 DEBUG :desktopApp:resolveDependenciesJvm DependencyFileImpl        Downloaded https://repo1.maven.org/maven2/org/jetbrains/compose/material/material-desktop/1.12.1/material-desktop-1.12.1.pom.sha512 for the dependency org.jetbrains.compose.material:material-desktop:1.12.1
00:04.246 DEBUG :desktopApp:resolveDependenciesJvm DependencyFileImpl        Downloaded https://maven.google.com/androidx/collection/collection/1.5.0/collection-1.5.0.module for the dependency androidx.collection:collection:1.5.0
00:04.246 DEBUG :shared:resolveDependenciesJvmTest DependencyFileImpl        Downloaded https://maven.google.com/androidx/lifecycle/lifecycle-viewmodel-compose/2.11.0/lifecycle-viewmodel-compose-2.11.0.module.sha512 for the dependency androidx.lifecycle:lifecycle-viewmodel-compose:2.11.0
00:04.262 DEBUG :shared:resolveDependenciesJvm DependencyFileImpl        Downloaded https://repo1.maven.org/maven2/org/jetbrains/androidx/lifecycle/lifecycle-common-jvm/2.11.0/lifecycle-common-jvm-2.11.0.module for the dependency org.jetbrains.androidx.lifecycle:lifecycle-common-jvm:2.11.0
00:04.262 DEBUG :shared:resolveDependenciesJvmTest DependencyFileImpl        Downloaded https://repo1.maven.org/maven2/org/jetbrains/androidx/lifecycle/lifecycle-viewmodel-desktop/2.11.0/lifecycle-viewmodel-desktop-2.11.0.module for the dependency org.jetbrains.androidx.lifecycle:lifecycle-viewmodel-desktop:2.11.0
00:04.272 DEBUG :shared:resolveDependenciesJvm DependencyFileImpl        Downloaded https://maven.google.com/androidx/annotation/annotation/1.9.1/annotation-1.9.1.module for the dependency androidx.annotation:annotation:1.9.1
00:04.287 DEBUG :desktopApp:resolveDependenciesJvmTest DependencyFileImpl        Not found URL: https://packages.jetbrains.team/maven/p/amper/compose-hot-reload/org/jetbrains/kotlinx/kotlinx-datetime/0.7.1/kotlinx-datetime-0.7.1.pom.sha512
00:04.287 DEBUG :desktopApp:resolveDependenciesJvm DependencyFileImpl        Not found URL: https://repo1.maven.org/maven2/org/jetbrains/kotlinx/atomicfu/0.28.0/atomicfu-0.28.0.pom.sha256
00:04.308 DEBUG :desktopApp:resolveDependenciesJvmTest DependencyFileImpl        Downloaded https://repo1.maven.org/maven2/org/jetbrains/compose/animation/animation-core-desktop/1.12.0-beta01/animation-core-desktop-1.12.0-beta01.pom for the dependency org.jetbrains.compose.animation:animation-core-desktop:1.12.0-beta01
00:04.317 DEBUG :desktopApp:resolveDependenciesJvm DependencyFileImpl        Downloaded https://repo1.maven.org/maven2/org/jetbrains/compose/material/material-desktop/1.12.1/material-desktop-1.12.1.pom for the dependency org.jetbrains.compose.material:material-desktop:1.12.1
00:04.339 DEBUG :desktopApp:resolveDependenciesJvm DependencyFileImpl        Not found URL: https://repo1.maven.org/maven2/androidx/collection/collection-jvm/1.5.0/collection-jvm-1.5.0.pom.sha512
00:04.345 DEBUG :shared:resolveDependenciesJvmTest DependencyFileImpl        Downloaded https://repo1.maven.org/maven2/org/jetbrains/androidx/lifecycle/lifecycle-viewmodel-savedstate-desktop/2.11.0/lifecycle-viewmodel-savedstate-desktop-2.11.0.module for the dependency org.jetbrains.androidx.lifecycle:lifecycle-viewmodel-savedstate-desktop:2.11.0
00:04.345 DEBUG :shared:resolveDependenciesJvmTest DependencyFileImpl        Not found URL: https://repo1.maven.org/maven2/androidx/lifecycle/lifecycle-viewmodel/2.11.0/lifecycle-viewmodel-2.11.0.pom.sha512
00:04.349 DEBUG :desktopApp:resolveDependenciesJvmTest DependencyFileImpl        Not found URL: https://repo1.maven.org/maven2/androidx/lifecycle/lifecycle-common/2.11.0/lifecycle-common-2.11.0.pom.sha512
00:04.390 DEBUG :desktopApp:resolveDependenciesJvmTest DependencyFileImpl        Downloaded https://maven.google.com/androidx/graphics/graphics-shapes/1.1.0/graphics-shapes-1.1.0.module for the dependency androidx.graphics:graphics-shapes:1.1.0
00:04.396 DEBUG :desktopApp:resolveDependenciesJvmTest DependencyFileImpl        Downloaded https://repo1.maven.org/maven2/org/jetbrains/compose/animation/animation-core-desktop/1.12.0-beta01/animation-core-desktop-1.12.0-beta01.module.sha512 for the dependency org.jetbrains.compose.animation:animation-core-desktop:1.12.0-beta01
00:04.408 DEBUG :desktopApp:resolveDependenciesJvm DependencyFileImpl        Downloaded https://repo1.maven.org/maven2/org/jetbrains/compose/material/material-desktop/1.12.1/material-desktop-1.12.1.module.sha512 for the dependency org.jetbrains.compose.material:material-desktop:1.12.1
00:04.417 DEBUG :desktopApp:resolveDependenciesJvmTest DependencyFileImpl        Not found URL: https://repo1.maven.org/maven2/androidx/annotation/annotation-jvm/1.9.1/annotation-jvm-1.9.1.pom.sha512
00:04.428 DEBUG :shared:resolveDependenciesJvmTest DependencyFileImpl        Not found URL: https://maven.google.com/org/jetbrains/kotlin/kotlin-test-junit5/2.4.20/kotlin-test-junit5-2.4.20.pom.sha256
00:04.431 DEBUG :shared:resolveDependenciesJvmTest DependencyFileImpl        Downloaded https://maven.google.com/androidx/lifecycle/lifecycle-viewmodel-compose/2.11.0/lifecycle-viewmodel-compose-2.11.0.module for the dependency androidx.lifecycle:lifecycle-viewmodel-compose:2.11.0
00:04.459 DEBUG :shared:resolveDependenciesJvmTest DependencyFileImpl        Not found URL: https://repo1.maven.org/maven2/androidx/lifecycle/lifecycle-viewmodel-savedstate/2.11.0/lifecycle-viewmodel-savedstate-2.11.0.pom.sha512
00:04.466 DEBUG :shared:resolveDependenciesJvmTest DependencyFileImpl        Downloaded https://repo1.maven.org/maven2/org/jetbrains/androidx/savedstate/savedstate/1.3.6/savedstate-1.3.6.pom.sha512 for the dependency org.jetbrains.androidx.savedstate:savedstate:1.3.6
00:04.494 DEBUG :desktopApp:resolveDependenciesJvmTest DependencyFileImpl        Downloaded https://repo1.maven.org/maven2/org/jetbrains/compose/animation/animation-core-desktop/1.12.0-beta01/animation-core-desktop-1.12.0-beta01.module for the dependency org.jetbrains.compose.animation:animation-core-desktop:1.12.0-beta01
00:04.496 DEBUG :desktopApp:resolveDependenciesJvm DependencyFileImpl        Downloaded https://repo1.maven.org/maven2/org/jetbrains/compose/material/material-desktop/1.12.1/material-desktop-1.12.1.module for the dependency org.jetbrains.compose.material:material-desktop:1.12.1
00:04.515 DEBUG :desktopApp:resolveDependenciesJvm DependencyFileImpl        Not found URL: https://maven.google.com/org/jetbrains/kotlinx/atomicfu/0.28.0/atomicfu-0.28.0.pom.sha256
00:04.552 DEBUG :shared:resolveDependenciesJvmTest DependencyFileImpl        Downloaded https://maven.google.com/androidx/lifecycle/lifecycle-viewmodel/2.11.0/lifecycle-viewmodel-2.11.0.pom.sha512 for the dependency androidx.lifecycle:lifecycle-viewmodel:2.11.0
00:04.553 DEBUG :desktopApp:resolveDependenciesJvmTest DependencyFileImpl        Downloaded https://maven.google.com/androidx/lifecycle/lifecycle-common/2.11.0/lifecycle-common-2.11.0.pom.sha512 for the dependency androidx.lifecycle:lifecycle-common:2.11.0
00:04.564 DEBUG :shared:resolveDependenciesJvmTest DependencyFileImpl        Not found URL: https://repo1.maven.org/maven2/androidx/lifecycle/lifecycle-viewmodel-compose-desktop/2.11.0/lifecycle-viewmodel-compose-desktop-2.11.0.pom.sha512
00:04.581 DEBUG :shared:resolveDependenciesJvmTest DependencyFileImpl        Downloaded https://repo1.maven.org/maven2/org/jetbrains/androidx/savedstate/savedstate/1.3.6/savedstate-1.3.6.pom for the dependency org.jetbrains.androidx.savedstate:savedstate:1.3.6
00:04.583 DEBUG :desktopApp:resolveDependenciesJvm DependencyFileImpl        Downloaded https://maven.google.com/androidx/collection/collection-jvm/1.5.0/collection-jvm-1.5.0.pom.sha512 for the dependency androidx.collection:collection-jvm:1.5.0
00:04.586 DEBUG :shared:resolveDependenciesJvmTest DependencyFileImpl        Not found URL: https://packages.jetbrains.team/maven/p/amper/compose-hot-reload/org/jetbrains/kotlin/kotlin-test-junit5/2.4.20/kotlin-test-junit5-2.4.20.pom.sha256
00:04.602 DEBUG :desktopApp:resolveDependenciesJvmTest DependencyFileImpl        Not found URL: https://repo1.maven.org/maven2/org/jetbrains/kotlinx/kotlinx-datetime/0.7.1/kotlinx-datetime-0.7.1.pom.sha256
00:04.642 DEBUG :desktopApp:resolveDependenciesJvmTest DependencyFileImpl        Not found URL: https://repo1.maven.org/maven2/androidx/graphics/graphics-shapes-desktop/1.1.0/graphics-shapes-desktop-1.1.0.pom.sha512
00:04.643 DEBUG :shared:resolveDependenciesJvmTest DependencyFileImpl        Downloaded https://repo1.maven.org/maven2/org/jetbrains/androidx/savedstate/savedstate/1.3.6/savedstate-1.3.6.module.sha512 for the dependency org.jetbrains.androidx.savedstate:savedstate:1.3.6
00:04.664 DEBUG :shared:resolveDependenciesJvmTest DependencyFileImpl        Downloaded https://repo1.maven.org/maven2/org/jetbrains/kotlin/kotlin-test-junit5/2.4.20/kotlin-test-junit5-2.4.20.pom.sha1 for the dependency org.jetbrains.kotlin:kotlin-test-junit5:2.4.20
00:04.676 DEBUG :desktopApp:resolveDependenciesJvm DependencyFileImpl        Not found URL: https://packages.jetbrains.team/maven/p/amper/compose-hot-reload/org/jetbrains/kotlinx/atomicfu/0.28.0/atomicfu-0.28.0.pom.sha256
00:04.685 DEBUG :desktopApp:resolveDependenciesJvmTest DependencyFileImpl        Downloaded https://maven.google.com/androidx/annotation/annotation-jvm/1.9.1/annotation-jvm-1.9.1.pom.sha512 for the dependency androidx.annotation:annotation-jvm:1.9.1
00:04.688 DEBUG :shared:resolveDependenciesJvmTest DependencyFileImpl        Downloaded https://maven.google.com/androidx/lifecycle/lifecycle-viewmodel-savedstate/2.11.0/lifecycle-viewmodel-savedstate-2.11.0.pom.sha512 for the dependency androidx.lifecycle:lifecycle-viewmodel-savedstate:2.11.0
00:04.694 DEBUG :desktopApp:resolveDependenciesJvmTest DependencyFileImpl        Downloaded https://maven.google.com/androidx/lifecycle/lifecycle-common/2.11.0/lifecycle-common-2.11.0.pom for the dependency androidx.lifecycle:lifecycle-common:2.11.0
00:04.742 DEBUG :shared:resolveDependenciesJvmTest DependencyFileImpl        Downloaded https://maven.google.com/androidx/lifecycle/lifecycle-viewmodel/2.11.0/lifecycle-viewmodel-2.11.0.pom for the dependency androidx.lifecycle:lifecycle-viewmodel:2.11.0
00:04.743 DEBUG :desktopApp:resolveDependenciesJvm DependencyFileImpl        Downloaded https://maven.google.com/androidx/collection/collection-jvm/1.5.0/collection-jvm-1.5.0.pom for the dependency androidx.collection:collection-jvm:1.5.0
00:04.745 DEBUG :shared:resolveDependenciesJvmTest DependencyFileImpl        Downloaded https://repo1.maven.org/maven2/org/jetbrains/kotlin/kotlin-test-junit5/2.4.20/kotlin-test-junit5-2.4.20.pom for the dependency org.jetbrains.kotlin:kotlin-test-junit5:2.4.20
00:04.750 DEBUG :shared:resolveDependenciesJvmTest DependencyFileImpl        Downloaded https://repo1.maven.org/maven2/org/jetbrains/androidx/savedstate/savedstate/1.3.6/savedstate-1.3.6.module for the dependency org.jetbrains.androidx.savedstate:savedstate:1.3.6
00:04.760 DEBUG :desktopApp:resolveDependenciesJvm DependencyFileImpl        Downloaded https://repo1.maven.org/maven2/org/jetbrains/kotlinx/atomicfu/0.28.0/atomicfu-0.28.0.pom.sha1 for the dependency org.jetbrains.kotlinx:atomicfu:0.28.0
00:04.793 DEBUG :shared:resolveDependenciesJvmTest DependencyFileImpl        Downloaded https://maven.google.com/androidx/lifecycle/lifecycle-viewmodel-compose-desktop/2.11.0/lifecycle-viewmodel-compose-desktop-2.11.0.pom.sha512 for the dependency androidx.lifecycle:lifecycle-viewmodel-compose-desktop:2.11.0
00:04.818 DEBUG :desktopApp:resolveDependenciesJvmTest DependencyFileImpl        Not found URL: https://maven.google.com/org/jetbrains/kotlinx/kotlinx-datetime/0.7.1/kotlinx-datetime-0.7.1.pom.sha256
00:04.819 DEBUG :shared:resolveDependenciesJvmTest DependencyFileImpl        Not found URL: https://repo1.maven.org/maven2/org/jetbrains/kotlin/kotlin-test-junit5/2.4.20/kotlin-test-junit5-2.4.20.module.sha512
00:04.824 DEBUG :desktopApp:resolveDependenciesJvm DependencyFileImpl        Downloaded https://repo1.maven.org/maven2/org/jetbrains/kotlinx/atomicfu/0.28.0/atomicfu-0.28.0.pom for the dependency org.jetbrains.kotlinx:atomicfu:0.28.0
00:04.834 DEBUG :desktopApp:resolveDependenciesJvmTest DependencyFileImpl        Downloaded https://maven.google.com/androidx/annotation/annotation-jvm/1.9.1/annotation-jvm-1.9.1.pom for the dependency androidx.annotation:annotation-jvm:1.9.1
00:04.864 DEBUG :desktopApp:resolveDependenciesJvmTest DependencyFileImpl        Downloaded https://maven.google.com/androidx/graphics/graphics-shapes-desktop/1.1.0/graphics-shapes-desktop-1.1.0.pom.sha512 for the dependency androidx.graphics:graphics-shapes-desktop:1.1.0
00:04.889 DEBUG :shared:resolveDependenciesJvmTest DependencyFileImpl        Not found URL: https://repo1.maven.org/maven2/androidx/savedstate/savedstate/1.3.3/savedstate-1.3.3.pom.sha512
00:04.891 DEBUG :desktopApp:resolveDependenciesJvm DependencyFileImpl        Downloaded https://maven.google.com/androidx/collection/collection-jvm/1.5.0/collection-jvm-1.5.0.module.sha512 for the dependency androidx.collection:collection-jvm:1.5.0
00:04.933 DEBUG :desktopApp:resolveDependenciesJvmTest DependencyFileImpl        Downloaded https://maven.google.com/androidx/lifecycle/lifecycle-common/2.11.0/lifecycle-common-2.11.0.module.sha512 for the dependency androidx.lifecycle:lifecycle-common:2.11.0
00:04.935 DEBUG :shared:resolveDependenciesJvmTest DependencyFileImpl        Downloaded https://maven.google.com/androidx/lifecycle/lifecycle-viewmodel-savedstate/2.11.0/lifecycle-viewmodel-savedstate-2.11.0.pom for the dependency androidx.lifecycle:lifecycle-viewmodel-savedstate:2.11.0
00:04.936 DEBUG :desktopApp:resolveDependenciesJvmTest DependencyFileImpl        Not found URL: https://packages.jetbrains.team/maven/p/amper/compose-hot-reload/org/jetbrains/kotlinx/kotlinx-datetime/0.7.1/kotlinx-datetime-0.7.1.pom.sha256
00:04.957 DEBUG :shared:resolveDependenciesJvmTest DependencyFileImpl        Downloaded https://maven.google.com/androidx/lifecycle/lifecycle-viewmodel-compose-desktop/2.11.0/lifecycle-viewmodel-compose-desktop-2.11.0.pom for the dependency androidx.lifecycle:lifecycle-viewmodel-compose-desktop:2.11.0
00:04.995 DEBUG :desktopApp:resolveDependenciesJvmTest DependencyFileImpl        Downloaded https://maven.google.com/androidx/annotation/annotation-jvm/1.9.1/annotation-jvm-1.9.1.module.sha512 for the dependency androidx.annotation:annotation-jvm:1.9.1
00:04.997 DEBUG :shared:resolveDependenciesJvmTest DependencyFileImpl        Not found URL: https://maven.google.com/org/jetbrains/kotlin/kotlin-test-junit5/2.4.20/kotlin-test-junit5-2.4.20.module.sha512
00:05.005 DEBUG :desktopApp:resolveDependenciesJvm DependencyFileImpl        Not found URL: https://repo1.maven.org/maven2/org/jetbrains/kotlinx/atomicfu/0.28.0/atomicfu-0.28.0.module.sha512
00:05.018 DEBUG :desktopApp:resolveDependenciesJvmTest DependencyFileImpl        Downloaded https://repo1.maven.org/maven2/org/jetbrains/kotlinx/kotlinx-datetime/0.7.1/kotlinx-datetime-0.7.1.pom.sha1 for the dependency org.jetbrains.kotlinx:kotlinx-datetime:0.7.1
00:05.046 DEBUG :desktopApp:resolveDependenciesJvmTest DependencyFileImpl        Downloaded https://maven.google.com/androidx/graphics/graphics-shapes-desktop/1.1.0/graphics-shapes-desktop-1.1.0.pom for the dependency androidx.graphics:graphics-shapes-desktop:1.1.0
00:05.071 DEBUG :shared:resolveDependenciesJvmTest DependencyFileImpl        Downloaded https://maven.google.com/androidx/lifecycle/lifecycle-viewmodel/2.11.0/lifecycle-viewmodel-2.11.0.module.sha512 for the dependency androidx.lifecycle:lifecycle-viewmodel:2.11.0
00:05.098 DEBUG :desktopApp:resolveDependenciesJvmTest DependencyFileImpl        Downloaded https://maven.google.com/androidx/lifecycle/lifecycle-common/2.11.0/lifecycle-common-2.11.0.module for the dependency androidx.lifecycle:lifecycle-common:2.11.0
00:05.121 DEBUG :desktopApp:resolveDependenciesJvmTest DependencyFileImpl        Downloaded https://repo1.maven.org/maven2/org/jetbrains/kotlinx/kotlinx-datetime/0.7.1/kotlinx-datetime-0.7.1.pom for the dependency org.jetbrains.kotlinx:kotlinx-datetime:0.7.1
00:05.122 DEBUG :shared:resolveDependenciesJvmTest DependencyFileImpl        Not found URL: https://packages.jetbrains.team/maven/p/amper/compose-hot-reload/org/jetbrains/kotlin/kotlin-test-junit5/2.4.20/kotlin-test-junit5-2.4.20.module.sha512
00:05.139 DEBUG :shared:resolveDependenciesJvmTest DependencyFileImpl        Downloaded https://maven.google.com/androidx/savedstate/savedstate/1.3.3/savedstate-1.3.3.pom.sha512 for the dependency androidx.savedstate:savedstate:1.3.3
00:05.156 DEBUG :desktopApp:resolveDependenciesJvm DependencyFileImpl        Downloaded https://maven.google.com/androidx/collection/collection-jvm/1.5.0/collection-jvm-1.5.0.module for the dependency androidx.collection:collection-jvm:1.5.0
00:05.156 DEBUG :desktopApp:resolveDependenciesJvmTest DependencyFileImpl        Downloaded https://maven.google.com/androidx/annotation/annotation-jvm/1.9.1/annotation-jvm-1.9.1.module for the dependency androidx.annotation:annotation-jvm:1.9.1
00:05.156 DEBUG :shared:resolveDependenciesJvmTest DependencyFileImpl        Downloaded https://maven.google.com/androidx/lifecycle/lifecycle-viewmodel-savedstate/2.11.0/lifecycle-viewmodel-savedstate-2.11.0.module.sha512 for the dependency androidx.lifecycle:lifecycle-viewmodel-savedstate:2.11.0
00:05.180 DEBUG :desktopApp:resolveDependenciesJvm DependencyFileImpl        Not found URL: https://maven.google.com/org/jetbrains/kotlinx/atomicfu/0.28.0/atomicfu-0.28.0.module.sha512
00:05.183 DEBUG :shared:resolveDependenciesJvm DependencyFileImpl        Not found URL: https://repo1.maven.org/maven2/androidx/lifecycle/lifecycle-common-jvm/2.11.0/lifecycle-common-jvm-2.11.0.pom.sha512
00:05.186 DEBUG :shared:resolveDependenciesJvmTest DependencyFileImpl        Downloaded https://maven.google.com/androidx/lifecycle/lifecycle-viewmodel-compose-desktop/2.11.0/lifecycle-viewmodel-compose-desktop-2.11.0.module.sha512 for the dependency androidx.lifecycle:lifecycle-viewmodel-compose-desktop:2.11.0
00:05.198 DEBUG :shared:resolveDependenciesJvmTest DependencyFileImpl        Not found URL: https://repo1.maven.org/maven2/org/jetbrains/kotlin/kotlin-test-junit5/2.4.20/kotlin-test-junit5-2.4.20.module.sha256
00:05.253 DEBUG :shared:resolveDependenciesJvmTest DependencyFileImpl        Downloaded https://maven.google.com/androidx/lifecycle/lifecycle-viewmodel/2.11.0/lifecycle-viewmodel-2.11.0.module for the dependency androidx.lifecycle:lifecycle-viewmodel:2.11.0
00:05.268 DEBUG :desktopApp:resolveDependenciesJvmTest DependencyFileImpl        Downloaded https://maven.google.com/androidx/graphics/graphics-shapes-desktop/1.1.0/graphics-shapes-desktop-1.1.0.module.sha512 for the dependency androidx.graphics:graphics-shapes-desktop:1.1.0
00:05.299 DEBUG :desktopApp:resolveDependenciesJvm DependencyFileImpl        Not found URL: https://packages.jetbrains.team/maven/p/amper/compose-hot-reload/org/jetbrains/kotlinx/atomicfu/0.28.0/atomicfu-0.28.0.module.sha512
00:05.317 DEBUG :shared:resolveDependenciesJvmTest DependencyFileImpl        Downloaded https://maven.google.com/androidx/lifecycle/lifecycle-viewmodel-savedstate/2.11.0/lifecycle-viewmodel-savedstate-2.11.0.module for the dependency androidx.lifecycle:lifecycle-viewmodel-savedstate:2.11.0
00:05.322 DEBUG :desktopApp:resolveDependenciesJvmTest DependencyFileImpl        Not found URL: https://repo1.maven.org/maven2/org/jetbrains/kotlinx/kotlinx-datetime/0.7.1/kotlinx-datetime-0.7.1.module.sha512
00:05.330 DEBUG :shared:resolveDependenciesJvmTest DependencyFileImpl        Not found URL: https://repo1.maven.org/maven2/androidx/lifecycle/lifecycle-viewmodel-desktop/2.11.0/lifecycle-viewmodel-desktop-2.11.0.pom.sha512
00:05.374 DEBUG :shared:resolveDependenciesJvmTest DependencyFileImpl        Not found URL: https://maven.google.com/org/jetbrains/kotlin/kotlin-test-junit5/2.4.20/kotlin-test-junit5-2.4.20.module.sha256
00:05.383 DEBUG :shared:resolveDependenciesJvmTest DependencyFileImpl        Not found URL: https://repo1.maven.org/maven2/androidx/lifecycle/lifecycle-viewmodel-savedstate-desktop/2.11.0/lifecycle-viewmodel-savedstate-desktop-2.11.0.pom.sha512
00:05.385 DEBUG :shared:resolveDependenciesJvmTest DependencyFileImpl        Downloaded https://maven.google.com/androidx/lifecycle/lifecycle-viewmodel-compose-desktop/2.11.0/lifecycle-viewmodel-compose-desktop-2.11.0.module for the dependency androidx.lifecycle:lifecycle-viewmodel-compose-desktop:2.11.0
00:05.430 DEBUG :desktopApp:resolveDependenciesJvmTest DependencyFileImpl        Downloaded https://maven.google.com/androidx/graphics/graphics-shapes-desktop/1.1.0/graphics-shapes-desktop-1.1.0.module for the dependency androidx.graphics:graphics-shapes-desktop:1.1.0
00:05.499 DEBUG :desktopApp:resolveDependenciesJvm DependencyFileImpl        Not found URL: https://repo1.maven.org/maven2/org/jetbrains/kotlinx/atomicfu/0.28.0/atomicfu-0.28.0.module.sha256
00:05.508 DEBUG :shared:resolveDependenciesJvmTest DependencyFileImpl        Not found URL: https://packages.jetbrains.team/maven/p/amper/compose-hot-reload/org/jetbrains/kotlin/kotlin-test-junit5/2.4.20/kotlin-test-junit5-2.4.20.module.sha256
00:05.511 DEBUG :desktopApp:resolveDependenciesJvmTest DependencyFileImpl        Not found URL: https://maven.google.com/org/jetbrains/kotlinx/kotlinx-datetime/0.7.1/kotlinx-datetime-0.7.1.module.sha512
00:05.568 DEBUG :shared:resolveDependenciesJvmTest DependencyFileImpl        Downloaded https://repo1.maven.org/maven2/org/jetbrains/kotlin/kotlin-test-junit5/2.4.20/kotlin-test-junit5-2.4.20.module.sha1 for the dependency org.jetbrains.kotlin:kotlin-test-junit5:2.4.20
00:05.630 DEBUG :desktopApp:resolveDependenciesJvmTest DependencyFileImpl        Not found URL: https://packages.jetbrains.team/maven/p/amper/compose-hot-reload/org/jetbrains/kotlinx/kotlinx-datetime/0.7.1/kotlinx-datetime-0.7.1.module.sha512
00:05.649 DEBUG :shared:resolveDependenciesJvmTest DependencyFileImpl        Downloaded https://repo1.maven.org/maven2/org/jetbrains/kotlin/kotlin-test-junit5/2.4.20/kotlin-test-junit5-2.4.20.module for the dependency org.jetbrains.kotlin:kotlin-test-junit5:2.4.20
00:05.685 DEBUG :desktopApp:resolveDependenciesJvm DependencyFileImpl        Not found URL: https://maven.google.com/org/jetbrains/kotlinx/atomicfu/0.28.0/atomicfu-0.28.0.module.sha256
00:05.711 DEBUG :shared:resolveDependenciesJvmTest DependencyFileImpl        Not found URL: https://repo1.maven.org/maven2/org/jetbrains/kotlin/kotlin-test/2.4.20/kotlin-test-2.4.20.pom.sha512
00:05.716 DEBUG :shared:resolveDependenciesJvmTest DependencyFileImpl        Downloaded https://repo1.maven.org/maven2/org/junit/jupiter/junit-jupiter-api/5.10.1/junit-jupiter-api-5.10.1.pom.sha512 for the dependency org.junit.jupiter:junit-jupiter-api:5.10.1
00:05.718 DEBUG :shared:resolveDependenciesJvmTest DependencyFileImpl        Downloaded https://repo1.maven.org/maven2/org/junit/jupiter/junit-jupiter-engine/5.10.1/junit-jupiter-engine-5.10.1.pom.sha512 for the dependency org.junit.jupiter:junit-jupiter-engine:5.10.1
00:05.718 DEBUG :shared:resolveDependenciesJvmTest DependencyFileImpl        Downloaded https://repo1.maven.org/maven2/org/junit/platform/junit-platform-launcher/1.10.1/junit-platform-launcher-1.10.1.pom.sha512 for the dependency org.junit.platform:junit-platform-launcher:1.10.1
00:05.775 DEBUG :shared:resolveDependenciesJvmTest DependencyFileImpl        Downloaded https://repo1.maven.org/maven2/org/junit/platform/junit-platform-launcher/1.10.1/junit-platform-launcher-1.10.1.pom for the dependency org.junit.platform:junit-platform-launcher:1.10.1
00:05.779 DEBUG :shared:resolveDependenciesJvmTest DependencyFileImpl        Downloaded https://repo1.maven.org/maven2/org/junit/jupiter/junit-jupiter-engine/5.10.1/junit-jupiter-engine-5.10.1.pom for the dependency org.junit.jupiter:junit-jupiter-engine:5.10.1
00:05.781 DEBUG :shared:resolveDependenciesJvmTest DependencyFileImpl        Downloaded https://repo1.maven.org/maven2/org/junit/jupiter/junit-jupiter-api/5.10.1/junit-jupiter-api-5.10.1.pom for the dependency org.junit.jupiter:junit-jupiter-api:5.10.1
00:05.810 DEBUG :desktopApp:resolveDependenciesJvm DependencyFileImpl        Not found URL: https://packages.jetbrains.team/maven/p/amper/compose-hot-reload/org/jetbrains/kotlinx/atomicfu/0.28.0/atomicfu-0.28.0.module.sha256
00:05.817 DEBUG :desktopApp:resolveDependenciesJvmTest DependencyFileImpl        Not found URL: https://repo1.maven.org/maven2/org/jetbrains/kotlinx/kotlinx-datetime/0.7.1/kotlinx-datetime-0.7.1.module.sha256
00:05.840 DEBUG :shared:resolveDependenciesJvmTest DependencyFileImpl        Downloaded https://repo1.maven.org/maven2/org/junit/platform/junit-platform-launcher/1.10.1/junit-platform-launcher-1.10.1.module.sha512 for the dependency org.junit.platform:junit-platform-launcher:1.10.1
00:05.850 DEBUG :shared:resolveDependenciesJvmTest DependencyFileImpl        Downloaded https://repo1.maven.org/maven2/org/junit/jupiter/junit-jupiter-engine/5.10.1/junit-jupiter-engine-5.10.1.module.sha512 for the dependency org.junit.jupiter:junit-jupiter-engine:5.10.1
00:05.865 DEBUG :shared:resolveDependenciesJvmTest DependencyFileImpl        Downloaded https://repo1.maven.org/maven2/org/junit/jupiter/junit-jupiter-api/5.10.1/junit-jupiter-api-5.10.1.module.sha512 for the dependency org.junit.jupiter:junit-jupiter-api:5.10.1
00:05.870 DEBUG :desktopApp:resolveDependenciesJvm DependencyFileImpl        Downloaded https://repo1.maven.org/maven2/org/jetbrains/kotlinx/atomicfu/0.28.0/atomicfu-0.28.0.module.sha1 for the dependency org.jetbrains.kotlinx:atomicfu:0.28.0
00:05.870 DEBUG :shared:resolveDependenciesJvmTest DependencyFileImpl        Not found URL: https://maven.google.com/org/jetbrains/kotlin/kotlin-test/2.4.20/kotlin-test-2.4.20.pom.sha512
00:05.899 DEBUG :shared:resolveDependenciesJvmTest DependencyFileImpl        Downloaded https://repo1.maven.org/maven2/org/junit/platform/junit-platform-launcher/1.10.1/junit-platform-launcher-1.10.1.module for the dependency org.junit.platform:junit-platform-launcher:1.10.1
00:05.903 DEBUG :desktopApp:resolveDependenciesJvm DependencyFileImpl        Downloaded https://repo1.maven.org/maven2/org/jetbrains/kotlinx/atomicfu/0.28.0/atomicfu-0.28.0.module for the dependency org.jetbrains.kotlinx:atomicfu:0.28.0
00:05.912 DEBUG :shared:resolveDependenciesJvmTest DependencyFileImpl        Downloaded https://repo1.maven.org/maven2/org/junit/jupiter/junit-jupiter-engine/5.10.1/junit-jupiter-engine-5.10.1.module for the dependency org.junit.jupiter:junit-jupiter-engine:5.10.1
00:05.922 DEBUG :shared:resolveDependenciesJvmTest DependencyFileImpl        Downloaded https://repo1.maven.org/maven2/org/junit/jupiter/junit-jupiter-api/5.10.1/junit-jupiter-api-5.10.1.module for the dependency org.junit.jupiter:junit-jupiter-api:5.10.1
00:05.965 DEBUG :shared:resolveDependenciesJvmTest DependencyFileImpl        Downloaded https://repo1.maven.org/maven2/org/junit/platform/junit-platform-engine/1.10.1/junit-platform-engine-1.10.1.pom.sha512 for the dependency org.junit.platform:junit-platform-engine:1.10.1
00:05.973 DEBUG :desktopApp:resolveDependenciesJvmTest DependencyFileImpl        Not found URL: https://maven.google.com/org/jetbrains/kotlinx/kotlinx-datetime/0.7.1/kotlinx-datetime-0.7.1.module.sha256
00:05.974 DEBUG :shared:resolveDependenciesJvmTest DependencyFileImpl        Downloaded https://repo1.maven.org/maven2/org/junit/junit-bom/5.10.1/junit-bom-5.10.1.pom.sha512 for the dependency org.junit:junit-bom:5.10.1
00:05.987 DEBUG :shared:resolveDependenciesJvmTest DependencyFileImpl        Downloaded https://repo1.maven.org/maven2/org/opentest4j/opentest4j/1.3.0/opentest4j-1.3.0.pom.sha512 for the dependency org.opentest4j:opentest4j:1.3.0
00:05.988 DEBUG :shared:resolveDependenciesJvmTest DependencyFileImpl        Not found URL: https://packages.jetbrains.team/maven/p/amper/compose-hot-reload/org/jetbrains/kotlin/kotlin-test/2.4.20/kotlin-test-2.4.20.pom.sha512
00:05.992 DEBUG :shared:resolveDependenciesJvmTest DependencyFileImpl        Downloaded https://repo1.maven.org/maven2/org/apiguardian/apiguardian-api/1.1.2/apiguardian-api-1.1.2.pom.sha512 for the dependency org.apiguardian:apiguardian-api:1.1.2
00:05.993 DEBUG :shared:resolveDependenciesJvmTest DependencyFileImpl        Downloaded https://repo1.maven.org/maven2/org/junit/platform/junit-platform-commons/1.10.1/junit-platform-commons-1.10.1.pom.sha512 for the dependency org.junit.platform:junit-platform-commons:1.10.1
00:06.003 DEBUG :shared:resolveDependenciesJvmTest DependencyFileImpl        Downloaded https://repo1.maven.org/maven2/org/junit/junit-bom/5.10.1/junit-bom-5.10.1.pom for the dependency org.junit:junit-bom:5.10.1
00:06.022 DEBUG :shared:resolveDependenciesJvmTest DependencyFileImpl        Downloaded https://repo1.maven.org/maven2/org/opentest4j/opentest4j/1.3.0/opentest4j-1.3.0.pom for the dependency org.opentest4j:opentest4j:1.3.0
00:06.028 DEBUG :shared:resolveDependenciesJvmTest DependencyFileImpl        Downloaded https://repo1.maven.org/maven2/org/apiguardian/apiguardian-api/1.1.2/apiguardian-api-1.1.2.pom for the dependency org.apiguardian:apiguardian-api:1.1.2
00:06.039 DEBUG :shared:resolveDependenciesJvmTest DependencyFileImpl        Downloaded https://repo1.maven.org/maven2/org/junit/platform/junit-platform-engine/1.10.1/junit-platform-engine-1.10.1.pom for the dependency org.junit.platform:junit-platform-engine:1.10.1
00:06.048 DEBUG :shared:resolveDependenciesJvmTest DependencyFileImpl        Not found URL: https://repo1.maven.org/maven2/org/jetbrains/kotlin/kotlin-test/2.4.20/kotlin-test-2.4.20.pom.sha256
00:06.056 DEBUG :shared:resolveDependenciesJvmTest DependencyFileImpl        Downloaded https://repo1.maven.org/maven2/org/junit/platform/junit-platform-commons/1.10.1/junit-platform-commons-1.10.1.pom for the dependency org.junit.platform:junit-platform-commons:1.10.1
00:06.072 DEBUG :shared:resolveDependenciesJvmTest DependencyFileImpl        Downloaded https://repo1.maven.org/maven2/org/junit/junit-bom/5.10.1/junit-bom-5.10.1.module.sha512 for the dependency org.junit:junit-bom:5.10.1
00:06.082 DEBUG :desktopApp:resolveDependenciesJvm DependencyFileImpl        Not found URL: https://repo1.maven.org/maven2/org/jetbrains/kotlinx/atomicfu-jvm/0.28.0/atomicfu-jvm-0.28.0.pom.sha512
00:06.083 DEBUG :shared:resolveDependenciesJvmTest DependencyFileImpl        Downloaded https://repo1.maven.org/maven2/org/opentest4j/opentest4j/1.3.0/opentest4j-1.3.0.module.sha512 for the dependency org.opentest4j:opentest4j:1.3.0
00:06.093 DEBUG :desktopApp:resolveDependenciesJvmTest DependencyFileImpl        Not found URL: https://packages.jetbrains.team/maven/p/amper/compose-hot-reload/org/jetbrains/kotlinx/kotlinx-datetime/0.7.1/kotlinx-datetime-0.7.1.module.sha256
00:06.098 DEBUG :shared:resolveDependenciesJvmTest DependencyFileImpl        Downloaded https://repo1.maven.org/maven2/org/junit/platform/junit-platform-engine/1.10.1/junit-platform-engine-1.10.1.module.sha512 for the dependency org.junit.platform:junit-platform-engine:1.10.1
00:06.099 DEBUG :shared:resolveDependenciesJvmTest DependencyFileImpl        Downloaded https://repo1.maven.org/maven2/org/apiguardian/apiguardian-api/1.1.2/apiguardian-api-1.1.2.module.sha512 for the dependency org.apiguardian:apiguardian-api:1.1.2
00:06.116 DEBUG :shared:resolveDependenciesJvmTest DependencyFileImpl        Downloaded https://repo1.maven.org/maven2/org/junit/platform/junit-platform-commons/1.10.1/junit-platform-commons-1.10.1.module.sha512 for the dependency org.junit.platform:junit-platform-commons:1.10.1
00:06.145 DEBUG :shared:resolveDependenciesJvmTest DependencyFileImpl        Downloaded https://repo1.maven.org/maven2/org/junit/junit-bom/5.10.1/junit-bom-5.10.1.module for the dependency org.junit:junit-bom:5.10.1
00:06.147 DEBUG :shared:resolveDependenciesJvmTest DependencyFileImpl        Downloaded https://repo1.maven.org/maven2/org/opentest4j/opentest4j/1.3.0/opentest4j-1.3.0.module for the dependency org.opentest4j:opentest4j:1.3.0
00:06.158 DEBUG :desktopApp:resolveDependenciesJvmTest DependencyFileImpl        Downloaded https://repo1.maven.org/maven2/org/jetbrains/kotlinx/kotlinx-datetime/0.7.1/kotlinx-datetime-0.7.1.module.sha1 for the dependency org.jetbrains.kotlinx:kotlinx-datetime:0.7.1
00:06.160 DEBUG :shared:resolveDependenciesJvmTest DependencyFileImpl        Downloaded https://repo1.maven.org/maven2/org/junit/platform/junit-platform-engine/1.10.1/junit-platform-engine-1.10.1.module for the dependency org.junit.platform:junit-platform-engine:1.10.1
00:06.172 DEBUG :shared:resolveDependenciesJvmTest DependencyFileImpl        Downloaded https://repo1.maven.org/maven2/org/apiguardian/apiguardian-api/1.1.2/apiguardian-api-1.1.2.module for the dependency org.apiguardian:apiguardian-api:1.1.2
00:06.177 DEBUG :shared:resolveDependenciesJvmTest DependencyFileImpl        Downloaded https://repo1.maven.org/maven2/org/junit/platform/junit-platform-commons/1.10.1/junit-platform-commons-1.10.1.module for the dependency org.junit.platform:junit-platform-commons:1.10.1
00:06.228 DEBUG :desktopApp:resolveDependenciesJvmTest DependencyFileImpl        Downloaded https://repo1.maven.org/maven2/org/jetbrains/kotlinx/kotlinx-datetime/0.7.1/kotlinx-datetime-0.7.1.module for the dependency org.jetbrains.kotlinx:kotlinx-datetime:0.7.1
00:06.234 DEBUG :shared:resolveDependenciesJvmTest DependencyFileImpl        Not found URL: https://maven.google.com/org/jetbrains/kotlin/kotlin-test/2.4.20/kotlin-test-2.4.20.pom.sha256
00:06.282 DEBUG :desktopApp:resolveDependenciesJvm DependencyFileImpl        Not found URL: https://maven.google.com/org/jetbrains/kotlinx/atomicfu-jvm/0.28.0/atomicfu-jvm-0.28.0.pom.sha512
00:06.362 DEBUG :shared:resolveDependenciesJvmTest DependencyFileImpl        Not found URL: https://packages.jetbrains.team/maven/p/amper/compose-hot-reload/org/jetbrains/kotlin/kotlin-test/2.4.20/kotlin-test-2.4.20.pom.sha256
00:06.424 DEBUG :desktopApp:resolveDependenciesJvm DependencyFileImpl        Not found URL: https://packages.jetbrains.team/maven/p/amper/compose-hot-reload/org/jetbrains/kotlinx/atomicfu-jvm/0.28.0/atomicfu-jvm-0.28.0.pom.sha512
00:06.437 DEBUG :shared:resolveDependenciesJvmTest DependencyFileImpl        Downloaded https://repo1.maven.org/maven2/org/jetbrains/kotlin/kotlin-test/2.4.20/kotlin-test-2.4.20.pom.sha1 for the dependency org.jetbrains.kotlin:kotlin-test:2.4.20
00:06.438 DEBUG :desktopApp:resolveDependenciesJvmTest DependencyFileImpl        Not found URL: https://repo1.maven.org/maven2/org/jetbrains/kotlinx/kotlinx-datetime-jvm/0.7.1/kotlinx-datetime-jvm-0.7.1.pom.sha512
00:06.501 DEBUG :shared:resolveDependenciesJvmTest DependencyFileImpl        Downloaded https://repo1.maven.org/maven2/org/jetbrains/kotlin/kotlin-test/2.4.20/kotlin-test-2.4.20.pom for the dependency org.jetbrains.kotlin:kotlin-test:2.4.20
00:06.570 DEBUG :shared:resolveDependenciesJvmTest DependencyFileImpl        Not found URL: https://repo1.maven.org/maven2/org/jetbrains/kotlin/kotlin-test/2.4.20/kotlin-test-2.4.20.module.sha512
00:06.608 DEBUG :desktopApp:resolveDependenciesJvm DependencyFileImpl        Not found URL: https://repo1.maven.org/maven2/org/jetbrains/kotlinx/atomicfu-jvm/0.28.0/atomicfu-jvm-0.28.0.pom.sha256
00:06.622 DEBUG :desktopApp:resolveDependenciesJvmTest DependencyFileImpl        Not found URL: https://maven.google.com/org/jetbrains/kotlinx/kotlinx-datetime-jvm/0.7.1/kotlinx-datetime-jvm-0.7.1.pom.sha512
00:06.730 DEBUG :shared:resolveDependenciesJvmTest DependencyFileImpl        Not found URL: https://maven.google.com/org/jetbrains/kotlin/kotlin-test/2.4.20/kotlin-test-2.4.20.module.sha512
00:06.763 DEBUG :desktopApp:resolveDependenciesJvmTest DependencyFileImpl        Not found URL: https://packages.jetbrains.team/maven/p/amper/compose-hot-reload/org/jetbrains/kotlinx/kotlinx-datetime-jvm/0.7.1/kotlinx-datetime-jvm-0.7.1.pom.sha512
00:06.791 DEBUG :desktopApp:resolveDependenciesJvm DependencyFileImpl        Not found URL: https://maven.google.com/org/jetbrains/kotlinx/atomicfu-jvm/0.28.0/atomicfu-jvm-0.28.0.pom.sha256
00:06.854 DEBUG :shared:resolveDependenciesJvmTest DependencyFileImpl        Not found URL: https://packages.jetbrains.team/maven/p/amper/compose-hot-reload/org/jetbrains/kotlin/kotlin-test/2.4.20/kotlin-test-2.4.20.module.sha512
00:06.912 DEBUG :shared:resolveDependenciesJvmTest DependencyFileImpl        Not found URL: https://repo1.maven.org/maven2/org/jetbrains/kotlin/kotlin-test/2.4.20/kotlin-test-2.4.20.module.sha256
00:06.920 DEBUG :desktopApp:resolveDependenciesJvm DependencyFileImpl        Not found URL: https://packages.jetbrains.team/maven/p/amper/compose-hot-reload/org/jetbrains/kotlinx/atomicfu-jvm/0.28.0/atomicfu-jvm-0.28.0.pom.sha256
00:06.965 DEBUG :desktopApp:resolveDependenciesJvmTest DependencyFileImpl        Not found URL: https://repo1.maven.org/maven2/org/jetbrains/kotlinx/kotlinx-datetime-jvm/0.7.1/kotlinx-datetime-jvm-0.7.1.pom.sha256
00:06.982 DEBUG :desktopApp:resolveDependenciesJvm DependencyFileImpl        Downloaded https://repo1.maven.org/maven2/org/jetbrains/kotlinx/atomicfu-jvm/0.28.0/atomicfu-jvm-0.28.0.pom.sha1 for the dependency org.jetbrains.kotlinx:atomicfu-jvm:0.28.0
00:07.012 DEBUG :desktopApp:resolveDependenciesJvm DependencyFileImpl        Downloaded https://repo1.maven.org/maven2/org/jetbrains/kotlinx/atomicfu-jvm/0.28.0/atomicfu-jvm-0.28.0.pom for the dependency org.jetbrains.kotlinx:atomicfu-jvm:0.28.0
00:07.053 DEBUG :shared:resolveDependenciesJvmTest DependencyFileImpl        Not found URL: https://maven.google.com/org/jetbrains/kotlin/kotlin-test/2.4.20/kotlin-test-2.4.20.module.sha256
00:07.155 DEBUG :desktopApp:resolveDependenciesJvmTest DependencyFileImpl        Not found URL: https://maven.google.com/org/jetbrains/kotlinx/kotlinx-datetime-jvm/0.7.1/kotlinx-datetime-jvm-0.7.1.pom.sha256
00:07.181 DEBUG :shared:resolveDependenciesJvmTest DependencyFileImpl        Not found URL: https://packages.jetbrains.team/maven/p/amper/compose-hot-reload/org/jetbrains/kotlin/kotlin-test/2.4.20/kotlin-test-2.4.20.module.sha256
00:07.201 DEBUG :desktopApp:resolveDependenciesJvm DependencyFileImpl        Not found URL: https://repo1.maven.org/maven2/org/jetbrains/kotlinx/atomicfu-jvm/0.28.0/atomicfu-jvm-0.28.0.module.sha512
00:07.242 DEBUG :shared:resolveDependenciesJvmTest DependencyFileImpl        Downloaded https://repo1.maven.org/maven2/org/jetbrains/kotlin/kotlin-test/2.4.20/kotlin-test-2.4.20.module.sha1 for the dependency org.jetbrains.kotlin:kotlin-test:2.4.20
00:07.271 DEBUG :desktopApp:resolveDependenciesJvmTest DependencyFileImpl        Not found URL: https://packages.jetbrains.team/maven/p/amper/compose-hot-reload/org/jetbrains/kotlinx/kotlinx-datetime-jvm/0.7.1/kotlinx-datetime-jvm-0.7.1.pom.sha256
00:07.299 DEBUG :shared:resolveDependenciesJvmTest DependencyFileImpl        Downloaded https://repo1.maven.org/maven2/org/jetbrains/kotlin/kotlin-test/2.4.20/kotlin-test-2.4.20.module for the dependency org.jetbrains.kotlin:kotlin-test:2.4.20
00:07.333 DEBUG :desktopApp:resolveDependenciesJvmTest DependencyFileImpl        Downloaded https://repo1.maven.org/maven2/org/jetbrains/kotlinx/kotlinx-datetime-jvm/0.7.1/kotlinx-datetime-jvm-0.7.1.pom.sha1 for the dependency org.jetbrains.kotlinx:kotlinx-datetime-jvm:0.7.1
00:07.377 DEBUG :desktopApp:resolveDependenciesJvm DependencyFileImpl        Not found URL: https://maven.google.com/org/jetbrains/kotlinx/atomicfu-jvm/0.28.0/atomicfu-jvm-0.28.0.module.sha512
00:07.389 DEBUG :desktopApp:resolveDependenciesJvmTest DependencyFileImpl        Downloaded https://repo1.maven.org/maven2/org/jetbrains/kotlinx/kotlinx-datetime-jvm/0.7.1/kotlinx-datetime-jvm-0.7.1.pom for the dependency org.jetbrains.kotlinx:kotlinx-datetime-jvm:0.7.1
00:07.493 DEBUG :desktopApp:resolveDependenciesJvm DependencyFileImpl        Not found URL: https://packages.jetbrains.team/maven/p/amper/compose-hot-reload/org/jetbrains/kotlinx/atomicfu-jvm/0.28.0/atomicfu-jvm-0.28.0.module.sha512
00:07.583 DEBUG :desktopApp:resolveDependenciesJvmTest DependencyFileImpl        Not found URL: https://repo1.maven.org/maven2/org/jetbrains/kotlinx/kotlinx-datetime-jvm/0.7.1/kotlinx-datetime-jvm-0.7.1.module.sha512
00:07.670 DEBUG :desktopApp:resolveDependenciesJvm DependencyFileImpl        Not found URL: https://repo1.maven.org/maven2/org/jetbrains/kotlinx/atomicfu-jvm/0.28.0/atomicfu-jvm-0.28.0.module.sha256
00:07.761 DEBUG :desktopApp:resolveDependenciesJvmTest DependencyFileImpl        Not found URL: https://maven.google.com/org/jetbrains/kotlinx/kotlinx-datetime-jvm/0.7.1/kotlinx-datetime-jvm-0.7.1.module.sha512
00:07.808 DEBUG :desktopApp:resolveDependenciesJvm DependencyFileImpl        Not found URL: https://maven.google.com/org/jetbrains/kotlinx/atomicfu-jvm/0.28.0/atomicfu-jvm-0.28.0.module.sha256
00:07.880 DEBUG :desktopApp:resolveDependenciesJvmTest DependencyFileImpl        Not found URL: https://packages.jetbrains.team/maven/p/amper/compose-hot-reload/org/jetbrains/kotlinx/kotlinx-datetime-jvm/0.7.1/kotlinx-datetime-jvm-0.7.1.module.sha512
00:07.932 DEBUG :desktopApp:resolveDependenciesJvm DependencyFileImpl        Not found URL: https://packages.jetbrains.team/maven/p/amper/compose-hot-reload/org/jetbrains/kotlinx/atomicfu-jvm/0.28.0/atomicfu-jvm-0.28.0.module.sha256
00:08.002 DEBUG :desktopApp:resolveDependenciesJvm DependencyFileImpl        Downloaded https://repo1.maven.org/maven2/org/jetbrains/kotlinx/atomicfu-jvm/0.28.0/atomicfu-jvm-0.28.0.module.sha1 for the dependency org.jetbrains.kotlinx:atomicfu-jvm:0.28.0
00:08.034 DEBUG :desktopApp:resolveDependenciesJvm DependencyFileImpl        Downloaded https://repo1.maven.org/maven2/org/jetbrains/kotlinx/atomicfu-jvm/0.28.0/atomicfu-jvm-0.28.0.module for the dependency org.jetbrains.kotlinx:atomicfu-jvm:0.28.0
00:08.056 DEBUG :desktopApp:resolveDependenciesJvmTest DependencyFileImpl        Not found URL: https://repo1.maven.org/maven2/org/jetbrains/kotlinx/kotlinx-datetime-jvm/0.7.1/kotlinx-datetime-jvm-0.7.1.module.sha256
00:08.186 DEBUG :desktopApp:resolveDependenciesJvmTest DependencyFileImpl        Not found URL: https://maven.google.com/org/jetbrains/kotlinx/kotlinx-datetime-jvm/0.7.1/kotlinx-datetime-jvm-0.7.1.module.sha256
00:08.307 DEBUG :desktopApp:resolveDependenciesJvmTest DependencyFileImpl        Not found URL: https://packages.jetbrains.team/maven/p/amper/compose-hot-reload/org/jetbrains/kotlinx/kotlinx-datetime-jvm/0.7.1/kotlinx-datetime-jvm-0.7.1.module.sha256
00:08.370 DEBUG :desktopApp:resolveDependenciesJvmTest DependencyFileImpl        Downloaded https://repo1.maven.org/maven2/org/jetbrains/kotlinx/kotlinx-datetime-jvm/0.7.1/kotlinx-datetime-jvm-0.7.1.module.sha1 for the dependency org.jetbrains.kotlinx:kotlinx-datetime-jvm:0.7.1
00:08.400 DEBUG :desktopApp:resolveDependenciesJvmTest DependencyFileImpl        Downloaded https://repo1.maven.org/maven2/org/jetbrains/kotlinx/kotlinx-datetime-jvm/0.7.1/kotlinx-datetime-jvm-0.7.1.module for the dependency org.jetbrains.kotlinx:kotlinx-datetime-jvm:0.7.1
00:08.443 DEBUG :shared:resolveDependenciesJvm DependencyFileImpl        Not found URL: https://repo1.maven.org/maven2/androidx/lifecycle/lifecycle-runtime-compose/2.11.0/lifecycle-runtime-compose-2.11.0.pom.sha512
00:08.443 DEBUG :shared:resolveDependenciesJvmTest DependencyFileImpl        Downloaded https://repo1.maven.org/maven2/org/jetbrains/compose/ui/ui-util/1.12.1/ui-util-1.12.1.pom.sha512 for the dependency org.jetbrains.compose.ui:ui-util:1.12.1
00:08.443 DEBUG :shared:resolveDependenciesJvmTest DependencyFileImpl        Downloaded https://repo1.maven.org/maven2/org/jetbrains/kotlinx/kotlinx-coroutines-core-jvm/1.11.0/kotlinx-coroutines-core-jvm-1.11.0.pom.sha512 for the dependency org.jetbrains.kotlinx:kotlinx-coroutines-core-jvm:1.11.0
00:08.455 DEBUG :shared:resolveDependenciesJvmTest DependencyFileImpl        Downloaded https://repo1.maven.org/maven2/org/jetbrains/compose/foundation/foundation-layout/1.12.1/foundation-layout-1.12.1.pom.sha512 for the dependency org.jetbrains.compose.foundation:foundation-layout:1.12.1
00:08.470 DEBUG :shared:resolveDependenciesJvm DependencyFileImpl        Downloaded https://repo1.maven.org/maven2/org/jetbrains/skiko/skiko/0.150.1/skiko-0.150.1.pom.sha512 for the dependency org.jetbrains.skiko:skiko:0.150.1
00:08.470 DEBUG :shared:resolveDependenciesJvmTest DependencyFileImpl        Downloaded https://repo1.maven.org/maven2/org/jetbrains/compose/ui/ui-unit/1.12.1/ui-unit-1.12.1.pom.sha512 for the dependency org.jetbrains.compose.ui:ui-unit:1.12.1
00:08.471 DEBUG :shared:resolveDependenciesJvm DependencyFileImpl        Not found URL: https://repo1.maven.org/maven2/androidx/savedstate/savedstate/1.3.3/savedstate-1.3.3.pom
00:08.473 DEBUG :shared:resolveDependenciesJvmTest DependencyFileImpl        Downloaded https://repo1.maven.org/maven2/org/jetbrains/compose/ui/ui-text/1.12.1/ui-text-1.12.1.pom.sha512 for the dependency org.jetbrains.compose.ui:ui-text:1.12.1
00:08.475 DEBUG :shared:resolveDependenciesJvm DependencyFileImpl        Downloaded https://repo1.maven.org/maven2/org/jetbrains/compose/ui/ui-graphics/1.12.1/ui-graphics-1.12.1.pom.sha512 for the dependency org.jetbrains.compose.ui:ui-graphics:1.12.1
00:08.482 DEBUG :shared:resolveDependenciesJvmTest DependencyFileImpl        Downloaded https://repo1.maven.org/maven2/org/jetbrains/compose/animation/animation/1.12.1/animation-1.12.1.pom.sha512 for the dependency org.jetbrains.compose.animation:animation:1.12.1
00:08.490 DEBUG :shared:resolveDependenciesJvmTest DependencyFileImpl        Downloaded https://repo1.maven.org/maven2/org/jetbrains/compose/runtime/runtime-saveable/1.12.1/runtime-saveable-1.12.1.pom.sha512 for the dependency org.jetbrains.compose.runtime:runtime-saveable:1.12.1
00:08.499 DEBUG :shared:resolveDependenciesJvmTest DependencyFileImpl        Downloaded https://repo1.maven.org/maven2/org/jetbrains/compose/runtime/runtime-desktop/1.12.1/runtime-desktop-1.12.1.module for the dependency org.jetbrains.compose.runtime:runtime-desktop:1.12.1
00:08.505 DEBUG :shared:resolveDependenciesJvm DependencyFileImpl        Downloaded https://repo1.maven.org/maven2/org/jetbrains/androidx/lifecycle/lifecycle-runtime/2.11.0/lifecycle-runtime-2.11.0.pom.sha512 for the dependency org.jetbrains.androidx.lifecycle:lifecycle-runtime:2.11.0
00:08.510 DEBUG :shared:resolveDependenciesJvmTest DependencyFileImpl        Not found URL: https://repo1.maven.org/maven2/androidx/savedstate/savedstate-compose/1.4.0/savedstate-compose-1.4.0.pom.sha512
00:08.510 DEBUG :shared:resolveDependenciesJvmTest DependencyFileImpl        Not found URL: https://repo1.maven.org/maven2/androidx/lifecycle/lifecycle-viewmodel-savedstate-desktop/2.11.0/lifecycle-viewmodel-savedstate-desktop-2.11.0.pom.sha512
00:08.517 DEBUG :shared:resolveDependenciesJvmTest DependencyFileImpl        Downloaded https://repo1.maven.org/maven2/org/jetbrains/compose/ui/ui-backhandler/1.12.1/ui-backhandler-1.12.1.pom.sha512 for the dependency org.jetbrains.compose.ui:ui-backhandler:1.12.1
00:08.525 DEBUG :shared:resolveDependenciesJvmTest DependencyFileImpl        Not found URL: https://repo1.maven.org/maven2/androidx/lifecycle/lifecycle-viewmodel-desktop/2.11.0/lifecycle-viewmodel-desktop-2.11.0.pom.sha512
00:08.530 DEBUG :shared:resolveDependenciesJvm DependencyFileImpl        Downloaded https://repo1.maven.org/maven2/org/jetbrains/runtime/jbr-api/1.9.0/jbr-api-1.9.0.pom.sha512 for the dependency org.jetbrains.runtime:jbr-api:1.9.0
00:08.534 DEBUG :shared:resolveDependenciesJvmTest DependencyFileImpl        Not found URL: https://repo1.maven.org/maven2/androidx/compose/runtime/runtime-retain/1.12.1/runtime-retain-1.12.1.pom.sha512
00:08.536 DEBUG :shared:resolveDependenciesJvmTest DependencyFileImpl        Not found URL: https://repo1.maven.org/maven2/androidx/lifecycle/lifecycle-common-jvm/2.11.0/lifecycle-common-jvm-2.11.0.pom.sha512
00:08.543 DEBUG :shared:resolveDependenciesJvmTest DependencyFileImpl        Downloaded https://repo1.maven.org/maven2/org/jetbrains/androidx/navigationevent/navigationevent-compose/1.1.0/navigationevent-compose-1.1.0.pom.sha512 for the dependency org.jetbrains.androidx.navigationevent:navigationevent-compose:1.1.0
00:08.550 DEBUG :shared:resolveDependenciesJvmTest DependencyFileImpl        Not found URL: https://repo1.maven.org/maven2/androidx/compose/runtime/runtime-saveable/1.11.0/runtime-saveable-1.11.0.pom.sha512
00:08.558 DEBUG :shared:resolveDependenciesJvm DependencyFileImpl        Downloaded https://repo1.maven.org/maven2/org/jetbrains/compose/ui/ui-geometry/1.12.1/ui-geometry-1.12.1.pom.sha512 for the dependency org.jetbrains.compose.ui:ui-geometry:1.12.1
00:08.563 DEBUG :shared:resolveDependenciesJvmTest DependencyFileImpl        Downloaded https://repo1.maven.org/maven2/org/jetbrains/kotlinx/kotlinx-coroutines-core-jvm/1.11.0/kotlinx-coroutines-core-jvm-1.11.0.pom for the dependency org.jetbrains.kotlinx:kotlinx-coroutines-core-jvm:1.11.0
00:08.567 DEBUG :desktopApp:resolveDependenciesJvmTest DependencyFileImpl        Downloaded https://repo1.maven.org/maven2/org/jetbrains/compose/material/material-ripple/1.12.1/material-ripple-1.12.1.pom.sha512 for the dependency org.jetbrains.compose.material:material-ripple:1.12.1
00:08.580 DEBUG :shared:resolveDependenciesJvmTest DependencyFileImpl        Downloaded https://repo1.maven.org/maven2/org/jetbrains/kotlinx/kotlinx-serialization-core/1.7.3/kotlinx-serialization-core-1.7.3.pom.sha512 for the dependency org.jetbrains.kotlinx:kotlinx-serialization-core:1.7.3
00:08.598 DEBUG :shared:resolveDependenciesJvmTest DependencyFileImpl        Downloaded https://repo1.maven.org/maven2/org/jetbrains/compose/ui/ui-util/1.12.1/ui-util-1.12.1.pom for the dependency org.jetbrains.compose.ui:ui-util:1.12.1
00:08.598 DEBUG :desktopApp:resolveDependenciesJvmTest DependencyFileImpl        Downloaded https://repo1.maven.org/maven2/org/jetbrains/compose/animation/animation-core/1.12.1/animation-core-1.12.1.pom.sha512 for the dependency org.jetbrains.compose.animation:animation-core:1.12.1
00:08.604 DEBUG :shared:resolveDependenciesJvmTest DependencyFileImpl        Downloaded https://repo1.maven.org/maven2/org/jetbrains/compose/ui/ui-unit/1.12.1/ui-unit-1.12.1.pom for the dependency org.jetbrains.compose.ui:ui-unit:1.12.1
00:08.612 DEBUG :shared:resolveDependenciesJvm DependencyFileImpl        Downloaded https://repo1.maven.org/maven2/org/jetbrains/skiko/skiko/0.150.1/skiko-0.150.1.pom for the dependency org.jetbrains.skiko:skiko:0.150.1
00:08.616 DEBUG :shared:resolveDependenciesJvmTest DependencyFileImpl        Downloaded https://repo1.maven.org/maven2/org/jetbrains/compose/foundation/foundation-layout/1.12.1/foundation-layout-1.12.1.pom for the dependency org.jetbrains.compose.foundation:foundation-layout:1.12.1
00:08.624 DEBUG :shared:resolveDependenciesJvmTest DependencyFileImpl        Downloaded https://repo1.maven.org/maven2/org/jetbrains/compose/ui/ui-text/1.12.1/ui-text-1.12.1.pom for the dependency org.jetbrains.compose.ui:ui-text:1.12.1
00:08.625 DEBUG :shared:resolveDependenciesJvm DependencyFileImpl        Downloaded https://repo1.maven.org/maven2/org/jetbrains/compose/ui/ui-graphics/1.12.1/ui-graphics-1.12.1.pom for the dependency org.jetbrains.compose.ui:ui-graphics:1.12.1
00:08.625 DEBUG :desktopApp:resolveDependenciesJvmTest DependencyFileImpl        Not found URL: https://repo1.maven.org/maven2/androidx/compose/runtime/runtime/1.11.0/runtime-1.11.0.pom.sha512
00:08.636 DEBUG :shared:resolveDependenciesJvmTest DependencyFileImpl        Downloaded https://repo1.maven.org/maven2/org/jetbrains/compose/animation/animation/1.12.1/animation-1.12.1.pom for the dependency org.jetbrains.compose.animation:animation:1.12.1
00:08.652 DEBUG :shared:resolveDependenciesJvmTest DependencyFileImpl        Downloaded https://repo1.maven.org/maven2/org/jetbrains/compose/runtime/runtime-saveable/1.12.1/runtime-saveable-1.12.1.pom for the dependency org.jetbrains.compose.runtime:runtime-saveable:1.12.1
00:08.677 DEBUG :shared:resolveDependenciesJvm DependencyFileImpl        Downloaded https://repo1.maven.org/maven2/org/jetbrains/androidx/lifecycle/lifecycle-runtime/2.11.0/lifecycle-runtime-2.11.0.pom for the dependency org.jetbrains.androidx.lifecycle:lifecycle-runtime:2.11.0
00:08.686 DEBUG :shared:resolveDependenciesJvm DependencyFileImpl        Downloaded https://repo1.maven.org/maven2/org/jetbrains/runtime/jbr-api/1.9.0/jbr-api-1.9.0.pom for the dependency org.jetbrains.runtime:jbr-api:1.9.0
00:08.701 DEBUG :shared:resolveDependenciesJvmTest DependencyFileImpl        Downloaded https://repo1.maven.org/maven2/org/jetbrains/compose/ui/ui-backhandler/1.12.1/ui-backhandler-1.12.1.pom for the dependency org.jetbrains.compose.ui:ui-backhandler:1.12.1
00:08.706 DEBUG :shared:resolveDependenciesJvm DependencyFileImpl        Downloaded https://maven.google.com/androidx/savedstate/savedstate/1.3.3/savedstate-1.3.3.pom for the dependency androidx.savedstate:savedstate:1.3.3
00:08.711 DEBUG :shared:resolveDependenciesJvm DependencyFileImpl        Downloaded https://maven.google.com/androidx/lifecycle/lifecycle-runtime-compose/2.11.0/lifecycle-runtime-compose-2.11.0.pom.sha512 for the dependency androidx.lifecycle:lifecycle-runtime-compose:2.11.0
00:08.743 DEBUG :shared:resolveDependenciesJvmTest DependencyFileImpl        Downloaded https://repo1.maven.org/maven2/org/jetbrains/androidx/navigationevent/navigationevent-compose/1.1.0/navigationevent-compose-1.1.0.pom for the dependency org.jetbrains.androidx.navigationevent:navigationevent-compose:1.1.0
00:08.763 DEBUG :shared:resolveDependenciesJvmTest DependencyFileImpl        Downloaded https://repo1.maven.org/maven2/org/jetbrains/kotlinx/kotlinx-coroutines-core-jvm/1.11.0/kotlinx-coroutines-core-jvm-1.11.0.module.sha512 for the dependency org.jetbrains.kotlinx:kotlinx-coroutines-core-jvm:1.11.0
00:08.766 DEBUG :shared:resolveDependenciesJvm DependencyFileImpl        Downloaded https://repo1.maven.org/maven2/org/jetbrains/compose/ui/ui-geometry/1.12.1/ui-geometry-1.12.1.pom for the dependency org.jetbrains.compose.ui:ui-geometry:1.12.1
00:08.772 DEBUG :shared:resolveDependenciesJvmTest DependencyFileImpl        Downloaded https://maven.google.com/androidx/lifecycle/lifecycle-viewmodel-desktop/2.11.0/lifecycle-viewmodel-desktop-2.11.0.pom.sha512 for the dependency androidx.lifecycle:lifecycle-viewmodel-desktop:2.11.0
00:08.774 DEBUG :desktopApp:resolveDependenciesJvmTest DependencyFileImpl        Downloaded https://repo1.maven.org/maven2/org/jetbrains/compose/material/material-ripple/1.12.1/material-ripple-1.12.1.pom for the dependency org.jetbrains.compose.material:material-ripple:1.12.1
00:08.786 DEBUG :shared:resolveDependenciesJvmTest DependencyFileImpl        Downloaded https://maven.google.com/androidx/lifecycle/lifecycle-viewmodel-savedstate-desktop/2.11.0/lifecycle-viewmodel-savedstate-desktop-2.11.0.pom.sha512 for the dependency androidx.lifecycle:lifecycle-viewmodel-savedstate-desktop:2.11.0
00:08.789 DEBUG :shared:resolveDependenciesJvmTest DependencyFileImpl        Downloaded https://maven.google.com/androidx/lifecycle/lifecycle-common-jvm/2.11.0/lifecycle-common-jvm-2.11.0.pom.sha512 for the dependency androidx.lifecycle:lifecycle-common-jvm:2.11.0
00:08.806 DEBUG :shared:resolveDependenciesJvmTest DependencyFileImpl        Downloaded https://repo1.maven.org/maven2/org/jetbrains/kotlinx/kotlinx-serialization-core/1.7.3/kotlinx-serialization-core-1.7.3.pom for the dependency org.jetbrains.kotlinx:kotlinx-serialization-core:1.7.3
00:08.830 DEBUG :shared:resolveDependenciesJvm DependencyFileImpl        Downloaded https://repo1.maven.org/maven2/org/jetbrains/skiko/skiko/0.150.1/skiko-0.150.1.module.sha512 for the dependency org.jetbrains.skiko:skiko:0.150.1
00:08.830 DEBUG :shared:resolveDependenciesJvmTest DependencyFileImpl        Downloaded https://repo1.maven.org/maven2/org/jetbrains/compose/ui/ui-util/1.12.1/ui-util-1.12.1.module.sha512 for the dependency org.jetbrains.compose.ui:ui-util:1.12.1
00:08.833 DEBUG :desktopApp:resolveDependenciesJvmTest DependencyFileImpl        Downloaded https://repo1.maven.org/maven2/org/jetbrains/compose/animation/animation-core/1.12.1/animation-core-1.12.1.pom for the dependency org.jetbrains.compose.animation:animation-core:1.12.1
00:08.834 DEBUG :shared:resolveDependenciesJvmTest DependencyFileImpl        Downloaded https://maven.google.com/androidx/compose/runtime/runtime-saveable/1.11.0/runtime-saveable-1.11.0.pom.sha512 for the dependency androidx.compose.runtime:runtime-saveable:1.11.0
00:08.837 DEBUG :shared:resolveDependenciesJvmTest DependencyFileImpl        Downloaded https://repo1.maven.org/maven2/org/jetbrains/compose/ui/ui-unit/1.12.1/ui-unit-1.12.1.module.sha512 for the dependency org.jetbrains.compose.ui:ui-unit:1.12.1
00:08.845 DEBUG :shared:resolveDependenciesJvmTest DependencyFileImpl        Downloaded https://maven.google.com/androidx/compose/runtime/runtime-retain/1.12.1/runtime-retain-1.12.1.pom.sha512 for the dependency androidx.compose.runtime:runtime-retain:1.12.1
00:08.850 DEBUG :shared:resolveDependenciesJvmTest DependencyFileImpl        Downloaded https://repo1.maven.org/maven2/org/jetbrains/compose/ui/ui-text/1.12.1/ui-text-1.12.1.module.sha512 for the dependency org.jetbrains.compose.ui:ui-text:1.12.1
00:08.851 DEBUG :shared:resolveDependenciesJvmTest DependencyFileImpl        Downloaded https://repo1.maven.org/maven2/org/jetbrains/compose/foundation/foundation-layout/1.12.1/foundation-layout-1.12.1.module.sha512 for the dependency org.jetbrains.compose.foundation:foundation-layout:1.12.1
00:08.872 DEBUG :shared:resolveDependenciesJvmTest DependencyFileImpl        Downloaded https://maven.google.com/androidx/savedstate/savedstate-compose/1.4.0/savedstate-compose-1.4.0.pom.sha512 for the dependency androidx.savedstate:savedstate-compose:1.4.0
00:08.890 DEBUG :shared:resolveDependenciesJvm DependencyFileImpl        Downloaded https://repo1.maven.org/maven2/org/jetbrains/androidx/lifecycle/lifecycle-runtime/2.11.0/lifecycle-runtime-2.11.0.module.sha512 for the dependency org.jetbrains.androidx.lifecycle:lifecycle-runtime:2.11.0
00:08.890 DEBUG :shared:resolveDependenciesJvmTest DependencyFileImpl        Downloaded https://repo1.maven.org/maven2/org/jetbrains/compose/runtime/runtime-saveable/1.12.1/runtime-saveable-1.12.1.module.sha512 for the dependency org.jetbrains.compose.runtime:runtime-saveable:1.12.1
00:08.894 DEBUG :shared:resolveDependenciesJvm DependencyFileImpl        Downloaded https://repo1.maven.org/maven2/org/jetbrains/compose/ui/ui-graphics/1.12.1/ui-graphics-1.12.1.module.sha512 for the dependency org.jetbrains.compose.ui:ui-graphics:1.12.1
00:08.897 DEBUG :shared:resolveDependenciesJvmTest DependencyFileImpl        Downloaded https://repo1.maven.org/maven2/org/jetbrains/compose/animation/animation/1.12.1/animation-1.12.1.module.sha512 for the dependency org.jetbrains.compose.animation:animation:1.12.1
00:08.908 DEBUG :shared:resolveDependenciesJvmTest DependencyFileImpl        Downloaded https://repo1.maven.org/maven2/org/jetbrains/compose/ui/ui-backhandler/1.12.1/ui-backhandler-1.12.1.module.sha512 for the dependency org.jetbrains.compose.ui:ui-backhandler:1.12.1
00:08.908 DEBUG :shared:resolveDependenciesJvmTest DependencyFileImpl        Downloaded https://repo1.maven.org/maven2/org/jetbrains/androidx/navigationevent/navigationevent-compose/1.1.0/navigationevent-compose-1.1.0.module.sha512 for the dependency org.jetbrains.androidx.navigationevent:navigationevent-compose:1.1.0
00:08.932 DEBUG :shared:resolveDependenciesJvmTest DependencyFileImpl        Downloaded https://repo1.maven.org/maven2/org/jetbrains/kotlinx/kotlinx-coroutines-core-jvm/1.11.0/kotlinx-coroutines-core-jvm-1.11.0.module for the dependency org.jetbrains.kotlinx:kotlinx-coroutines-core-jvm:1.11.0
00:08.948 DEBUG :shared:resolveDependenciesJvm DependencyFileImpl        Downloaded https://repo1.maven.org/maven2/org/jetbrains/compose/ui/ui-geometry/1.12.1/ui-geometry-1.12.1.module.sha512 for the dependency org.jetbrains.compose.ui:ui-geometry:1.12.1
00:08.958 DEBUG :desktopApp:resolveDependenciesJvmTest DependencyFileImpl        Downloaded https://repo1.maven.org/maven2/org/jetbrains/compose/material/material-ripple/1.12.1/material-ripple-1.12.1.module.sha512 for the dependency org.jetbrains.compose.material:material-ripple:1.12.1
00:08.984 DEBUG :shared:resolveDependenciesJvmTest DependencyFileImpl        Downloaded https://repo1.maven.org/maven2/org/jetbrains/kotlinx/kotlinx-serialization-core/1.7.3/kotlinx-serialization-core-1.7.3.module.sha512 for the dependency org.jetbrains.kotlinx:kotlinx-serialization-core:1.7.3
00:08.993 DEBUG :shared:resolveDependenciesJvmTest DependencyFileImpl        Downloaded https://repo1.maven.org/maven2/org/jetbrains/compose/ui/ui-util/1.12.1/ui-util-1.12.1.module for the dependency org.jetbrains.compose.ui:ui-util:1.12.1
00:09.010 DEBUG :shared:resolveDependenciesJvm DependencyFileImpl        Downloaded https://repo1.maven.org/maven2/org/jetbrains/skiko/skiko/0.150.1/skiko-0.150.1.module for the dependency org.jetbrains.skiko:skiko:0.150.1
00:09.021 DEBUG :desktopApp:resolveDependenciesJvmTest DependencyFileImpl        Downloaded https://repo1.maven.org/maven2/org/jetbrains/compose/animation/animation-core/1.12.1/animation-core-1.12.1.module.sha512 for the dependency org.jetbrains.compose.animation:animation-core:1.12.1
00:09.037 DEBUG :shared:resolveDependenciesJvmTest DependencyFileImpl        Downloaded https://maven.google.com/androidx/lifecycle/lifecycle-viewmodel-savedstate-desktop/2.11.0/lifecycle-viewmodel-savedstate-desktop-2.11.0.pom for the dependency androidx.lifecycle:lifecycle-viewmodel-savedstate-desktop:2.11.0
00:09.046 DEBUG :desktopApp:resolveDependenciesJvmTest DependencyFileImpl        Downloaded https://maven.google.com/androidx/compose/runtime/runtime/1.11.0/runtime-1.11.0.pom.sha512 for the dependency androidx.compose.runtime:runtime:1.11.0
00:09.048 DEBUG :shared:resolveDependenciesJvm DependencyFileImpl        Downloaded https://maven.google.com/androidx/lifecycle/lifecycle-runtime-compose/2.11.0/lifecycle-runtime-compose-2.11.0.pom for the dependency androidx.lifecycle:lifecycle-runtime-compose:2.11.0
00:09.054 DEBUG :shared:resolveDependenciesJvmTest DependencyFileImpl        Downloaded https://repo1.maven.org/maven2/org/jetbrains/compose/ui/ui-unit/1.12.1/ui-unit-1.12.1.module for the dependency org.jetbrains.compose.ui:ui-unit:1.12.1
00:09.068 DEBUG :shared:resolveDependenciesJvmTest DependencyFileImpl        Downloaded https://maven.google.com/androidx/lifecycle/lifecycle-viewmodel-desktop/2.11.0/lifecycle-viewmodel-desktop-2.11.0.pom for the dependency androidx.lifecycle:lifecycle-viewmodel-desktop:2.11.0
00:09.076 DEBUG :shared:resolveDependenciesJvmTest DependencyFileImpl        Downloaded https://maven.google.com/androidx/lifecycle/lifecycle-common-jvm/2.11.0/lifecycle-common-jvm-2.11.0.pom for the dependency androidx.lifecycle:lifecycle-common-jvm:2.11.0
00:09.084 DEBUG :shared:resolveDependenciesJvmTest DependencyFileImpl        Downloaded https://repo1.maven.org/maven2/org/jetbrains/compose/ui/ui-text/1.12.1/ui-text-1.12.1.module for the dependency org.jetbrains.compose.ui:ui-text:1.12.1
00:09.102 DEBUG :shared:resolveDependenciesJvmTest DependencyFileImpl        Downloaded https://repo1.maven.org/maven2/org/jetbrains/compose/foundation/foundation-layout/1.12.1/foundation-layout-1.12.1.module for the dependency org.jetbrains.compose.foundation:foundation-layout:1.12.1
00:09.106 DEBUG :shared:resolveDependenciesJvm DependencyFileImpl        Downloaded https://repo1.maven.org/maven2/org/jetbrains/androidx/lifecycle/lifecycle-runtime/2.11.0/lifecycle-runtime-2.11.0.module for the dependency org.jetbrains.androidx.lifecycle:lifecycle-runtime:2.11.0
00:09.112 DEBUG :shared:resolveDependenciesJvmTest DependencyFileImpl        Downloaded https://repo1.maven.org/maven2/org/jetbrains/compose/runtime/runtime-saveable/1.12.1/runtime-saveable-1.12.1.module for the dependency org.jetbrains.compose.runtime:runtime-saveable:1.12.1
00:09.114 DEBUG :shared:resolveDependenciesJvmTest DependencyFileImpl        Downloaded https://maven.google.com/androidx/compose/runtime/runtime-saveable/1.11.0/runtime-saveable-1.11.0.pom for the dependency androidx.compose.runtime:runtime-saveable:1.11.0
00:09.126 DEBUG :shared:resolveDependenciesJvm DependencyFileImpl        Downloaded https://repo1.maven.org/maven2/org/jetbrains/compose/ui/ui-graphics/1.12.1/ui-graphics-1.12.1.module for the dependency org.jetbrains.compose.ui:ui-graphics:1.12.1
00:09.142 DEBUG :shared:resolveDependenciesJvmTest DependencyFileImpl        Downloaded https://repo1.maven.org/maven2/org/jetbrains/compose/animation/animation/1.12.1/animation-1.12.1.module for the dependency org.jetbrains.compose.animation:animation:1.12.1
00:09.146 DEBUG :shared:resolveDependenciesJvmTest DependencyFileImpl        Downloaded https://repo1.maven.org/maven2/org/jetbrains/compose/ui/ui-backhandler/1.12.1/ui-backhandler-1.12.1.module for the dependency org.jetbrains.compose.ui:ui-backhandler:1.12.1
00:09.163 DEBUG :shared:resolveDependenciesJvmTest DependencyFileImpl        Downloaded https://maven.google.com/androidx/compose/runtime/runtime-retain/1.12.1/runtime-retain-1.12.1.pom for the dependency androidx.compose.runtime:runtime-retain:1.12.1
00:09.173 DEBUG :shared:resolveDependenciesJvmTest DependencyFileImpl        Downloaded https://repo1.maven.org/maven2/org/jetbrains/androidx/navigationevent/navigationevent-compose/1.1.0/navigationevent-compose-1.1.0.module for the dependency org.jetbrains.androidx.navigationevent:navigationevent-compose:1.1.0
00:09.175 DEBUG :shared:resolveDependenciesJvm DependencyFileImpl        Downloaded https://repo1.maven.org/maven2/org/jetbrains/compose/ui/ui-geometry/1.12.1/ui-geometry-1.12.1.module for the dependency org.jetbrains.compose.ui:ui-geometry:1.12.1
00:09.177 DEBUG :desktopApp:resolveDependenciesJvmTest DependencyFileImpl        Downloaded https://repo1.maven.org/maven2/org/jetbrains/compose/material/material-ripple/1.12.1/material-ripple-1.12.1.module for the dependency org.jetbrains.compose.material:material-ripple:1.12.1
00:09.181 DEBUG :shared:resolveDependenciesJvmTest DependencyFileImpl        Downloaded https://repo1.maven.org/maven2/org/jetbrains/kotlinx/kotlinx-serialization-core/1.7.3/kotlinx-serialization-core-1.7.3.module for the dependency org.jetbrains.kotlinx:kotlinx-serialization-core:1.7.3
00:09.182 DEBUG :shared:resolveDependenciesJvmTest DependencyFileImpl        Downloaded https://maven.google.com/androidx/savedstate/savedstate-compose/1.4.0/savedstate-compose-1.4.0.pom for the dependency androidx.savedstate:savedstate-compose:1.4.0
00:09.185 DEBUG :desktopApp:resolveDependenciesJvmTest DependencyFileImpl        Downloaded https://repo1.maven.org/maven2/org/jetbrains/compose/animation/animation-core/1.12.1/animation-core-1.12.1.module for the dependency org.jetbrains.compose.animation:animation-core:1.12.1
00:09.188 DEBUG :shared:resolveDependenciesJvm DependencyFileImpl        Downloaded https://maven.google.com/androidx/savedstate/savedstate/1.3.3/savedstate-1.3.3.module.sha512 for the dependency androidx.savedstate:savedstate:1.3.3
00:09.240 DEBUG :shared:resolveDependenciesJvmTest DependencyFileImpl        Downloaded https://repo1.maven.org/maven2/org/jetbrains/compose/ui/ui-unit-desktop/1.12.1/ui-unit-desktop-1.12.1.pom.sha512 for the dependency org.jetbrains.compose.ui:ui-unit-desktop:1.12.1
00:09.248 DEBUG :shared:resolveDependenciesJvm DependencyFileImpl        Downloaded https://repo1.maven.org/maven2/org/jetbrains/androidx/lifecycle/lifecycle-runtime-desktop/2.11.0/lifecycle-runtime-desktop-2.11.0.pom.sha512 for the dependency org.jetbrains.androidx.lifecycle:lifecycle-runtime-desktop:2.11.0
00:09.248 DEBUG :shared:resolveDependenciesJvmTest DependencyFileImpl        Downloaded https://repo1.maven.org/maven2/org/jetbrains/compose/foundation/foundation-layout-desktop/1.12.1/foundation-layout-desktop-1.12.1.pom.sha512 for the dependency org.jetbrains.compose.foundation:foundation-layout-desktop:1.12.1
00:09.249 DEBUG :shared:resolveDependenciesJvmTest DependencyFileImpl        Downloaded https://repo1.maven.org/maven2/org/jetbrains/compose/ui/ui-text-desktop/1.12.1/ui-text-desktop-1.12.1.pom.sha512 for the dependency org.jetbrains.compose.ui:ui-text-desktop:1.12.1
00:09.253 DEBUG :shared:resolveDependenciesJvmTest DependencyFileImpl        Downloaded https://repo1.maven.org/maven2/org/jetbrains/compose/runtime/runtime-saveable-desktop/1.12.1/runtime-saveable-desktop-1.12.1.pom.sha512 for the dependency org.jetbrains.compose.runtime:runtime-saveable-desktop:1.12.1
00:09.313 DEBUG :shared:resolveDependenciesJvm DependencyFileImpl        Downloaded https://repo1.maven.org/maven2/org/jetbrains/compose/ui/ui-graphics-desktop/1.12.1/ui-graphics-desktop-1.12.1.pom.sha512 for the dependency org.jetbrains.compose.ui:ui-graphics-desktop:1.12.1
00:09.318 DEBUG :shared:resolveDependenciesJvm DependencyFileImpl        Downloaded https://repo1.maven.org/maven2/org/jetbrains/compose/animation/animation-desktop/1.12.1/animation-desktop-1.12.1.pom.sha512 for the dependency org.jetbrains.compose.animation:animation-desktop:1.12.1
00:09.318 DEBUG :shared:resolveDependenciesJvmTest DependencyFileImpl        Downloaded https://repo1.maven.org/maven2/org/jetbrains/androidx/navigationevent/navigationevent-compose-desktop/1.1.0/navigationevent-compose-desktop-1.1.0.pom.sha512 for the dependency org.jetbrains.androidx.navigationevent:navigationevent-compose-desktop:1.1.0
00:09.342 DEBUG :shared:resolveDependenciesJvmTest DependencyFileImpl        Downloaded https://maven.google.com/androidx/lifecycle/lifecycle-common-jvm/2.11.0/lifecycle-common-jvm-2.11.0.module.sha512 for the dependency androidx.lifecycle:lifecycle-common-jvm:2.11.0
00:09.377 DEBUG :shared:resolveDependenciesJvm DependencyFileImpl        Downloaded https://maven.google.com/androidx/lifecycle/lifecycle-runtime-compose/2.11.0/lifecycle-runtime-compose-2.11.0.module.sha512 for the dependency androidx.lifecycle:lifecycle-runtime-compose:2.11.0
00:09.381 DEBUG :shared:resolveDependenciesJvmTest DependencyFileImpl        Downloaded https://repo1.maven.org/maven2/org/jetbrains/compose/ui/ui-backhandler-desktop/1.12.1/ui-backhandler-desktop-1.12.1.pom.sha512 for the dependency org.jetbrains.compose.ui:ui-backhandler-desktop:1.12.1
00:09.396 DEBUG :shared:resolveDependenciesJvmTest DependencyFileImpl        Downloaded https://maven.google.com/androidx/lifecycle/lifecycle-viewmodel-desktop/2.11.0/lifecycle-viewmodel-desktop-2.11.0.module.sha512 for the dependency androidx.lifecycle:lifecycle-viewmodel-desktop:2.11.0
00:09.398 DEBUG :desktopApp:resolveDependenciesJvmTest DependencyFileImpl        Downloaded https://repo1.maven.org/maven2/org/jetbrains/compose/material/material-ripple-desktop/1.12.1/material-ripple-desktop-1.12.1.pom.sha512 for the dependency org.jetbrains.compose.material:material-ripple-desktop:1.12.1
00:09.401 DEBUG :desktopApp:resolveDependenciesJvmTest DependencyFileImpl        Downloaded https://maven.google.com/androidx/compose/runtime/runtime/1.11.0/runtime-1.11.0.pom for the dependency androidx.compose.runtime:runtime:1.11.0
00:09.401 DEBUG :shared:resolveDependenciesJvm DependencyFileImpl        Downloaded https://repo1.maven.org/maven2/org/jetbrains/compose/ui/ui-geometry-desktop/1.12.1/ui-geometry-desktop-1.12.1.pom.sha512 for the dependency org.jetbrains.compose.ui:ui-geometry-desktop:1.12.1
00:09.424 DEBUG :shared:resolveDependenciesJvmTest DependencyFileImpl        Downloaded https://maven.google.com/androidx/lifecycle/lifecycle-viewmodel-savedstate-desktop/2.11.0/lifecycle-viewmodel-savedstate-desktop-2.11.0.module.sha512 for the dependency androidx.lifecycle:lifecycle-viewmodel-savedstate-desktop:2.11.0
00:09.436 DEBUG :shared:resolveDependenciesJvmTest DependencyFileImpl        Downloaded https://repo1.maven.org/maven2/org/jetbrains/kotlinx/kotlinx-serialization-core-jvm/1.7.3/kotlinx-serialization-core-jvm-1.7.3.pom.sha512 for the dependency org.jetbrains.kotlinx:kotlinx-serialization-core-jvm:1.7.3
00:09.436 DEBUG :desktopApp:resolveDependenciesJvmTest DependencyFileImpl        Downloaded https://repo1.maven.org/maven2/org/jetbrains/compose/animation/animation-core-desktop/1.12.1/animation-core-desktop-1.12.1.pom.sha512 for the dependency org.jetbrains.compose.animation:animation-core-desktop:1.12.1
00:09.449 DEBUG :shared:resolveDependenciesJvmTest DependencyFileImpl        Downloaded https://maven.google.com/androidx/compose/runtime/runtime-saveable/1.11.0/runtime-saveable-1.11.0.module.sha512 for the dependency androidx.compose.runtime:runtime-saveable:1.11.0
00:09.463 DEBUG :shared:resolveDependenciesJvmTest DependencyFileImpl        Downloaded https://repo1.maven.org/maven2/org/jetbrains/compose/foundation/foundation-layout-desktop/1.12.1/foundation-layout-desktop-1.12.1.pom for the dependency org.jetbrains.compose.foundation:foundation-layout-desktop:1.12.1
00:09.465 DEBUG :shared:resolveDependenciesJvmTest DependencyFileImpl        Downloaded https://repo1.maven.org/maven2/org/jetbrains/compose/ui/ui-unit-desktop/1.12.1/ui-unit-desktop-1.12.1.pom for the dependency org.jetbrains.compose.ui:ui-unit-desktop:1.12.1
00:09.476 DEBUG :shared:resolveDependenciesJvmTest DependencyFileImpl        Downloaded https://maven.google.com/androidx/compose/runtime/runtime-retain/1.12.1/runtime-retain-1.12.1.module.sha512 for the dependency androidx.compose.runtime:runtime-retain:1.12.1
00:09.486 DEBUG :shared:resolveDependenciesJvmTest DependencyFileImpl        Downloaded https://repo1.maven.org/maven2/org/jetbrains/compose/ui/ui-text-desktop/1.12.1/ui-text-desktop-1.12.1.pom for the dependency org.jetbrains.compose.ui:ui-text-desktop:1.12.1
00:09.486 DEBUG :shared:resolveDependenciesJvm DependencyFileImpl        Downloaded https://repo1.maven.org/maven2/org/jetbrains/androidx/lifecycle/lifecycle-runtime-desktop/2.11.0/lifecycle-runtime-desktop-2.11.0.pom for the dependency org.jetbrains.androidx.lifecycle:lifecycle-runtime-desktop:2.11.0
00:09.496 DEBUG :shared:resolveDependenciesJvmTest DependencyFileImpl        Downloaded https://repo1.maven.org/maven2/org/jetbrains/compose/runtime/runtime-saveable-desktop/1.12.1/runtime-saveable-desktop-1.12.1.pom for the dependency org.jetbrains.compose.runtime:runtime-saveable-desktop:1.12.1
00:09.499 DEBUG :shared:resolveDependenciesJvm DependencyFileImpl        Downloaded https://repo1.maven.org/maven2/org/jetbrains/compose/ui/ui-graphics-desktop/1.12.1/ui-graphics-desktop-1.12.1.pom for the dependency org.jetbrains.compose.ui:ui-graphics-desktop:1.12.1
00:09.516 DEBUG :shared:resolveDependenciesJvm DependencyFileImpl        Downloaded https://repo1.maven.org/maven2/org/jetbrains/compose/animation/animation-desktop/1.12.1/animation-desktop-1.12.1.pom for the dependency org.jetbrains.compose.animation:animation-desktop:1.12.1
00:09.539 DEBUG :shared:resolveDependenciesJvmTest DependencyFileImpl        Downloaded https://repo1.maven.org/maven2/org/jetbrains/androidx/navigationevent/navigationevent-compose-desktop/1.1.0/navigationevent-compose-desktop-1.1.0.pom for the dependency org.jetbrains.androidx.navigationevent:navigationevent-compose-desktop:1.1.0
00:09.545 DEBUG :shared:resolveDependenciesJvmTest DependencyFileImpl        Downloaded https://maven.google.com/androidx/savedstate/savedstate-compose/1.4.0/savedstate-compose-1.4.0.module.sha512 for the dependency androidx.savedstate:savedstate-compose:1.4.0
00:09.556 DEBUG :shared:resolveDependenciesJvm DependencyFileImpl        Downloaded https://repo1.maven.org/maven2/org/jetbrains/compose/ui/ui-geometry-desktop/1.12.1/ui-geometry-desktop-1.12.1.pom for the dependency org.jetbrains.compose.ui:ui-geometry-desktop:1.12.1
00:09.557 DEBUG :desktopApp:resolveDependenciesJvmTest DependencyFileImpl        Downloaded https://repo1.maven.org/maven2/org/jetbrains/compose/material/material-ripple-desktop/1.12.1/material-ripple-desktop-1.12.1.pom for the dependency org.jetbrains.compose.material:material-ripple-desktop:1.12.1
00:09.560 DEBUG :shared:resolveDependenciesJvmTest DependencyFileImpl        Downloaded https://repo1.maven.org/maven2/org/jetbrains/compose/ui/ui-backhandler-desktop/1.12.1/ui-backhandler-desktop-1.12.1.pom for the dependency org.jetbrains.compose.ui:ui-backhandler-desktop:1.12.1
00:09.574 DEBUG :shared:resolveDependenciesJvm DependencyFileImpl        Downloaded https://maven.google.com/androidx/savedstate/savedstate/1.3.3/savedstate-1.3.3.module for the dependency androidx.savedstate:savedstate:1.3.3
00:09.583 DEBUG :shared:resolveDependenciesJvmTest DependencyFileImpl        Downloaded https://repo1.maven.org/maven2/org/jetbrains/compose/ui/ui-util-desktop/1.12.1/ui-util-desktop-1.12.1.pom.sha512 for the dependency org.jetbrains.compose.ui:ui-util-desktop:1.12.1
00:09.602 DEBUG :shared:resolveDependenciesJvmTest DependencyFileImpl        Downloaded https://maven.google.com/androidx/lifecycle/lifecycle-common-jvm/2.11.0/lifecycle-common-jvm-2.11.0.module for the dependency androidx.lifecycle:lifecycle-common-jvm:2.11.0
00:09.614 DEBUG :shared:resolveDependenciesJvmTest DependencyFileImpl        Downloaded https://repo1.maven.org/maven2/org/jetbrains/kotlinx/kotlinx-serialization-core-jvm/1.7.3/kotlinx-serialization-core-jvm-1.7.3.pom for the dependency org.jetbrains.kotlinx:kotlinx-serialization-core-jvm:1.7.3
00:09.617 DEBUG :desktopApp:resolveDependenciesJvmTest DependencyFileImpl        Downloaded https://repo1.maven.org/maven2/org/jetbrains/compose/animation/animation-core-desktop/1.12.1/animation-core-desktop-1.12.1.pom for the dependency org.jetbrains.compose.animation:animation-core-desktop:1.12.1
00:09.642 DEBUG :shared:resolveDependenciesJvmTest DependencyFileImpl        Downloaded https://repo1.maven.org/maven2/org/jetbrains/compose/ui/ui-unit-desktop/1.12.1/ui-unit-desktop-1.12.1.module.sha512 for the dependency org.jetbrains.compose.ui:ui-unit-desktop:1.12.1
00:09.663 DEBUG :shared:resolveDependenciesJvm DependencyFileImpl        Downloaded https://maven.google.com/androidx/lifecycle/lifecycle-runtime-compose/2.11.0/lifecycle-runtime-compose-2.11.0.module for the dependency androidx.lifecycle:lifecycle-runtime-compose:2.11.0
00:09.664 DEBUG :shared:resolveDependenciesJvm DependencyFileImpl        Downloaded https://repo1.maven.org/maven2/org/jetbrains/androidx/lifecycle/lifecycle-runtime-desktop/2.11.0/lifecycle-runtime-desktop-2.11.0.module.sha512 for the dependency org.jetbrains.androidx.lifecycle:lifecycle-runtime-desktop:2.11.0
00:09.669 DEBUG :shared:resolveDependenciesJvmTest DependencyFileImpl        Downloaded https://maven.google.com/androidx/lifecycle/lifecycle-viewmodel-desktop/2.11.0/lifecycle-viewmodel-desktop-2.11.0.module for the dependency androidx.lifecycle:lifecycle-viewmodel-desktop:2.11.0
00:09.692 DEBUG :shared:resolveDependenciesJvmTest DependencyFileImpl        Downloaded https://repo1.maven.org/maven2/org/jetbrains/compose/ui/ui-text-desktop/1.12.1/ui-text-desktop-1.12.1.module.sha512 for the dependency org.jetbrains.compose.ui:ui-text-desktop:1.12.1
00:09.695 DEBUG :shared:resolveDependenciesJvmTest DependencyFileImpl        Downloaded https://maven.google.com/androidx/lifecycle/lifecycle-viewmodel-savedstate-desktop/2.11.0/lifecycle-viewmodel-savedstate-desktop-2.11.0.module for the dependency androidx.lifecycle:lifecycle-viewmodel-savedstate-desktop:2.11.0
00:09.700 DEBUG :shared:resolveDependenciesJvmTest DependencyFileImpl        Downloaded https://repo1.maven.org/maven2/org/jetbrains/compose/runtime/runtime-saveable-desktop/1.12.1/runtime-saveable-desktop-1.12.1.module.sha512 for the dependency org.jetbrains.compose.runtime:runtime-saveable-desktop:1.12.1
00:09.701 DEBUG :shared:resolveDependenciesJvm DependencyFileImpl        Downloaded https://repo1.maven.org/maven2/org/jetbrains/compose/animation/animation-desktop/1.12.1/animation-desktop-1.12.1.module.sha512 for the dependency org.jetbrains.compose.animation:animation-desktop:1.12.1
00:09.719 DEBUG :shared:resolveDependenciesJvmTest DependencyFileImpl        Downloaded https://repo1.maven.org/maven2/org/jetbrains/androidx/navigationevent/navigationevent-compose-desktop/1.1.0/navigationevent-compose-desktop-1.1.0.module.sha512 for the dependency org.jetbrains.androidx.navigationevent:navigationevent-compose-desktop:1.1.0
00:09.721 DEBUG :shared:resolveDependenciesJvmTest DependencyFileImpl        Downloaded https://repo1.maven.org/maven2/org/jetbrains/compose/foundation/foundation-layout-desktop/1.12.1/foundation-layout-desktop-1.12.1.module.sha512 for the dependency org.jetbrains.compose.foundation:foundation-layout-desktop:1.12.1
00:09.740 DEBUG :shared:resolveDependenciesJvmTest DependencyFileImpl        Downloaded https://maven.google.com/androidx/compose/runtime/runtime-saveable/1.11.0/runtime-saveable-1.11.0.module for the dependency androidx.compose.runtime:runtime-saveable:1.11.0
00:09.750 DEBUG :shared:resolveDependenciesJvmTest DependencyFileImpl        Downloaded https://maven.google.com/androidx/compose/runtime/runtime-retain/1.12.1/runtime-retain-1.12.1.module for the dependency androidx.compose.runtime:runtime-retain:1.12.1
00:09.757 DEBUG :shared:resolveDependenciesJvm DependencyFileImpl        Downloaded https://repo1.maven.org/maven2/org/jetbrains/compose/ui/ui-geometry-desktop/1.12.1/ui-geometry-desktop-1.12.1.module.sha512 for the dependency org.jetbrains.compose.ui:ui-geometry-desktop:1.12.1
00:09.761 DEBUG :shared:resolveDependenciesJvmTest DependencyFileImpl        Downloaded https://repo1.maven.org/maven2/org/jetbrains/compose/ui/ui-backhandler-desktop/1.12.1/ui-backhandler-desktop-1.12.1.module.sha512 for the dependency org.jetbrains.compose.ui:ui-backhandler-desktop:1.12.1
00:09.765 DEBUG :desktopApp:resolveDependenciesJvmTest DependencyFileImpl        Downloaded https://repo1.maven.org/maven2/org/jetbrains/compose/material/material-ripple-desktop/1.12.1/material-ripple-desktop-1.12.1.module.sha512 for the dependency org.jetbrains.compose.material:material-ripple-desktop:1.12.1
00:09.766 DEBUG :shared:resolveDependenciesJvmTest DependencyFileImpl        Downloaded https://repo1.maven.org/maven2/org/jetbrains/compose/ui/ui-util-desktop/1.12.1/ui-util-desktop-1.12.1.pom for the dependency org.jetbrains.compose.ui:ui-util-desktop:1.12.1
00:09.778 DEBUG :desktopApp:resolveDependenciesJvmTest DependencyFileImpl        Downloaded https://maven.google.com/androidx/compose/runtime/runtime/1.11.0/runtime-1.11.0.module.sha512 for the dependency androidx.compose.runtime:runtime:1.11.0
00:09.782 DEBUG :desktopApp:resolveDependenciesJvm DependencyFileImpl        Downloaded https://repo1.maven.org/maven2/org/jspecify/jspecify/1.0.0/jspecify-1.0.0.pom.sha512 for the dependency org.jspecify:jspecify:1.0.0
00:09.792 DEBUG :shared:resolveDependenciesJvmTest DependencyFileImpl        Downloaded https://repo1.maven.org/maven2/org/jetbrains/kotlinx/kotlinx-serialization-core-jvm/1.7.3/kotlinx-serialization-core-jvm-1.7.3.module.sha512 for the dependency org.jetbrains.kotlinx:kotlinx-serialization-core-jvm:1.7.3
00:09.795 DEBUG :shared:resolveDependenciesJvm DependencyFileImpl        Downloaded https://repo1.maven.org/maven2/org/jetbrains/compose/ui/ui-graphics-desktop/1.12.1/ui-graphics-desktop-1.12.1.module.sha512 for the dependency org.jetbrains.compose.ui:ui-graphics-desktop:1.12.1
00:09.802 DEBUG :desktopApp:resolveDependenciesJvmTest DependencyFileImpl        Downloaded https://repo1.maven.org/maven2/org/jetbrains/compose/animation/animation-core-desktop/1.12.1/animation-core-desktop-1.12.1.module.sha512 for the dependency org.jetbrains.compose.animation:animation-core-desktop:1.12.1
00:09.817 DEBUG :shared:resolveDependenciesJvmTest DependencyFileImpl        Downloaded https://maven.google.com/androidx/savedstate/savedstate-compose/1.4.0/savedstate-compose-1.4.0.module for the dependency androidx.savedstate:savedstate-compose:1.4.0
00:09.819 DEBUG :shared:resolveDependenciesJvmTest DependencyFileImpl        Downloaded https://repo1.maven.org/maven2/org/jetbrains/compose/ui/ui-unit-desktop/1.12.1/ui-unit-desktop-1.12.1.module for the dependency org.jetbrains.compose.ui:ui-unit-desktop:1.12.1
00:09.826 DEBUG :shared:resolveDependenciesJvm DependencyFileImpl        Downloaded https://repo1.maven.org/maven2/org/jetbrains/androidx/lifecycle/lifecycle-runtime-desktop/2.11.0/lifecycle-runtime-desktop-2.11.0.module for the dependency org.jetbrains.androidx.lifecycle:lifecycle-runtime-desktop:2.11.0
00:09.831 DEBUG :shared:resolveDependenciesJvmTest DependencyFileImpl        Downloaded https://repo1.maven.org/maven2/org/jetbrains/compose/ui/ui-text-desktop/1.12.1/ui-text-desktop-1.12.1.module for the dependency org.jetbrains.compose.ui:ui-text-desktop:1.12.1
00:09.831 DEBUG :shared:resolveDependenciesJvmTest DependencyFileImpl        Not found URL: https://repo1.maven.org/maven2/androidx/lifecycle/lifecycle-runtime-compose-desktop/2.11.0/lifecycle-runtime-compose-desktop-2.11.0.pom.sha512
00:09.843 DEBUG :shared:resolveDependenciesJvmTest DependencyFileImpl        Downloaded https://repo1.maven.org/maven2/org/jetbrains/compose/runtime/runtime-saveable-desktop/1.12.1/runtime-saveable-desktop-1.12.1.module for the dependency org.jetbrains.compose.runtime:runtime-saveable-desktop:1.12.1
00:09.845 DEBUG :shared:resolveDependenciesJvm DependencyFileImpl        Downloaded https://repo1.maven.org/maven2/org/jetbrains/compose/animation/animation-desktop/1.12.1/animation-desktop-1.12.1.module for the dependency org.jetbrains.compose.animation:animation-desktop:1.12.1
00:09.855 DEBUG :shared:resolveDependenciesJvmTest DependencyFileImpl        Downloaded https://repo1.maven.org/maven2/org/jetbrains/compose/foundation/foundation-layout-desktop/1.12.1/foundation-layout-desktop-1.12.1.module for the dependency org.jetbrains.compose.foundation:foundation-layout-desktop:1.12.1
00:09.870 DEBUG :shared:resolveDependenciesJvmTest DependencyFileImpl        Downloaded https://repo1.maven.org/maven2/org/jetbrains/androidx/navigationevent/navigationevent-compose-desktop/1.1.0/navigationevent-compose-desktop-1.1.0.module for the dependency org.jetbrains.androidx.navigationevent:navigationevent-compose-desktop:1.1.0
00:09.885 DEBUG :shared:resolveDependenciesJvm DependencyFileImpl        Downloaded https://repo1.maven.org/maven2/org/jetbrains/compose/ui/ui-geometry-desktop/1.12.1/ui-geometry-desktop-1.12.1.module for the dependency org.jetbrains.compose.ui:ui-geometry-desktop:1.12.1
00:09.889 DEBUG :shared:resolveDependenciesJvmTest DependencyFileImpl        Downloaded https://repo1.maven.org/maven2/org/jetbrains/compose/ui/ui-backhandler-desktop/1.12.1/ui-backhandler-desktop-1.12.1.module for the dependency org.jetbrains.compose.ui:ui-backhandler-desktop:1.12.1
00:09.889 DEBUG :shared:resolveDependenciesJvmTest DependencyFileImpl        Not found URL: https://repo1.maven.org/maven2/androidx/compose/runtime/runtime-retain-desktop/1.12.1/runtime-retain-desktop-1.12.1.pom.sha512
00:09.902 DEBUG :desktopApp:resolveDependenciesJvm DependencyFileImpl        Downloaded https://repo1.maven.org/maven2/org/jspecify/jspecify/1.0.0/jspecify-1.0.0.pom for the dependency org.jspecify:jspecify:1.0.0
00:09.906 DEBUG :shared:resolveDependenciesJvmTest DependencyFileImpl        Downloaded https://repo1.maven.org/maven2/org/jetbrains/kotlinx/kotlinx-serialization-core-jvm/1.7.3/kotlinx-serialization-core-jvm-1.7.3.module for the dependency org.jetbrains.kotlinx:kotlinx-serialization-core-jvm:1.7.3
00:09.908 DEBUG :shared:resolveDependenciesJvm DependencyFileImpl        Downloaded https://repo1.maven.org/maven2/org/jetbrains/compose/ui/ui-graphics-desktop/1.12.1/ui-graphics-desktop-1.12.1.module for the dependency org.jetbrains.compose.ui:ui-graphics-desktop:1.12.1
00:09.909 DEBUG :desktopApp:resolveDependenciesJvmTest DependencyFileImpl        Downloaded https://repo1.maven.org/maven2/org/jetbrains/compose/material/material-ripple-desktop/1.12.1/material-ripple-desktop-1.12.1.module for the dependency org.jetbrains.compose.material:material-ripple-desktop:1.12.1
00:09.934 DEBUG :desktopApp:resolveDependenciesJvmTest DependencyFileImpl        Downloaded https://repo1.maven.org/maven2/org/jetbrains/compose/animation/animation-core-desktop/1.12.1/animation-core-desktop-1.12.1.module for the dependency org.jetbrains.compose.animation:animation-core-desktop:1.12.1
00:09.935 DEBUG :shared:resolveDependenciesJvmTest DependencyFileImpl        Not found URL: https://repo1.maven.org/maven2/androidx/savedstate/savedstate-compose-desktop/1.4.0/savedstate-compose-desktop-1.4.0.pom.sha512
00:09.948 DEBUG :shared:resolveDependenciesJvm DependencyFileImpl        Not found URL: https://repo1.maven.org/maven2/androidx/lifecycle/lifecycle-runtime/2.11.0/lifecycle-runtime-2.11.0.pom.sha512
00:09.948 DEBUG :shared:resolveDependenciesJvm DependencyFileImpl        Downloaded https://repo1.maven.org/maven2/org/jetbrains/androidx/savedstate/savedstate-compose/1.3.6/savedstate-compose-1.3.6.pom.sha512 for the dependency org.jetbrains.androidx.savedstate:savedstate-compose:1.3.6
00:09.968 DEBUG :shared:resolveDependenciesJvmTest DependencyFileImpl        Not found URL: https://repo1.maven.org/maven2/androidx/navigationevent/navigationevent-compose/1.1.1/navigationevent-compose-1.1.1.pom.sha512
00:09.970 DEBUG :desktopApp:resolveDependenciesJvm DependencyFileImpl        Downloaded https://repo1.maven.org/maven2/org/jspecify/jspecify/1.0.0/jspecify-1.0.0.module.sha512 for the dependency org.jspecify:jspecify:1.0.0
00:09.976 DEBUG :shared:resolveDependenciesJvmTest DependencyFileImpl        Downloaded https://repo1.maven.org/maven2/org/jetbrains/kotlinx/kotlinx-serialization-bom/1.7.3/kotlinx-serialization-bom-1.7.3.pom.sha512 for the dependency org.jetbrains.kotlinx:kotlinx-serialization-bom:1.7.3
00:09.992 DEBUG :desktopApp:resolveDependenciesJvmTest DependencyFileImpl        Downloaded https://maven.google.com/androidx/compose/runtime/runtime/1.11.0/runtime-1.11.0.module for the dependency androidx.compose.runtime:runtime:1.11.0
00:10.021 DEBUG :shared:resolveDependenciesJvm DependencyFileImpl        Downloaded https://repo1.maven.org/maven2/org/jetbrains/androidx/savedstate/savedstate-compose/1.3.6/savedstate-compose-1.3.6.pom for the dependency org.jetbrains.androidx.savedstate:savedstate-compose:1.3.6
00:10.028 DEBUG :desktopApp:resolveDependenciesJvm DependencyFileImpl        Downloaded https://repo1.maven.org/maven2/org/jspecify/jspecify/1.0.0/jspecify-1.0.0.module for the dependency org.jspecify:jspecify:1.0.0
00:10.037 DEBUG :shared:resolveDependenciesJvmTest DependencyFileImpl        Downloaded https://repo1.maven.org/maven2/org/jetbrains/kotlinx/kotlinx-serialization-bom/1.7.3/kotlinx-serialization-bom-1.7.3.pom for the dependency org.jetbrains.kotlinx:kotlinx-serialization-bom:1.7.3
00:10.058 DEBUG :shared:resolveDependenciesJvmTest DependencyFileImpl        Downloaded https://repo1.maven.org/maven2/org/jetbrains/compose/ui/ui-util-desktop/1.12.1/ui-util-desktop-1.12.1.module.sha512 for the dependency org.jetbrains.compose.ui:ui-util-desktop:1.12.1
00:10.072 DEBUG :shared:resolveDependenciesJvmTest DependencyFileImpl        Downloaded https://maven.google.com/androidx/lifecycle/lifecycle-runtime-compose-desktop/2.11.0/lifecycle-runtime-compose-desktop-2.11.0.pom.sha512 for the dependency androidx.lifecycle:lifecycle-runtime-compose-desktop:2.11.0
00:10.076 DEBUG :shared:resolveDependenciesJvm DependencyFileImpl        Downloaded https://repo1.maven.org/maven2/org/jetbrains/androidx/savedstate/savedstate-compose/1.3.6/savedstate-compose-1.3.6.module.sha512 for the dependency org.jetbrains.androidx.savedstate:savedstate-compose:1.3.6
00:10.123 DEBUG :shared:resolveDependenciesJvmTest DependencyFileImpl        Downloaded https://maven.google.com/androidx/savedstate/savedstate-compose-desktop/1.4.0/savedstate-compose-desktop-1.4.0.pom.sha512 for the dependency androidx.savedstate:savedstate-compose-desktop:1.4.0
00:10.123 DEBUG :shared:resolveDependenciesJvmTest DependencyFileImpl        Downloaded https://repo1.maven.org/maven2/org/jetbrains/compose/ui/ui-util-desktop/1.12.1/ui-util-desktop-1.12.1.module for the dependency org.jetbrains.compose.ui:ui-util-desktop:1.12.1
00:10.136 DEBUG :shared:resolveDependenciesJvmTest DependencyFileImpl        Downloaded https://maven.google.com/androidx/compose/runtime/runtime-retain-desktop/1.12.1/runtime-retain-desktop-1.12.1.pom.sha512 for the dependency androidx.compose.runtime:runtime-retain-desktop:1.12.1
00:10.138 DEBUG :shared:resolveDependenciesJvm DependencyFileImpl        Downloaded https://repo1.maven.org/maven2/org/jetbrains/androidx/savedstate/savedstate-compose/1.3.6/savedstate-compose-1.3.6.module for the dependency org.jetbrains.androidx.savedstate:savedstate-compose:1.3.6
00:10.142 DEBUG :desktopApp:resolveDependenciesJvmTest DependencyFileImpl        Not found URL: https://repo1.maven.org/maven2/androidx/compose/runtime/runtime-desktop/1.11.0/runtime-desktop-1.11.0.pom.sha512
00:10.163 DEBUG :shared:resolveDependenciesJvm DependencyFileImpl        Downloaded https://maven.google.com/androidx/lifecycle/lifecycle-runtime/2.11.0/lifecycle-runtime-2.11.0.pom.sha512 for the dependency androidx.lifecycle:lifecycle-runtime:2.11.0
00:10.211 DEBUG :shared:resolveDependenciesJvm DependencyFileImpl        Downloaded https://repo1.maven.org/maven2/org/jetbrains/androidx/savedstate/savedstate-compose-desktop/1.3.6/savedstate-compose-desktop-1.3.6.pom.sha512 for the dependency org.jetbrains.androidx.savedstate:savedstate-compose-desktop:1.3.6
00:10.212 DEBUG :shared:resolveDependenciesJvmTest DependencyFileImpl        Downloaded https://maven.google.com/androidx/navigationevent/navigationevent-compose/1.1.1/navigationevent-compose-1.1.1.pom.sha512 for the dependency androidx.navigationevent:navigationevent-compose:1.1.1
00:10.214 DEBUG :shared:resolveDependenciesJvmTest DependencyFileImpl        Downloaded https://maven.google.com/androidx/lifecycle/lifecycle-runtime-compose-desktop/2.11.0/lifecycle-runtime-compose-desktop-2.11.0.pom for the dependency androidx.lifecycle:lifecycle-runtime-compose-desktop:2.11.0
00:10.269 DEBUG :shared:resolveDependenciesJvmTest DependencyFileImpl        Downloaded https://maven.google.com/androidx/savedstate/savedstate-compose-desktop/1.4.0/savedstate-compose-desktop-1.4.0.pom for the dependency androidx.savedstate:savedstate-compose-desktop:1.4.0
00:10.271 DEBUG :shared:resolveDependenciesJvm DependencyFileImpl        Downloaded https://repo1.maven.org/maven2/org/jetbrains/androidx/savedstate/savedstate-compose-desktop/1.3.6/savedstate-compose-desktop-1.3.6.pom for the dependency org.jetbrains.androidx.savedstate:savedstate-compose-desktop:1.3.6
00:10.315 DEBUG :shared:resolveDependenciesJvmTest DependencyFileImpl        Downloaded https://maven.google.com/androidx/compose/runtime/runtime-retain-desktop/1.12.1/runtime-retain-desktop-1.12.1.pom for the dependency androidx.compose.runtime:runtime-retain-desktop:1.12.1
00:10.321 DEBUG :shared:resolveDependenciesJvm DependencyFileImpl        Downloaded https://maven.google.com/androidx/lifecycle/lifecycle-runtime/2.11.0/lifecycle-runtime-2.11.0.pom for the dependency androidx.lifecycle:lifecycle-runtime:2.11.0
00:10.335 DEBUG :shared:resolveDependenciesJvm DependencyFileImpl        Downloaded https://repo1.maven.org/maven2/org/jetbrains/androidx/savedstate/savedstate-compose-desktop/1.3.6/savedstate-compose-desktop-1.3.6.module.sha512 for the dependency org.jetbrains.androidx.savedstate:savedstate-compose-desktop:1.3.6
00:10.350 DEBUG :shared:resolveDependenciesJvmTest DependencyFileImpl        Downloaded https://maven.google.com/androidx/navigationevent/navigationevent-compose/1.1.1/navigationevent-compose-1.1.1.pom for the dependency androidx.navigationevent:navigationevent-compose:1.1.1
00:10.368 DEBUG :desktopApp:resolveDependenciesJvmTest DependencyFileImpl        Downloaded https://maven.google.com/androidx/compose/runtime/runtime-desktop/1.11.0/runtime-desktop-1.11.0.pom.sha512 for the dependency androidx.compose.runtime:runtime-desktop:1.11.0
00:10.398 DEBUG :shared:resolveDependenciesJvm DependencyFileImpl        Downloaded https://repo1.maven.org/maven2/org/jetbrains/androidx/savedstate/savedstate-compose-desktop/1.3.6/savedstate-compose-desktop-1.3.6.module for the dependency org.jetbrains.androidx.savedstate:savedstate-compose-desktop:1.3.6
00:10.422 DEBUG :shared:resolveDependenciesJvmTest DependencyFileImpl        Downloaded https://maven.google.com/androidx/lifecycle/lifecycle-runtime-compose-desktop/2.11.0/lifecycle-runtime-compose-desktop-2.11.0.module.sha512 for the dependency androidx.lifecycle:lifecycle-runtime-compose-desktop:2.11.0
00:10.461 DEBUG :shared:resolveDependenciesJvm DependencyFileImpl        Downloaded https://maven.google.com/androidx/lifecycle/lifecycle-runtime/2.11.0/lifecycle-runtime-2.11.0.module.sha512 for the dependency androidx.lifecycle:lifecycle-runtime:2.11.0
00:10.537 DEBUG :desktopApp:resolveDependenciesJvmTest DependencyFileImpl        Downloaded https://maven.google.com/androidx/compose/runtime/runtime-desktop/1.11.0/runtime-desktop-1.11.0.pom for the dependency androidx.compose.runtime:runtime-desktop:1.11.0
00:10.545 DEBUG :shared:resolveDependenciesJvmTest DependencyFileImpl        Downloaded https://maven.google.com/androidx/navigationevent/navigationevent-compose/1.1.1/navigationevent-compose-1.1.1.module.sha512 for the dependency androidx.navigationevent:navigationevent-compose:1.1.1
00:10.553 DEBUG :shared:resolveDependenciesJvmTest DependencyFileImpl        Downloaded https://maven.google.com/androidx/compose/runtime/runtime-retain-desktop/1.12.1/runtime-retain-desktop-1.12.1.module.sha512 for the dependency androidx.compose.runtime:runtime-retain-desktop:1.12.1
00:10.569 DEBUG :shared:resolveDependenciesJvmTest DependencyFileImpl        Downloaded https://maven.google.com/androidx/lifecycle/lifecycle-runtime-compose-desktop/2.11.0/lifecycle-runtime-compose-desktop-2.11.0.module for the dependency androidx.lifecycle:lifecycle-runtime-compose-desktop:2.11.0
00:10.713 DEBUG :shared:resolveDependenciesJvmTest DependencyFileImpl        Downloaded https://maven.google.com/androidx/navigationevent/navigationevent-compose/1.1.1/navigationevent-compose-1.1.1.module for the dependency androidx.navigationevent:navigationevent-compose:1.1.1
00:10.714 DEBUG :desktopApp:resolveDependenciesJvmTest DependencyFileImpl        Not found URL: https://repo1.maven.org/maven2/androidx/lifecycle/lifecycle-runtime/2.11.0/lifecycle-runtime-2.11.0.module
00:10.720 DEBUG :shared:resolveDependenciesJvmTest DependencyFileImpl        Downloaded https://maven.google.com/androidx/compose/runtime/runtime-retain-desktop/1.12.1/runtime-retain-desktop-1.12.1.module for the dependency androidx.compose.runtime:runtime-retain-desktop:1.12.1
00:10.780 DEBUG :shared:resolveDependenciesJvmTest DependencyFileImpl        Not found URL: https://repo1.maven.org/maven2/androidx/navigationevent/navigationevent-compose-desktop/1.1.1/navigationevent-compose-desktop-1.1.1.pom.sha512
00:10.838 DEBUG :desktopApp:resolveDependenciesJvmTest DependencyFileImpl        Downloaded https://maven.google.com/androidx/lifecycle/lifecycle-runtime/2.11.0/lifecycle-runtime-2.11.0.module for the dependency androidx.lifecycle:lifecycle-runtime:2.11.0
00:10.926 DEBUG :desktopApp:resolveDependenciesJvmTest DependencyFileImpl        Not found URL: https://repo1.maven.org/maven2/androidx/lifecycle/lifecycle-runtime-desktop/2.11.0/lifecycle-runtime-desktop-2.11.0.pom.sha512
00:10.974 DEBUG :shared:resolveDependenciesJvmTest DependencyFileImpl        Downloaded https://maven.google.com/androidx/navigationevent/navigationevent-compose-desktop/1.1.1/navigationevent-compose-desktop-1.1.1.pom.sha512 for the dependency androidx.navigationevent:navigationevent-compose-desktop:1.1.1
00:11.132 DEBUG :desktopApp:resolveDependenciesJvmTest DependencyFileImpl        Downloaded https://maven.google.com/androidx/lifecycle/lifecycle-runtime-desktop/2.11.0/lifecycle-runtime-desktop-2.11.0.pom.sha512 for the dependency androidx.lifecycle:lifecycle-runtime-desktop:2.11.0
00:11.198 DEBUG :shared:resolveDependenciesJvmTest DependencyFileImpl        Downloaded https://maven.google.com/androidx/navigationevent/navigationevent-compose-desktop/1.1.1/navigationevent-compose-desktop-1.1.1.pom for the dependency androidx.navigationevent:navigationevent-compose-desktop:1.1.1
00:11.278 DEBUG :desktopApp:resolveDependenciesJvmTest DependencyFileImpl        Downloaded https://maven.google.com/androidx/lifecycle/lifecycle-runtime-desktop/2.11.0/lifecycle-runtime-desktop-2.11.0.pom for the dependency androidx.lifecycle:lifecycle-runtime-desktop:2.11.0
00:11.431 DEBUG :desktopApp:resolveDependenciesJvmTest DependencyFileImpl        Downloaded https://maven.google.com/androidx/lifecycle/lifecycle-runtime-desktop/2.11.0/lifecycle-runtime-desktop-2.11.0.module.sha512 for the dependency androidx.lifecycle:lifecycle-runtime-desktop:2.11.0
00:11.434 DEBUG :shared:resolveDependenciesJvmTest DependencyFileImpl        Downloaded https://maven.google.com/androidx/navigationevent/navigationevent-compose-desktop/1.1.1/navigationevent-compose-desktop-1.1.1.module.sha512 for the dependency androidx.navigationevent:navigationevent-compose-desktop:1.1.1
00:11.574 DEBUG :shared:resolveDependenciesJvmTest DependencyFileImpl        Downloaded https://maven.google.com/androidx/navigationevent/navigationevent-compose-desktop/1.1.1/navigationevent-compose-desktop-1.1.1.module for the dependency androidx.navigationevent:navigationevent-compose-desktop:1.1.1
00:11.643 DEBUG :shared:resolveDependenciesJvmTest DependencyFileImpl        Not found URL: https://repo1.maven.org/maven2/androidx/navigationevent/navigationevent/1.1.1/navigationevent-1.1.1.pom.sha512
00:11.696 DEBUG :desktopApp:resolveDependenciesJvmTest DependencyFileImpl        Downloaded https://maven.google.com/androidx/lifecycle/lifecycle-runtime-desktop/2.11.0/lifecycle-runtime-desktop-2.11.0.module for the dependency androidx.lifecycle:lifecycle-runtime-desktop:2.11.0
00:11.761 DEBUG :desktopApp:resolveDependenciesJvmTest DependencyFileImpl        Not found URL: https://repo1.maven.org/maven2/androidx/arch/core/core-common/2.2.0/core-common-2.2.0.pom.sha512
00:11.843 DEBUG :shared:resolveDependenciesJvmTest DependencyFileImpl        Downloaded https://maven.google.com/androidx/navigationevent/navigationevent/1.1.1/navigationevent-1.1.1.pom.sha512 for the dependency androidx.navigationevent:navigationevent:1.1.1
00:11.998 DEBUG :desktopApp:resolveDependenciesJvmTest DependencyFileImpl        Downloaded https://maven.google.com/androidx/arch/core/core-common/2.2.0/core-common-2.2.0.pom.sha512 for the dependency androidx.arch.core:core-common:2.2.0
00:12.037 DEBUG :shared:resolveDependenciesJvmTest DependencyFileImpl        Downloaded https://maven.google.com/androidx/navigationevent/navigationevent/1.1.1/navigationevent-1.1.1.pom for the dependency androidx.navigationevent:navigationevent:1.1.1
00:12.140 DEBUG :desktopApp:resolveDependenciesJvmTest DependencyFileImpl        Downloaded https://maven.google.com/androidx/arch/core/core-common/2.2.0/core-common-2.2.0.pom for the dependency androidx.arch.core:core-common:2.2.0
00:12.236 DEBUG :shared:resolveDependenciesJvmTest DependencyFileImpl        Downloaded https://maven.google.com/androidx/navigationevent/navigationevent/1.1.1/navigationevent-1.1.1.module.sha512 for the dependency androidx.navigationevent:navigationevent:1.1.1
00:12.348 DEBUG :desktopApp:resolveDependenciesJvmTest DependencyFileImpl        Downloaded https://maven.google.com/androidx/arch/core/core-common/2.2.0/core-common-2.2.0.module.sha512 for the dependency androidx.arch.core:core-common:2.2.0
00:12.397 DEBUG :shared:resolveDependenciesJvmTest DependencyFileImpl        Downloaded https://maven.google.com/androidx/navigationevent/navigationevent/1.1.1/navigationevent-1.1.1.module for the dependency androidx.navigationevent:navigationevent:1.1.1
00:12.467 DEBUG :shared:resolveDependenciesJvmTest DependencyFileImpl        Not found URL: https://repo1.maven.org/maven2/androidx/navigationevent/navigationevent-desktop/1.1.1/navigationevent-desktop-1.1.1.pom.sha512
00:12.486 DEBUG :desktopApp:resolveDependenciesJvmTest DependencyFileImpl        Downloaded https://maven.google.com/androidx/arch/core/core-common/2.2.0/core-common-2.2.0.module for the dependency androidx.arch.core:core-common:2.2.0
00:12.649 DEBUG :shared:resolveDependenciesJvmTest DependencyFileImpl        Downloaded https://maven.google.com/androidx/navigationevent/navigationevent-desktop/1.1.1/navigationevent-desktop-1.1.1.pom.sha512 for the dependency androidx.navigationevent:navigationevent-desktop:1.1.1
00:12.789 DEBUG :shared:resolveDependenciesJvmTest DependencyFileImpl        Downloaded https://maven.google.com/androidx/navigationevent/navigationevent-desktop/1.1.1/navigationevent-desktop-1.1.1.pom for the dependency androidx.navigationevent:navigationevent-desktop:1.1.1
00:12.921 DEBUG :shared:resolveDependenciesJvmTest DependencyFileImpl        Downloaded https://maven.google.com/androidx/navigationevent/navigationevent-desktop/1.1.1/navigationevent-desktop-1.1.1.module.sha512 for the dependency androidx.navigationevent:navigationevent-desktop:1.1.1
00:13.051 DEBUG :shared:resolveDependenciesJvmTest DependencyFileImpl        Downloaded https://maven.google.com/androidx/navigationevent/navigationevent-desktop/1.1.1/navigationevent-desktop-1.1.1.module for the dependency androidx.navigationevent:navigationevent-desktop:1.1.1
00:13.094 DEBUG :shared:resolveDependenciesJvm DependencyFileImpl        Not found URL: https://repo1.maven.org/maven2/org/jetbrains/kotlin/kotlin-stdlib/2.4.20/kotlin-stdlib-2.4.20.pom.sha512
00:13.123 DEBUG :shared:resolveDependenciesJvm DependencyFileImpl        Not found URL: https://repo1.maven.org/maven2/androidx/compose/runtime/runtime/1.12.1/runtime-1.12.1.pom.sha512
00:13.124 DEBUG :shared:resolveDependenciesJvm DependencyFileImpl        Not found URL: https://repo1.maven.org/maven2/androidx/compose/runtime/runtime-saveable/1.12.1/runtime-saveable-1.12.1.pom.sha512
00:13.128 DEBUG :shared:resolveDependenciesJvm DependencyFileImpl        Not found URL: https://repo1.maven.org/maven2/androidx/savedstate/savedstate/1.4.0/savedstate-1.4.0.pom.sha512
00:13.135 DEBUG :shared:resolveDependenciesJvm DependencyFileImpl        Not found URL: https://repo1.maven.org/maven2/androidx/compose/runtime/runtime-annotation/1.12.1/runtime-annotation-1.12.1.pom.sha512
00:13.137 DEBUG :shared:resolveDependenciesJvm DependencyFileImpl        Not found URL: https://repo1.maven.org/maven2/org/jetbrains/annotations/23.0.0/annotations-23.0.0.pom.sha512
00:13.206 DEBUG :shared:resolveDependenciesJvmTest DependencyFileImpl        Not found URL: https://repo1.maven.org/maven2/androidx/savedstate/savedstate-compose-desktop/1.4.0/savedstate-compose-desktop-1.4.0.module.sha512
00:13.260 DEBUG :shared:resolveDependenciesJvm DependencyFileImpl        Not found URL: https://maven.google.com/org/jetbrains/kotlin/kotlin-stdlib/2.4.20/kotlin-stdlib-2.4.20.pom.sha512
00:13.308 DEBUG :shared:resolveDependenciesJvm DependencyFileImpl        Downloaded https://maven.google.com/androidx/savedstate/savedstate/1.4.0/savedstate-1.4.0.pom.sha512 for the dependency androidx.savedstate:savedstate:1.4.0
00:13.313 DEBUG :shared:resolveDependenciesJvm DependencyFileImpl        Not found URL: https://maven.google.com/org/jetbrains/annotations/23.0.0/annotations-23.0.0.pom.sha512
00:13.354 DEBUG :shared:resolveDependenciesJvm DependencyFileImpl        Downloaded https://maven.google.com/androidx/compose/runtime/runtime-annotation/1.12.1/runtime-annotation-1.12.1.pom.sha512 for the dependency androidx.compose.runtime:runtime-annotation:1.12.1
00:13.377 DEBUG :shared:resolveDependenciesJvmTest DependencyFileImpl        Downloaded https://maven.google.com/androidx/savedstate/savedstate-compose-desktop/1.4.0/savedstate-compose-desktop-1.4.0.module.sha512 for the dependency androidx.savedstate:savedstate-compose-desktop:1.4.0
00:13.380 DEBUG :shared:resolveDependenciesJvm DependencyFileImpl        Not found URL: https://packages.jetbrains.team/maven/p/amper/compose-hot-reload/org/jetbrains/kotlin/kotlin-stdlib/2.4.20/kotlin-stdlib-2.4.20.pom.sha512
00:13.398 DEBUG :shared:resolveDependenciesJvm DependencyFileImpl        Downloaded https://maven.google.com/androidx/compose/runtime/runtime-saveable/1.12.1/runtime-saveable-1.12.1.pom.sha512 for the dependency androidx.compose.runtime:runtime-saveable:1.12.1
00:13.399 DEBUG :shared:resolveDependenciesJvm DependencyFileImpl        Downloaded https://maven.google.com/androidx/compose/runtime/runtime/1.12.1/runtime-1.12.1.pom.sha512 for the dependency androidx.compose.runtime:runtime:1.12.1
00:13.428 DEBUG :shared:resolveDependenciesJvm DependencyFileImpl        Not found URL: https://packages.jetbrains.team/maven/p/amper/compose-hot-reload/org/jetbrains/annotations/23.0.0/annotations-23.0.0.pom.sha512
00:13.446 DEBUG :shared:resolveDependenciesJvm DependencyFileImpl        Not found URL: https://repo1.maven.org/maven2/org/jetbrains/kotlin/kotlin-stdlib/2.4.20/kotlin-stdlib-2.4.20.pom.sha256
00:13.453 DEBUG :shared:resolveDependenciesJvm DependencyFileImpl        Downloaded https://maven.google.com/androidx/savedstate/savedstate/1.4.0/savedstate-1.4.0.pom for the dependency androidx.savedstate:savedstate:1.4.0
00:13.488 DEBUG :shared:resolveDependenciesJvm DependencyFileImpl        Not found URL: https://repo1.maven.org/maven2/org/jetbrains/annotations/23.0.0/annotations-23.0.0.pom.sha256
00:13.492 DEBUG :shared:resolveDependenciesJvm DependencyFileImpl        Downloaded https://maven.google.com/androidx/compose/runtime/runtime-annotation/1.12.1/runtime-annotation-1.12.1.pom for the dependency androidx.compose.runtime:runtime-annotation:1.12.1
00:13.541 DEBUG :shared:resolveDependenciesJvmTest DependencyFileImpl        Downloaded https://maven.google.com/androidx/savedstate/savedstate-compose-desktop/1.4.0/savedstate-compose-desktop-1.4.0.module for the dependency androidx.savedstate:savedstate-compose-desktop:1.4.0
00:13.554 DEBUG :shared:resolveDependenciesJvm DependencyFileImpl        Downloaded https://maven.google.com/androidx/compose/runtime/runtime-saveable/1.12.1/runtime-saveable-1.12.1.pom for the dependency androidx.compose.runtime:runtime-saveable:1.12.1
00:13.641 DEBUG :shared:resolveDependenciesJvm DependencyFileImpl        Not found URL: https://maven.google.com/org/jetbrains/annotations/23.0.0/annotations-23.0.0.pom.sha256
00:13.641 DEBUG :shared:resolveDependenciesJvm DependencyFileImpl        Not found URL: https://maven.google.com/org/jetbrains/kotlin/kotlin-stdlib/2.4.20/kotlin-stdlib-2.4.20.pom.sha256
00:13.699 DEBUG :shared:resolveDependenciesJvm DependencyFileImpl        Downloaded https://maven.google.com/androidx/compose/runtime/runtime-annotation/1.12.1/runtime-annotation-1.12.1.module.sha512 for the dependency androidx.compose.runtime:runtime-annotation:1.12.1
00:13.701 DEBUG :shared:resolveDependenciesJvm DependencyFileImpl        Downloaded https://maven.google.com/androidx/savedstate/savedstate/1.4.0/savedstate-1.4.0.module.sha512 for the dependency androidx.savedstate:savedstate:1.4.0
00:13.735 DEBUG :shared:resolveDependenciesJvm DependencyFileImpl        Downloaded https://maven.google.com/androidx/compose/runtime/runtime-saveable/1.12.1/runtime-saveable-1.12.1.module.sha512 for the dependency androidx.compose.runtime:runtime-saveable:1.12.1
00:13.765 DEBUG :shared:resolveDependenciesJvm DependencyFileImpl        Not found URL: https://packages.jetbrains.team/maven/p/amper/compose-hot-reload/org/jetbrains/kotlin/kotlin-stdlib/2.4.20/kotlin-stdlib-2.4.20.pom.sha256
00:13.770 DEBUG :shared:resolveDependenciesJvm DependencyFileImpl        Not found URL: https://packages.jetbrains.team/maven/p/amper/compose-hot-reload/org/jetbrains/annotations/23.0.0/annotations-23.0.0.pom.sha256
00:13.823 DEBUG :shared:resolveDependenciesJvm DependencyFileImpl        Downloaded https://repo1.maven.org/maven2/org/jetbrains/kotlin/kotlin-stdlib/2.4.20/kotlin-stdlib-2.4.20.pom.sha1 for the dependency org.jetbrains.kotlin:kotlin-stdlib:2.4.20
00:13.829 DEBUG :shared:resolveDependenciesJvm DependencyFileImpl        Downloaded https://repo1.maven.org/maven2/org/jetbrains/annotations/23.0.0/annotations-23.0.0.pom.sha1 for the dependency org.jetbrains:annotations:23.0.0
00:13.854 DEBUG :shared:resolveDependenciesJvm DependencyFileImpl        Downloaded https://maven.google.com/androidx/compose/runtime/runtime-annotation/1.12.1/runtime-annotation-1.12.1.module for the dependency androidx.compose.runtime:runtime-annotation:1.12.1
00:13.872 DEBUG :shared:resolveDependenciesJvm DependencyFileImpl        Downloaded https://maven.google.com/androidx/savedstate/savedstate/1.4.0/savedstate-1.4.0.module for the dependency androidx.savedstate:savedstate:1.4.0
00:13.887 DEBUG :shared:resolveDependenciesJvm DependencyFileImpl        Downloaded https://repo1.maven.org/maven2/org/jetbrains/kotlin/kotlin-stdlib/2.4.20/kotlin-stdlib-2.4.20.pom for the dependency org.jetbrains.kotlin:kotlin-stdlib:2.4.20
00:13.887 DEBUG :shared:resolveDependenciesJvm DependencyFileImpl        Downloaded https://maven.google.com/androidx/compose/runtime/runtime-saveable/1.12.1/runtime-saveable-1.12.1.module for the dependency androidx.compose.runtime:runtime-saveable:1.12.1
00:13.891 DEBUG :shared:resolveDependenciesJvm DependencyFileImpl        Downloaded https://repo1.maven.org/maven2/org/jetbrains/annotations/23.0.0/annotations-23.0.0.pom for the dependency org.jetbrains:annotations:23.0.0
00:13.925 DEBUG :shared:resolveDependenciesJvm DependencyFileImpl        Not found URL: https://repo1.maven.org/maven2/androidx/compose/runtime/runtime-annotation-jvm/1.12.1/runtime-annotation-jvm-1.12.1.pom.sha512
00:13.934 DEBUG :shared:resolveDependenciesJvm DependencyFileImpl        Not found URL: https://repo1.maven.org/maven2/androidx/savedstate/savedstate-desktop/1.4.0/savedstate-desktop-1.4.0.pom.sha512
00:13.952 DEBUG :shared:resolveDependenciesJvm DependencyFileImpl        Not found URL: https://repo1.maven.org/maven2/org/jetbrains/kotlin/kotlin-stdlib/2.4.20/kotlin-stdlib-2.4.20.module.sha512
00:13.952 DEBUG :shared:resolveDependenciesJvmTest DependencyFileImpl        Not found URL: https://repo1.maven.org/maven2/androidx/compose/runtime/runtime-saveable-desktop/1.12.1/runtime-saveable-desktop-1.12.1.pom.sha512
00:14.115 DEBUG :shared:resolveDependenciesJvm DependencyFileImpl        Downloaded https://maven.google.com/androidx/compose/runtime/runtime-annotation-jvm/1.12.1/runtime-annotation-jvm-1.12.1.pom.sha512 for the dependency androidx.compose.runtime:runtime-annotation-jvm:1.12.1
00:14.136 DEBUG :shared:resolveDependenciesJvm DependencyFileImpl        Not found URL: https://maven.google.com/org/jetbrains/kotlin/kotlin-stdlib/2.4.20/kotlin-stdlib-2.4.20.module.sha512
00:14.145 DEBUG :shared:resolveDependenciesJvm DependencyFileImpl        Downloaded https://maven.google.com/androidx/savedstate/savedstate-desktop/1.4.0/savedstate-desktop-1.4.0.pom.sha512 for the dependency androidx.savedstate:savedstate-desktop:1.4.0
00:14.192 DEBUG :shared:resolveDependenciesJvmTest DependencyFileImpl        Downloaded https://maven.google.com/androidx/compose/runtime/runtime-saveable-desktop/1.12.1/runtime-saveable-desktop-1.12.1.pom.sha512 for the dependency androidx.compose.runtime:runtime-saveable-desktop:1.12.1
00:14.255 DEBUG :shared:resolveDependenciesJvm DependencyFileImpl        Not found URL: https://packages.jetbrains.team/maven/p/amper/compose-hot-reload/org/jetbrains/kotlin/kotlin-stdlib/2.4.20/kotlin-stdlib-2.4.20.module.sha512
00:14.263 DEBUG :shared:resolveDependenciesJvm DependencyFileImpl        Downloaded https://maven.google.com/androidx/compose/runtime/runtime-annotation-jvm/1.12.1/runtime-annotation-jvm-1.12.1.pom for the dependency androidx.compose.runtime:runtime-annotation-jvm:1.12.1
00:14.320 DEBUG :shared:resolveDependenciesJvm DependencyFileImpl        Not found URL: https://repo1.maven.org/maven2/org/jetbrains/kotlin/kotlin-stdlib/2.4.20/kotlin-stdlib-2.4.20.module.sha256
00:14.337 DEBUG :shared:resolveDependenciesJvmTest DependencyFileImpl        Downloaded https://maven.google.com/androidx/compose/runtime/runtime-saveable-desktop/1.12.1/runtime-saveable-desktop-1.12.1.pom for the dependency androidx.compose.runtime:runtime-saveable-desktop:1.12.1
00:14.348 DEBUG :shared:resolveDependenciesJvm DependencyFileImpl        Downloaded https://maven.google.com/androidx/savedstate/savedstate-desktop/1.4.0/savedstate-desktop-1.4.0.pom for the dependency androidx.savedstate:savedstate-desktop:1.4.0
00:14.451 DEBUG :shared:resolveDependenciesJvm DependencyFileImpl        Not found URL: https://maven.google.com/org/jetbrains/kotlin/kotlin-stdlib/2.4.20/kotlin-stdlib-2.4.20.module.sha256
00:14.457 DEBUG :shared:resolveDependenciesJvm DependencyFileImpl        Downloaded https://maven.google.com/androidx/compose/runtime/runtime-annotation-jvm/1.12.1/runtime-annotation-jvm-1.12.1.module.sha512 for the dependency androidx.compose.runtime:runtime-annotation-jvm:1.12.1
00:14.502 DEBUG :shared:resolveDependenciesJvmTest DependencyFileImpl        Downloaded https://maven.google.com/androidx/compose/runtime/runtime-saveable-desktop/1.12.1/runtime-saveable-desktop-1.12.1.module.sha512 for the dependency androidx.compose.runtime:runtime-saveable-desktop:1.12.1
00:14.516 DEBUG :shared:resolveDependenciesJvm DependencyFileImpl        Downloaded https://maven.google.com/androidx/savedstate/savedstate-desktop/1.4.0/savedstate-desktop-1.4.0.module.sha512 for the dependency androidx.savedstate:savedstate-desktop:1.4.0
00:14.571 DEBUG :shared:resolveDependenciesJvm DependencyFileImpl        Not found URL: https://packages.jetbrains.team/maven/p/amper/compose-hot-reload/org/jetbrains/kotlin/kotlin-stdlib/2.4.20/kotlin-stdlib-2.4.20.module.sha256
00:14.601 DEBUG :shared:resolveDependenciesJvm DependencyFileImpl        Downloaded https://maven.google.com/androidx/compose/runtime/runtime-annotation-jvm/1.12.1/runtime-annotation-jvm-1.12.1.module for the dependency androidx.compose.runtime:runtime-annotation-jvm:1.12.1
00:14.631 DEBUG :shared:resolveDependenciesJvm DependencyFileImpl        Downloaded https://repo1.maven.org/maven2/org/jetbrains/kotlin/kotlin-stdlib/2.4.20/kotlin-stdlib-2.4.20.module.sha1 for the dependency org.jetbrains.kotlin:kotlin-stdlib:2.4.20
00:14.653 DEBUG :shared:resolveDependenciesJvmTest DependencyFileImpl        Downloaded https://maven.google.com/androidx/compose/runtime/runtime-saveable-desktop/1.12.1/runtime-saveable-desktop-1.12.1.module for the dependency androidx.compose.runtime:runtime-saveable-desktop:1.12.1
00:14.692 DEBUG :shared:resolveDependenciesJvm DependencyFileImpl        Downloaded https://maven.google.com/androidx/savedstate/savedstate-desktop/1.4.0/savedstate-desktop-1.4.0.module for the dependency androidx.savedstate:savedstate-desktop:1.4.0
00:14.728 DEBUG :shared:resolveDependenciesJvm DependencyFileImpl        Downloaded https://repo1.maven.org/maven2/org/jetbrains/kotlin/kotlin-stdlib/2.4.20/kotlin-stdlib-2.4.20.module for the dependency org.jetbrains.kotlin:kotlin-stdlib:2.4.20
00:14.820 DEBUG :shared:resolveDependenciesJvm DependencyFileImpl        Downloaded https://maven.google.com/androidx/compose/runtime/runtime/1.12.1/runtime-1.12.1.pom for the dependency androidx.compose.runtime:runtime:1.12.1
00:15.007 DEBUG :shared:resolveDependenciesJvm DependencyFileImpl        Downloaded https://maven.google.com/androidx/compose/runtime/runtime/1.12.1/runtime-1.12.1.module.sha512 for the dependency androidx.compose.runtime:runtime:1.12.1
00:15.158 DEBUG :shared:resolveDependenciesJvm DependencyFileImpl        Downloaded https://maven.google.com/androidx/compose/runtime/runtime/1.12.1/runtime-1.12.1.module for the dependency androidx.compose.runtime:runtime:1.12.1
00:15.219 DEBUG :shared:resolveDependenciesJvm DependencyFileImpl        Not found URL: https://repo1.maven.org/maven2/androidx/compose/runtime/runtime-desktop/1.12.1/runtime-desktop-1.12.1.pom.sha512
00:15.422 DEBUG :shared:resolveDependenciesJvm DependencyFileImpl        Downloaded https://maven.google.com/androidx/compose/runtime/runtime-desktop/1.12.1/runtime-desktop-1.12.1.pom.sha512 for the dependency androidx.compose.runtime:runtime-desktop:1.12.1
00:15.561 DEBUG :shared:resolveDependenciesJvm DependencyFileImpl        Downloaded https://maven.google.com/androidx/compose/runtime/runtime-desktop/1.12.1/runtime-desktop-1.12.1.pom for the dependency androidx.compose.runtime:runtime-desktop:1.12.1
00:15.744 DEBUG :shared:resolveDependenciesJvm DependencyFileImpl        Downloaded https://maven.google.com/androidx/compose/runtime/runtime-desktop/1.12.1/runtime-desktop-1.12.1.module.sha512 for the dependency androidx.compose.runtime:runtime-desktop:1.12.1
00:15.886 DEBUG :shared:resolveDependenciesJvm DependencyFileImpl        Downloaded https://maven.google.com/androidx/compose/runtime/runtime-desktop/1.12.1/runtime-desktop-1.12.1.module for the dependency androidx.compose.runtime:runtime-desktop:1.12.1
00:15.963 DEBUG :shared:resolveDependenciesJvm DependencyFileImpl        Downloaded https://repo1.maven.org/maven2/org/jetbrains/androidx/lifecycle/lifecycle-runtime-compose-desktop/2.11.0/lifecycle-runtime-compose-desktop-2.11.0.jar for the dependency org.jetbrains.androidx.lifecycle:lifecycle-runtime-compose-desktop:2.11.0
00:15.993 DEBUG :desktopApp:resolveDependenciesJvmTest DependencyFileImpl        Downloaded https://repo1.maven.org/maven2/org/jetbrains/kotlin/kotlin-test/2.4.20/kotlin-test-2.4.20.jar for the dependency org.jetbrains.kotlin:kotlin-test:2.4.20
00:15.993 DEBUG :shared:resolveDependenciesJvm DependencyFileImpl        Downloaded https://repo1.maven.org/maven2/org/jetbrains/compose/hot-reload/hot-reload-runtime-api-jvm/1.2.0/hot-reload-runtime-api-jvm-1.2.0.jar for the dependency org.jetbrains.compose.hot-reload:hot-reload-runtime-api-jvm:1.2.0
00:16.005 DEBUG :desktopApp:resolveDependenciesJvm DependencyFileImpl        Downloaded https://repo1.maven.org/maven2/org/jetbrains/compose/runtime/runtime-desktop/1.12.1/runtime-desktop-1.12.1.jar for the dependency org.jetbrains.compose.runtime:runtime-desktop:1.12.1
00:16.060 DEBUG :desktopApp:resolveDependenciesJvm DependencyFileImpl        Downloaded https://repo1.maven.org/maven2/org/jetbrains/compose/ui/ui-tooling-preview-desktop/1.12.1/ui-tooling-preview-desktop-1.12.1.jar for the dependency org.jetbrains.compose.ui:ui-tooling-preview-desktop:1.12.1
00:16.147 DEBUG :desktopApp:resolveDependenciesJvm DependencyFileImpl        Not found URL: https://repo1.maven.org/maven2/androidx/compose/runtime/runtime-desktop/1.12.1/runtime-desktop-1.12.1.jar
00:16.207 DEBUG :desktopApp:resolveDependenciesJvmTest DependencyFileImpl        Downloaded https://repo1.maven.org/maven2/org/junit/jupiter/junit-jupiter-api/5.10.1/junit-jupiter-api-5.10.1.jar for the dependency org.junit.jupiter:junit-jupiter-api:5.10.1
00:16.207 DEBUG :desktopApp:resolveDependenciesJvmTest DependencyFileImpl        Downloaded https://repo1.maven.org/maven2/org/junit/jupiter/junit-jupiter-engine/5.10.1/junit-jupiter-engine-5.10.1.jar for the dependency org.junit.jupiter:junit-jupiter-engine:5.10.1
00:16.209 DEBUG :desktopApp:resolveDependenciesJvm DependencyFileImpl        Downloaded https://maven.google.com/androidx/lifecycle/lifecycle-viewmodel-savedstate-desktop/2.11.0/lifecycle-viewmodel-savedstate-desktop-2.11.0.jar for the dependency androidx.lifecycle:lifecycle-viewmodel-savedstate-desktop:2.11.0
00:16.290 DEBUG :shared:resolveDependenciesJvm DependencyFileImpl        Downloaded https://repo1.maven.org/maven2/org/jetbrains/compose/animation/animation-desktop/1.12.1/animation-desktop-1.12.1.jar for the dependency org.jetbrains.compose.animation:animation-desktop:1.12.1
00:16.359 DEBUG :desktopApp:resolveDependenciesJvmTest DependencyFileImpl        Downloaded https://repo1.maven.org/maven2/org/junit/platform/junit-platform-engine/1.10.1/junit-platform-engine-1.10.1.jar for the dependency org.junit.platform:junit-platform-engine:1.10.1
00:16.376 DEBUG :desktopApp:resolveDependenciesJvmTest DependencyFileImpl        Downloaded https://repo1.maven.org/maven2/org/junit/platform/junit-platform-launcher/1.10.1/junit-platform-launcher-1.10.1.jar for the dependency org.junit.platform:junit-platform-launcher:1.10.1
00:16.393 DEBUG :desktopApp:resolveDependenciesJvmTest DependencyFileImpl        Downloaded https://repo1.maven.org/maven2/org/apiguardian/apiguardian-api/1.1.2/apiguardian-api-1.1.2.jar for the dependency org.apiguardian:apiguardian-api:1.1.2
00:16.472 DEBUG :desktopApp:resolveDependenciesJvm DependencyFileImpl        Downloaded https://maven.google.com/androidx/annotation/annotation-jvm/1.9.1/annotation-jvm-1.9.1.jar for the dependency androidx.annotation:annotation-jvm:1.9.1
00:16.482 DEBUG :desktopApp:resolveDependenciesJvmTest DependencyFileImpl        Downloaded https://repo1.maven.org/maven2/org/opentest4j/opentest4j/1.3.0/opentest4j-1.3.0.jar for the dependency org.opentest4j:opentest4j:1.3.0
00:16.494 DEBUG :shared:resolveDependenciesJvm DependencyFileImpl        Downloaded https://repo1.maven.org/maven2/org/jetbrains/compose/ui/ui-util-desktop/1.12.1/ui-util-desktop-1.12.1.jar for the dependency org.jetbrains.compose.ui:ui-util-desktop:1.12.1
00:16.494 DEBUG :shared:resolveDependenciesJvm DependencyFileImpl        Downloaded https://repo1.maven.org/maven2/org/jetbrains/androidx/lifecycle/lifecycle-runtime-desktop/2.11.0/lifecycle-runtime-desktop-2.11.0.jar for the dependency org.jetbrains.androidx.lifecycle:lifecycle-runtime-desktop:2.11.0
00:16.545 DEBUG :shared:resolveDependenciesJvm DependencyFileImpl        Downloaded https://repo1.maven.org/maven2/org/jetbrains/androidx/lifecycle/lifecycle-common-jvm/2.11.0/lifecycle-common-jvm-2.11.0.jar for the dependency org.jetbrains.androidx.lifecycle:lifecycle-common-jvm:2.11.0
00:16.551 DEBUG :shared:resolveDependenciesJvm DependencyFileImpl        Downloaded https://repo1.maven.org/maven2/org/jetbrains/compose/hot-reload/hot-reload-annotations-jvm/1.2.0/hot-reload-annotations-jvm-1.2.0.jar for the dependency org.jetbrains.compose.hot-reload:hot-reload-annotations-jvm:1.2.0
00:16.585 DEBUG :desktopApp:resolveDependenciesJvm DependencyFileImpl        Downloaded https://repo1.maven.org/maven2/org/jetbrains/compose/animation/animation-core-desktop/1.12.1/animation-core-desktop-1.12.1.jar for the dependency org.jetbrains.compose.animation:animation-core-desktop:1.12.1
00:16.619 DEBUG :shared:resolveDependenciesJvm DependencyFileImpl        Downloaded https://repo1.maven.org/maven2/org/jetbrains/androidx/lifecycle/lifecycle-viewmodel-compose-desktop/2.11.0/lifecycle-viewmodel-compose-desktop-2.11.0.jar for the dependency org.jetbrains.androidx.lifecycle:lifecycle-viewmodel-compose-desktop:2.11.0
00:16.665 DEBUG :desktopApp:resolveDependenciesJvmTest DependencyFileImpl        Downloaded https://repo1.maven.org/maven2/org/jetbrains/kotlin/kotlin-test-junit5/2.4.20/kotlin-test-junit5-2.4.20.jar for the dependency org.jetbrains.kotlin:kotlin-test-junit5:2.4.20
00:16.665 DEBUG :desktopApp:resolveDependenciesJvm DependencyFileImpl        Downloaded https://repo1.maven.org/maven2/org/jetbrains/androidx/navigationevent/navigationevent-compose-desktop/1.1.0/navigationevent-compose-desktop-1.1.0.jar for the dependency org.jetbrains.androidx.navigationevent:navigationevent-compose-desktop:1.1.0
00:16.697 DEBUG :desktopApp:resolveDependenciesJvm DependencyFileImpl        Downloaded https://repo1.maven.org/maven2/org/jetbrains/compose/foundation/foundation-layout-desktop/1.12.1/foundation-layout-desktop-1.12.1.jar for the dependency org.jetbrains.compose.foundation:foundation-layout-desktop:1.12.1
00:16.697 DEBUG :desktopApp:resolveDependenciesJvm DependencyFileImpl        Downloaded https://repo1.maven.org/maven2/org/jetbrains/compose/desktop/desktop-jvm/1.12.1/desktop-jvm-1.12.1.jar for the dependency org.jetbrains.compose.desktop:desktop-jvm:1.12.1
00:16.803 DEBUG :desktopApp:resolveDependenciesJvm DependencyFileImpl        Downloaded https://repo1.maven.org/maven2/org/jetbrains/compose/ui/ui-text-desktop/1.12.1/ui-text-desktop-1.12.1.jar for the dependency org.jetbrains.compose.ui:ui-text-desktop:1.12.1
00:16.909 DEBUG :shared:resolveDependenciesJvm DependencyFileImpl        Downloaded https://repo1.maven.org/maven2/org/jetbrains/compose/ui/ui-graphics-desktop/1.12.1/ui-graphics-desktop-1.12.1.jar for the dependency org.jetbrains.compose.ui:ui-graphics-desktop:1.12.1
00:16.928 DEBUG :shared:resolveDependenciesJvm DependencyFileImpl        Downloaded https://repo1.maven.org/maven2/org/jetbrains/compose/material/material-ripple-desktop/1.12.0-beta01/material-ripple-desktop-1.12.0-beta01.jar for the dependency org.jetbrains.compose.material:material-ripple-desktop:1.12.0-beta01
00:16.928 DEBUG :desktopApp:resolveDependenciesJvmTest DependencyFileImpl        Downloaded https://repo1.maven.org/maven2/org/jetbrains/kotlinx/kotlinx-coroutines-swing/1.11.0/kotlinx-coroutines-swing-1.11.0.jar for the dependency org.jetbrains.kotlinx:kotlinx-coroutines-swing:1.11.0
00:17.083 DEBUG :desktopApp:resolveDependenciesJvm DependencyFileImpl        Downloaded https://maven.google.com/androidx/graphics/graphics-shapes-desktop/1.1.0/graphics-shapes-desktop-1.1.0.jar for the dependency androidx.graphics:graphics-shapes-desktop:1.1.0
00:17.101 DEBUG :desktopApp:resolveDependenciesJvm DependencyFileImpl        Downloaded https://maven.google.com/androidx/lifecycle/lifecycle-runtime-compose-desktop/2.11.0/lifecycle-runtime-compose-desktop-2.11.0.jar for the dependency androidx.lifecycle:lifecycle-runtime-compose-desktop:2.11.0
00:17.137 DEBUG :shared:resolveDependenciesJvm DependencyFileImpl        Downloaded https://repo1.maven.org/maven2/org/jetbrains/androidx/lifecycle/lifecycle-viewmodel-desktop/2.11.0/lifecycle-viewmodel-desktop-2.11.0.jar for the dependency org.jetbrains.androidx.lifecycle:lifecycle-viewmodel-desktop:2.11.0
00:17.206 DEBUG :desktopApp:resolveDependenciesJvm DependencyFileImpl        Downloaded https://maven.google.com/androidx/navigationevent/navigationevent-desktop/1.1.1/navigationevent-desktop-1.1.1.jar for the dependency androidx.navigationevent:navigationevent-desktop:1.1.1
00:17.275 DEBUG :desktopApp:resolveDependenciesJvm DependencyFileImpl        Downloaded https://maven.google.com/androidx/arch/core/core-common/2.2.0/core-common-2.2.0.jar for the dependency androidx.arch.core:core-common:2.2.0
00:17.335 DEBUG :desktopApp:resolveDependenciesJvm DependencyFileImpl        Downloaded https://repo1.maven.org/maven2/org/jetbrains/compose/material/material-ripple-desktop/1.12.1/material-ripple-desktop-1.12.1.jar for the dependency org.jetbrains.compose.material:material-ripple-desktop:1.12.1
00:17.355 DEBUG :desktopApp:resolveDependenciesJvm DependencyFileImpl        Downloaded https://repo1.maven.org/maven2/org/jetbrains/androidx/lifecycle/lifecycle-viewmodel-savedstate-desktop/2.11.0/lifecycle-viewmodel-savedstate-desktop-2.11.0.jar for the dependency org.jetbrains.androidx.lifecycle:lifecycle-viewmodel-savedstate-desktop:2.11.0
00:17.393 DEBUG :shared:resolveDependenciesJvm DependencyFileImpl        Downloaded https://maven.google.com/androidx/lifecycle/lifecycle-viewmodel-desktop/2.11.0/lifecycle-viewmodel-desktop-2.11.0.jar for the dependency androidx.lifecycle:lifecycle-viewmodel-desktop:2.11.0
00:17.433 DEBUG :shared:resolveDependenciesJvm DependencyFileImpl        Not found URL: https://repo1.maven.org/maven2/androidx/compose/runtime/runtime-saveable-desktop/1.12.1/runtime-saveable-desktop-1.12.1.jar
00:17.470 DEBUG :desktopApp:resolveDependenciesJvm DependencyFileImpl        Downloaded https://repo1.maven.org/maven2/org/jetbrains/skiko/skiko-awt/0.150.1/skiko-awt-0.150.1.jar for the dependency org.jetbrains.skiko:skiko-awt:0.150.1
00:17.470 DEBUG :desktopApp:resolveDependenciesJvm DependencyFileImpl        Downloaded https://repo1.maven.org/maven2/org/jetbrains/kotlinx/atomicfu-jvm/0.28.0/atomicfu-jvm-0.28.0.jar for the dependency org.jetbrains.kotlinx:atomicfu-jvm:0.28.0
00:17.495 DEBUG :desktopApp:resolveDependenciesJvm DependencyFileImpl        Not found URL: https://repo1.maven.org/maven2/androidx/lifecycle/lifecycle-viewmodel-compose-desktop/2.11.0/lifecycle-viewmodel-compose-desktop-2.11.0.jar
00:17.546 DEBUG :shared:resolveDependenciesJvm DependencyFileImpl        Downloaded https://maven.google.com/androidx/savedstate/savedstate-compose-desktop/1.4.0/savedstate-compose-desktop-1.4.0.jar for the dependency androidx.savedstate:savedstate-compose-desktop:1.4.0
00:17.549 DEBUG :desktopApp:resolveDependenciesJvm DependencyFileImpl        Downloaded https://repo1.maven.org/maven2/org/jetbrains/kotlinx/kotlinx-coroutines-core-jvm/1.11.0/kotlinx-coroutines-core-jvm-1.11.0.jar for the dependency org.jetbrains.kotlinx:kotlinx-coroutines-core-jvm:1.11.0
00:17.682 DEBUG :desktopApp:resolveDependenciesJvm DependencyFileImpl        Downloaded https://repo1.maven.org/maven2/org/jetbrains/compose/ui/ui-unit-desktop/1.12.1/ui-unit-desktop-1.12.1.jar for the dependency org.jetbrains.compose.ui:ui-unit-desktop:1.12.1
00:17.699 DEBUG :desktopApp:resolveDependenciesJvm DependencyFileImpl        Downloaded https://maven.google.com/androidx/compose/runtime/runtime-retain-desktop/1.12.1/runtime-retain-desktop-1.12.1.jar for the dependency androidx.compose.runtime:runtime-retain-desktop:1.12.1
00:17.710 DEBUG :shared:resolveDependenciesJvm DependencyFileImpl        Downloaded https://repo1.maven.org/maven2/org/jetbrains/compose/ui/ui-geometry-desktop/1.12.1/ui-geometry-desktop-1.12.1.jar for the dependency org.jetbrains.compose.ui:ui-geometry-desktop:1.12.1
00:17.749 DEBUG :desktopApp:resolveDependenciesJvm DependencyFileImpl        Downloaded https://repo1.maven.org/maven2/ch/qos/logback/logback-core/1.6.2/logback-core-1.6.2.jar.sha512 for the dependency ch.qos.logback:logback-core:1.6.2
00:17.749 DEBUG :desktopApp:resolveDependenciesJvm DependencyFileImpl        Downloaded https://repo1.maven.org/maven2/org/jetbrains/skiko/skiko-awt-runtime-linux-x64/0.150.1/skiko-awt-runtime-linux-x64-0.150.1.jar.sha512 for the dependency org.jetbrains.skiko:skiko-awt-runtime-linux-x64:0.150.1
00:17.789 DEBUG :desktopApp:resolveDependenciesJvm DependencyFileImpl        Not found URL: https://repo1.maven.org/maven2/androidx/compose/runtime/runtime-annotation-jvm/1.12.1/runtime-annotation-jvm-1.12.1.jar
00:17.878 DEBUG :desktopApp:resolveDependenciesJvm DependencyFileImpl        Not found URL: https://repo1.maven.org/maven2/org/jetbrains/compose/desktop/desktop-jvm-linux-x64/1.12.1/desktop-jvm-linux-x64-1.12.1.jar.sha512
00:17.884 DEBUG :desktopApp:resolveDependenciesJvm DependencyFileImpl        Downloaded https://repo1.maven.org/maven2/ch/qos/logback/logback-classic/1.6.2/logback-classic-1.6.2.jar.sha512 for the dependency ch.qos.logback:logback-classic:1.6.2
00:17.898 DEBUG :desktopApp:resolveDependenciesJvm DependencyFileImpl        Not found URL: https://repo1.maven.org/maven2/androidx/savedstate/savedstate-desktop/1.4.0/savedstate-desktop-1.4.0.jar
00:17.926 DEBUG :shared:resolveDependenciesJvm DependencyFileImpl        Not found URL: https://repo1.maven.org/maven2/androidx/lifecycle/lifecycle-runtime-desktop/2.11.0/lifecycle-runtime-desktop-2.11.0.jar
00:17.930 DEBUG :shared:resolveDependenciesJvm DependencyFileImpl        Downloaded https://repo1.maven.org/maven2/org/jetbrains/androidx/savedstate/savedstate-compose-desktop/1.3.6/savedstate-compose-desktop-1.3.6.jar for the dependency org.jetbrains.androidx.savedstate:savedstate-compose-desktop:1.3.6
00:17.964 DEBUG :shared:resolveDependenciesJvm DependencyFileImpl        Downloaded https://repo1.maven.org/maven2/org/jetbrains/compose/foundation/foundation-desktop/1.12.1/foundation-desktop-1.12.1.jar for the dependency org.jetbrains.compose.foundation:foundation-desktop:1.12.1
00:18.032 DEBUG :shared:resolveDependenciesJvm DependencyFileImpl        Downloaded https://repo1.maven.org/maven2/org/jspecify/jspecify/1.0.0/jspecify-1.0.0.jar for the dependency org.jspecify:jspecify:1.0.0
00:18.032 DEBUG :desktopApp:resolveDependenciesJvm DependencyFileImpl        Downloaded https://repo1.maven.org/maven2/org/slf4j/slf4j-api/2.0.18/slf4j-api-2.0.18.jar.sha512 for the dependency org.slf4j:slf4j-api:2.0.18
00:18.039 DEBUG :desktopApp:resolveDependenciesJvm DependencyFileImpl        Not found URL: https://repo1.maven.org/maven2/org/jetbrains/annotations/23.0.0/annotations-23.0.0.jar.sha512
00:18.055 DEBUG :desktopApp:resolveDependenciesJvm DependencyFileImpl        Downloaded https://repo1.maven.org/maven2/org/jetbrains/kotlin/kotlin-stdlib/2.4.20/kotlin-stdlib-2.4.20.jar for the dependency org.jetbrains.kotlin:kotlin-stdlib:2.4.20
00:18.066 DEBUG :desktopApp:resolveDependenciesJvm DependencyFileImpl        Downloaded https://maven.google.com/androidx/navigationevent/navigationevent-compose-desktop/1.1.1/navigationevent-compose-desktop-1.1.1.jar for the dependency androidx.navigationevent:navigationevent-compose-desktop:1.1.1
00:18.150 DEBUG :desktopApp:resolveDependenciesJvm DependencyFileImpl        Downloaded https://repo1.maven.org/maven2/org/jetbrains/compose/ui/ui-backhandler-desktop/1.12.1/ui-backhandler-desktop-1.12.1.jar for the dependency org.jetbrains.compose.ui:ui-backhandler-desktop:1.12.1
00:18.163 DEBUG :shared:resolveDependenciesJvm DependencyFileImpl        Downloaded https://repo1.maven.org/maven2/org/jetbrains/kotlinx/kotlinx-serialization-core-jvm/1.7.3/kotlinx-serialization-core-jvm-1.7.3.jar for the dependency org.jetbrains.kotlinx:kotlinx-serialization-core-jvm:1.7.3
00:18.175 DEBUG :desktopApp:resolveDependenciesJvm DependencyFileImpl        Downloaded https://repo1.maven.org/maven2/org/jetbrains/compose/runtime/runtime-saveable-desktop/1.12.1/runtime-saveable-desktop-1.12.1.jar for the dependency org.jetbrains.compose.runtime:runtime-saveable-desktop:1.12.1
00:18.175 DEBUG :desktopApp:resolveDependenciesJvm DependencyFileImpl        Downloaded https://repo1.maven.org/maven2/org/jetbrains/compose/material/material-desktop/1.12.1/material-desktop-1.12.1.jar for the dependency org.jetbrains.compose.material:material-desktop:1.12.1
00:18.175 DEBUG :desktopApp:resolveDependenciesJvm DependencyFileImpl        Downloaded https://repo1.maven.org/maven2/org/jetbrains/runtime/jbr-api/1.9.0/jbr-api-1.9.0.jar.sha512 for the dependency org.jetbrains.runtime:jbr-api:1.9.0
00:18.242 DEBUG :shared:resolveDependenciesJvm DependencyFileImpl        Downloaded https://repo1.maven.org/maven2/org/jetbrains/compose/ui/ui-desktop/1.12.1/ui-desktop-1.12.1.jar for the dependency org.jetbrains.compose.ui:ui-desktop:1.12.1
00:18.505 DEBUG :desktopApp:resolveDependenciesJvm DependencyFileImpl        Downloaded https://maven.google.com/androidx/lifecycle/lifecycle-common-jvm/2.11.0/lifecycle-common-jvm-2.11.0.jar for the dependency androidx.lifecycle:lifecycle-common-jvm:2.11.0
00:18.537 DEBUG :desktopApp:resolveDependenciesJvm DependencyFileImpl        Downloaded https://repo1.maven.org/maven2/org/jetbrains/kotlinx/kotlinx-datetime-jvm/0.7.1/kotlinx-datetime-jvm-0.7.1.jar for the dependency org.jetbrains.kotlinx:kotlinx-datetime-jvm:0.7.1
00:18.537 DEBUG :desktopApp:resolveDependenciesJvm DependencyFileImpl        Downloaded https://repo1.maven.org/maven2/ch/qos/logback/logback-core/1.6.2/logback-core-1.6.2.jar for the dependency ch.qos.logback:logback-core:1.6.2
00:18.537 DEBUG :shared:resolveDependenciesJvm DependencyFileImpl        Downloaded https://repo1.maven.org/maven2/org/jetbrains/compose/material3/material3-desktop/1.12.0-alpha03/material3-desktop-1.12.0-alpha03.jar for the dependency org.jetbrains.compose.material3:material3-desktop:1.12.0-alpha03
00:18.682 DEBUG :shared:resolveDependenciesJvm DependencyFileImpl        Downloaded https://maven.google.com/androidx/compose/runtime/runtime-saveable-desktop/1.12.1/runtime-saveable-desktop-1.12.1.jar for the dependency androidx.compose.runtime:runtime-saveable-desktop:1.12.1
00:18.752 DEBUG :desktopApp:resolveDependenciesJvm DependencyFileImpl        Downloaded https://repo1.maven.org/maven2/ch/qos/logback/logback-classic/1.6.2/logback-classic-1.6.2.jar for the dependency ch.qos.logback:logback-classic:1.6.2
00:18.791 DEBUG :desktopApp:resolveDependenciesJvm DependencyFileImpl        Downloaded https://repo1.maven.org/maven2/org/slf4j/slf4j-api/2.0.18/slf4j-api-2.0.18.jar for the dependency org.slf4j:slf4j-api:2.0.18
00:18.818 DEBUG :desktopApp:resolveDependenciesJvm DependencyFileImpl        Downloaded https://maven.google.com/androidx/collection/collection-jvm/1.5.0/collection-jvm-1.5.0.jar for the dependency androidx.collection:collection-jvm:1.5.0
00:18.891 DEBUG :desktopApp:resolveDependenciesJvm DependencyFileImpl        Downloaded https://maven.google.com/androidx/lifecycle/lifecycle-viewmodel-compose-desktop/2.11.0/lifecycle-viewmodel-compose-desktop-2.11.0.jar for the dependency androidx.lifecycle:lifecycle-viewmodel-compose-desktop:2.11.0
00:18.892 DEBUG :desktopApp:resolveDependenciesJvm DependencyFileImpl        Downloaded https://maven.google.com/androidx/compose/runtime/runtime-annotation-jvm/1.12.1/runtime-annotation-jvm-1.12.1.jar for the dependency androidx.compose.runtime:runtime-annotation-jvm:1.12.1
00:18.994 DEBUG :desktopApp:resolveDependenciesJvmTest DependencyFileImpl        Downloaded https://repo1.maven.org/maven2/org/junit/platform/junit-platform-commons/1.10.1/junit-platform-commons-1.10.1.jar for the dependency org.junit.platform:junit-platform-commons:1.10.1
00:19.067 DEBUG :desktopApp:resolveDependenciesJvm DependencyFileImpl        Downloaded https://repo1.maven.org/maven2/org/jetbrains/runtime/jbr-api/1.9.0/jbr-api-1.9.0.jar for the dependency org.jetbrains.runtime:jbr-api:1.9.0
00:19.089 DEBUG :desktopApp:resolveDependenciesJvm DependencyFileImpl        Downloaded https://repo1.maven.org/maven2/org/jetbrains/kotlin/kotlin-stdlib/2.4.20/kotlin-stdlib-2.4.20-sources.jar for the dependency org.jetbrains.kotlin:kotlin-stdlib:2.4.20
00:19.591 DEBUG :desktopApp:resolveDependenciesJvm DependencyFileImpl        Not found URL: https://maven.google.com/org/jetbrains/compose/desktop/desktop-jvm-linux-x64/1.12.1/desktop-jvm-linux-x64-1.12.1.jar.sha512
00:19.651 DEBUG :desktopApp:resolveDependenciesJvm DependencyFileImpl        Not found URL: https://maven.google.com/org/jetbrains/annotations/23.0.0/annotations-23.0.0.jar.sha512
00:19.651 DEBUG :desktopApp:resolveDependenciesJvm DependencyFileImpl        Downloaded https://maven.google.com/androidx/compose/runtime/runtime-desktop/1.12.1/runtime-desktop-1.12.1.jar for the dependency androidx.compose.runtime:runtime-desktop:1.12.1
00:19.668 DEBUG :desktopApp:resolveDependenciesJvm DependencyFileImpl        Downloaded https://maven.google.com/androidx/savedstate/savedstate-desktop/1.4.0/savedstate-desktop-1.4.0.jar for the dependency androidx.savedstate:savedstate-desktop:1.4.0
00:19.678 DEBUG :shared:resolveDependenciesJvm DependencyFileImpl        Downloaded https://maven.google.com/androidx/lifecycle/lifecycle-runtime-desktop/2.11.0/lifecycle-runtime-desktop-2.11.0.jar for the dependency androidx.lifecycle:lifecycle-runtime-desktop:2.11.0
00:19.725 DEBUG :desktopApp:resolveDependenciesJvm DependencyFileImpl        Not found URL: https://repo1.maven.org/maven2/org/jetbrains/compose/desktop/desktop-jvm-linux-x64/1.12.1/desktop-jvm-linux-x64-1.12.1.jar.sha256
00:19.736 DEBUG :desktopApp:resolveDependenciesJvm DependencyFileImpl        Not found URL: https://repo1.maven.org/maven2/org/jetbrains/annotations/23.0.0/annotations-23.0.0.jar.sha256
00:19.873 DEBUG :desktopApp:resolveDependenciesJvm DependencyFileImpl        Not found URL: https://maven.google.com/org/jetbrains/compose/desktop/desktop-jvm-linux-x64/1.12.1/desktop-jvm-linux-x64-1.12.1.jar.sha256
00:19.873 DEBUG :desktopApp:resolveDependenciesJvm DependencyFileImpl        Downloaded https://repo1.maven.org/maven2/org/jetbrains/skiko/skiko-awt-runtime-linux-x64/0.150.1/skiko-awt-runtime-linux-x64-0.150.1.jar for the dependency org.jetbrains.skiko:skiko-awt-runtime-linux-x64:0.150.1
00:19.909 DEBUG :desktopApp:resolveDependenciesJvm DependencyFileImpl        Not found URL: https://maven.google.com/org/jetbrains/annotations/23.0.0/annotations-23.0.0.jar.sha256
00:19.970 DEBUG :desktopApp:resolveDependenciesJvm DependencyFileImpl        Downloaded https://repo1.maven.org/maven2/org/jetbrains/annotations/23.0.0/annotations-23.0.0.jar.sha1 for the dependency org.jetbrains:annotations:23.0.0
00:19.999 DEBUG :desktopApp:resolveDependenciesJvm DependencyFileImpl        Not found URL: https://repo1.maven.org/maven2/org/jetbrains/compose/desktop/desktop-jvm-linux-x64/1.12.1/desktop-jvm-linux-x64-1.12.1.jar.sha1
00:20.041 DEBUG :desktopApp:resolveDependenciesJvm DependencyFileImpl        Downloaded https://repo1.maven.org/maven2/org/jetbrains/annotations/23.0.0/annotations-23.0.0.jar for the dependency org.jetbrains:annotations:23.0.0
00:20.177 DEBUG :desktopApp:resolveDependenciesJvm DependencyFileImpl        Not found URL: https://maven.google.com/org/jetbrains/compose/desktop/desktop-jvm-linux-x64/1.12.1/desktop-jvm-linux-x64-1.12.1.jar.sha1
00:20.296 DEBUG :desktopApp:resolveDependenciesJvm DependencyFileImpl        Not found URL: https://repo1.maven.org/maven2/org/jetbrains/compose/desktop/desktop-jvm-linux-x64/1.12.1/desktop-jvm-linux-x64-1.12.1.jar.md5
00:20.493 DEBUG :desktopApp:resolveDependenciesJvm DependencyFileImpl        Not found URL: https://maven.google.com/org/jetbrains/compose/desktop/desktop-jvm-linux-x64/1.12.1/desktop-jvm-linux-x64-1.12.1.jar.md5
00:20.569 DEBUG :desktopApp:resolveDependenciesJvm DependencyFileImpl        Downloaded https://repo1.maven.org/maven2/org/jetbrains/compose/components/components-resources-desktop/1.12.1/components-resources-desktop-1.12.1.jar for the dependency org.jetbrains.compose.components:components-resources-desktop:1.12.1
00:20.599 DEBUG :desktopApp:resolveDependenciesJvm DependencyFileImpl        Not found URL: https://repo1.maven.org/maven2/org/jetbrains/compose/desktop/desktop-jvm-linux-x64/1.12.1/desktop-jvm-linux-x64-1.12.1.jar.sha512
00:20.754 DEBUG :shared:resolveDependenciesJvm IncrementalCache          [inc] '/home/mark/Nextcloud/Documents/School/2026 - Fall/SWE/tmp/shared,leaf platforms,false,ResolutionConfigPlain(scope=COMPILE, platforms=[JVM], repositoryUrls=[https://repo1.maven.org/maven2]),false,true,NETWORK' changes: '/home/mark/.cache/JetBrains/Kotlin/.m2.cache/org/jetbrains/kotlin/kotlin-stdlib/2.4.20/kotlin-stdlib-2.4.20.jar' CREATED, '/home/mark/.cache/JetBrains/Kotlin/.m2.cache/org/jetbrains/compose/runtime/runtime-desktop/1.12.1/runtime-desktop-1.12.1.jar' CREATED, '/home/mark/.cache/JetBrains/Kotlin/.m2.cache/org/jetbrains/compose/foundation/foundation-desktop/1.12.1/foundation-desktop-1.12.1.jar' CREATED, '/home/mark/.cache/JetBrains/Kotlin/.m2.cache/org/jetbrains/compose/material3/material3-desktop/1.12.0-alpha03/material3-desktop-1.12.0-alpha03.jar' CREATED, '/home/mark/.cache/JetBrains/Kotlin/.m2.cache/org/jetbrains/compose/ui/ui-desktop/1.12.1/ui-desktop-1.12.1.jar' CREATED, '/home/mark/.cache/JetBrains/Kotlin/.m2.cache/org/jetbrains/compose/components/components-resources-desktop/1.12.1/components-resources-desktop-1.12.1.jar' CREATED, '/home/mark/.cache/JetBrains/Kotlin/.m2.cache/org/jetbrains/compose/ui/ui-tooling-preview-desktop/1.12.1/ui-tooling-preview-desktop-1.12.1.jar' CREATED, '/home/mark/.cache/JetBrains/Kotlin/.m2.cache/org/jetbrains/compose/hot-reload/hot-reload-runtime-api-jvm/1.2.0/hot-reload-runtime-api-jvm-1.2.0.jar' CREATED, '/home/mark/.cache/JetBrains/Kotlin/.m2.cache/org/jetbrains/androidx/lifecycle/lifecycle-viewmodel-compose-desktop/2.11.0/lifecycle-viewmodel-compose-desktop-2.11.0.jar' CREATED, '/home/mark/.cache/JetBrains/Kotlin/.m2.cache/org/jetbrains/androidx/lifecycle/lifecycle-runtime-compose-desktop/2.11.0/lifecycle-runtime-compose-desktop-2.11.0.jar' CREATED, '/home/mark/.cache/JetBrains/Kotlin/.m2.cache/org/jetbrains/annotations/23.0.0/annotations-23.0.0.jar' CREATED, '/home/mark/.cache/JetBrains/Kotlin/.m2.cache/org/jetbrains/runtime/jbr-api/1.9.0/jbr-api-1.9.0.jar' CREATED, '/home/mark/.cache/JetBrains/Kotlin/.m2.cache/androidx/compose/runtime/runtime-desktop/1.12.1/runtime-desktop-1.12.1.jar' CREATED, '/home/mark/.cache/JetBrains/Kotlin/.m2.cache/androidx/collection/collection-jvm/1.5.0/collection-jvm-1.5.0.jar' CREATED, '/home/mark/.cache/JetBrains/Kotlin/.m2.cache/org/jetbrains/compose/animation/animation-desktop/1.12.1/animation-desktop-1.12.1.jar' CREATED, '/home/mark/.cache/JetBrains/Kotlin/.m2.cache/org/jetbrains/skiko/skiko-awt/0.150.1/skiko-awt-0.150.1.jar' CREATED, '/home/mark/.cache/JetBrains/Kotlin/.m2.cache/androidx/graphics/graphics-shapes-desktop/1.1.0/graphics-shapes-desktop-1.1.0.jar' CREATED, '/home/mark/.cache/JetBrains/Kotlin/.m2.cache/org/jetbrains/compose/foundation/foundation-layout-desktop/1.12.1/foundation-layout-desktop-1.12.1.jar' CREATED, '/home/mark/.cache/JetBrains/Kotlin/.m2.cache/org/jetbrains/compose/material/material-ripple-desktop/1.12.0-beta01/material-ripple-desktop-1.12.0-beta01.jar' CREATED, '/home/mark/.cache/JetBrains/Kotlin/.m2.cache/org/jetbrains/compose/ui/ui-text-desktop/1.12.1/ui-text-desktop-1.12.1.jar' CREATED, '/home/mark/.cache/JetBrains/Kotlin/.m2.cache/androidx/annotation/annotation-jvm/1.9.1/annotation-jvm-1.9.1.jar' CREATED, '/home/mark/.cache/JetBrains/Kotlin/.m2.cache/androidx/compose/runtime/runtime-retain-desktop/1.12.1/runtime-retain-desktop-1.12.1.jar' CREATED, '/home/mark/.cache/JetBrains/Kotlin/.m2.cache/androidx/savedstate/savedstate-compose-desktop/1.4.0/savedstate-compose-desktop-1.4.0.jar' CREATED, '/home/mark/.cache/JetBrains/Kotlin/.m2.cache/org/jetbrains/compose/runtime/runtime-saveable-desktop/1.12.1/runtime-saveable-desktop-1.12.1.jar' CREATED, '/home/mark/.cache/JetBrains/Kotlin/.m2.cache/org/jetbrains/compose/ui/ui-geometry-desktop/1.12.1/ui-geometry-desktop-1.12.1.jar' CREATED, '/home/mark/.cache/JetBrains/Kotlin/.m2.cache/org/jetbrains/compose/ui/ui-graphics-desktop/1.12.1/ui-graphics-desktop-1.12.1.jar' CREATED, '/home/mark/.cache/JetBrains/Kotlin/.m2.cache/org/jetbrains/compose/ui/ui-unit-desktop/1.12.1/ui-unit-desktop-1.12.1.jar' CREATED, '/home/mark/.cache/JetBrains/Kotlin/.m2.cache/org/jetbrains/compose/ui/ui-util-desktop/1.12.1/ui-util-desktop-1.12.1.jar' CREATED, '/home/mark/.cache/JetBrains/Kotlin/.m2.cache/org/jetbrains/compose/hot-reload/hot-reload-annotations-jvm/1.2.0/hot-reload-annotations-jvm-1.2.0.jar' CREATED, '/home/mark/.cache/JetBrains/Kotlin/.m2.cache/androidx/lifecycle/lifecycle-viewmodel-compose-desktop/2.11.0/lifecycle-viewmodel-compose-desktop-2.11.0.jar' CREATED, '/home/mark/.cache/JetBrains/Kotlin/.m2.cache/org/jetbrains/androidx/lifecycle/lifecycle-common-jvm/2.11.0/lifecycle-common-jvm-2.11.0.jar' CREATED, '/home/mark/.cache/JetBrains/Kotlin/.m2.cache/org/jetbrains/androidx/lifecycle/lifecycle-viewmodel-desktop/2.11.0/lifecycle-viewmodel-desktop-2.11.0.jar' CREATED, '/home/mark/.cache/JetBrains/Kotlin/.m2.cache/org/jetbrains/androidx/lifecycle/lifecycle-viewmodel-savedstate-desktop/2.11.0/lifecycle-viewmodel-savedstate-desktop-2.11.0.jar' CREATED, '/home/mark/.cache/JetBrains/Kotlin/.m2.cache/androidx/lifecycle/lifecycle-runtime-compose-desktop/2.11.0/lifecycle-runtime-compose-desktop-2.11.0.jar' CREATED, '/home/mark/.cache/JetBrains/Kotlin/.m2.cache/org/jetbrains/androidx/lifecycle/lifecycle-runtime-desktop/2.11.0/lifecycle-runtime-desktop-2.11.0.jar' CREATED, '/home/mark/.cache/JetBrains/Kotlin/.m2.cache/org/jetbrains/kotlinx/atomicfu-jvm/0.28.0/atomicfu-jvm-0.28.0.jar' CREATED, '/home/mark/.cache/JetBrains/Kotlin/.m2.cache/org/jetbrains/compose/animation/animation-core-desktop/1.12.1/animation-core-desktop-1.12.1.jar' CREATED, '/home/mark/.cache/JetBrains/Kotlin/.m2.cache/org/jetbrains/compose/ui/ui-backhandler-desktop/1.12.1/ui-backhandler-desktop-1.12.1.jar' CREATED, '/home/mark/.cache/JetBrains/Kotlin/.m2.cache/org/jetbrains/kotlinx/kotlinx-datetime-jvm/0.7.1/kotlinx-datetime-jvm-0.7.1.jar' CREATED, '/home/mark/.cache/JetBrains/Kotlin/.m2.cache/androidx/lifecycle/lifecycle-viewmodel-savedstate-desktop/2.11.0/lifecycle-viewmodel-savedstate-desktop-2.11.0.jar' CREATED, '/home/mark/.cache/JetBrains/Kotlin/.m2.cache/org/jetbrains/androidx/navigationevent/navigationevent-compose-desktop/1.1.0/navigationevent-compose-desktop-1.1.0.jar' CREATED, '/home/mark/.cache/JetBrains/Kotlin/.m2.cache/org/jetbrains/kotlinx/kotlinx-coroutines-core-jvm/1.11.0/kotlinx-coroutines-core-jvm-1.11.0.jar' CREATED, '/home/mark/.cache/JetBrains/Kotlin/.m2.cache/androidx/compose/runtime/runtime-annotation-jvm/1.12.1/runtime-annotation-jvm-1.12.1.jar' CREATED, '/home/mark/.cache/JetBrains/Kotlin/.m2.cache/androidx/savedstate/savedstate-desktop/1.4.0/savedstate-desktop-1.4.0.jar' CREATED, '/home/mark/.cache/JetBrains/Kotlin/.m2.cache/androidx/compose/runtime/runtime-saveable-desktop/1.12.1/runtime-saveable-desktop-1.12.1.jar' CREATED, '/home/mark/.cache/JetBrains/Kotlin/.m2.cache/org/jetbrains/androidx/savedstate/savedstate-compose-desktop/1.3.6/savedstate-compose-desktop-1.3.6.jar' CREATED, '/home/mark/.cache/JetBrains/Kotlin/.m2.cache/androidx/lifecycle/lifecycle-common-jvm/2.11.0/lifecycle-common-jvm-2.11.0.jar' CREATED, '/home/mark/.cache/JetBrains/Kotlin/.m2.cache/androidx/lifecycle/lifecycle-viewmodel-desktop/2.11.0/lifecycle-viewmodel-desktop-2.11.0.jar' CREATED, '/home/mark/.cache/JetBrains/Kotlin/.m2.cache/org/jetbrains/kotlinx/kotlinx-serialization-core-jvm/1.7.3/kotlinx-serialization-core-jvm-1.7.3.jar' CREATED, '/home/mark/.cache/JetBrains/Kotlin/.m2.cache/androidx/lifecycle/lifecycle-runtime-desktop/2.11.0/lifecycle-runtime-desktop-2.11.0.jar' CREATED, '/home/mark/.cache/JetBrains/Kotlin/.m2.cache/androidx/navigationevent/navigationevent-compose-desktop/1.1.1/navigationevent-compose-desktop-1.1.1.jar' CREATED, '/home/mark/.cache/JetBrains/Kotlin/.m2.cache/org/jspecify/jspecify/1.0.0/jspecify-1.0.0.jar' CREATED, '/home/mark/.cache/JetBrains/Kotlin/.m2.cache/androidx/arch/core/core-common/2.2.0/core-common-2.2.0.jar' CREATED, '/home/mark/.cache/JetBrains/Kotlin/.m2.cache/androidx/navigationevent/navigationevent-desktop/1.1.1/navigationevent-desktop-1.1.1.jar' CREATED
00:20.761 DEBUG :shared:resolveDependenciesJvmTest IncrementalCache          [inc] '/home/mark/Nextcloud/Documents/School/2026 - Fall/SWE/tmp/shared,leaf platforms,true,ResolutionConfigPlain(scope=COMPILE, platforms=[JVM], repositoryUrls=[https://repo1.maven.org/maven2]),false,true,NETWORK' changes: '/home/mark/.cache/JetBrains/Kotlin/.m2.cache/org/jetbrains/kotlin/kotlin-stdlib/2.4.20/kotlin-stdlib-2.4.20.jar' CREATED, '/home/mark/.cache/JetBrains/Kotlin/.m2.cache/org/jetbrains/kotlin/kotlin-test-junit5/2.4.20/kotlin-test-junit5-2.4.20.jar' CREATED, '/home/mark/.cache/JetBrains/Kotlin/.m2.cache/org/jetbrains/compose/runtime/runtime-desktop/1.12.1/runtime-desktop-1.12.1.jar' CREATED, '/home/mark/.cache/JetBrains/Kotlin/.m2.cache/org/jetbrains/compose/foundation/foundation-desktop/1.12.1/foundation-desktop-1.12.1.jar' CREATED, '/home/mark/.cache/JetBrains/Kotlin/.m2.cache/org/jetbrains/compose/material3/material3-desktop/1.12.0-alpha03/material3-desktop-1.12.0-alpha03.jar' CREATED, '/home/mark/.cache/JetBrains/Kotlin/.m2.cache/org/jetbrains/compose/ui/ui-desktop/1.12.1/ui-desktop-1.12.1.jar' CREATED, '/home/mark/.cache/JetBrains/Kotlin/.m2.cache/org/jetbrains/compose/components/components-resources-desktop/1.12.1/components-resources-desktop-1.12.1.jar' CREATED, '/home/mark/.cache/JetBrains/Kotlin/.m2.cache/org/jetbrains/compose/ui/ui-tooling-preview-desktop/1.12.1/ui-tooling-preview-desktop-1.12.1.jar' CREATED, '/home/mark/.cache/JetBrains/Kotlin/.m2.cache/org/jetbrains/compose/hot-reload/hot-reload-runtime-api-jvm/1.2.0/hot-reload-runtime-api-jvm-1.2.0.jar' CREATED, '/home/mark/.cache/JetBrains/Kotlin/.m2.cache/org/jetbrains/androidx/lifecycle/lifecycle-viewmodel-compose-desktop/2.11.0/lifecycle-viewmodel-compose-desktop-2.11.0.jar' CREATED, '/home/mark/.cache/JetBrains/Kotlin/.m2.cache/org/jetbrains/androidx/lifecycle/lifecycle-runtime-compose-desktop/2.11.0/lifecycle-runtime-compose-desktop-2.11.0.jar' CREATED, '/home/mark/.cache/JetBrains/Kotlin/.m2.cache/org/jetbrains/annotations/23.0.0/annotations-23.0.0.jar' CREATED, '/home/mark/.cache/JetBrains/Kotlin/.m2.cache/org/jetbrains/kotlin/kotlin-test/2.4.20/kotlin-test-2.4.20.jar' CREATED, '/home/mark/.cache/JetBrains/Kotlin/.m2.cache/org/junit/jupiter/junit-jupiter-api/5.10.1/junit-jupiter-api-5.10.1.jar' CREATED, '/home/mark/.cache/JetBrains/Kotlin/.m2.cache/org/junit/jupiter/junit-jupiter-engine/5.10.1/junit-jupiter-engine-5.10.1.jar' CREATED, '/home/mark/.cache/JetBrains/Kotlin/.m2.cache/org/junit/platform/junit-platform-launcher/1.10.1/junit-platform-launcher-1.10.1.jar' CREATED, '/home/mark/.cache/JetBrains/Kotlin/.m2.cache/org/opentest4j/opentest4j/1.3.0/opentest4j-1.3.0.jar' CREATED, '/home/mark/.cache/JetBrains/Kotlin/.m2.cache/org/junit/platform/junit-platform-commons/1.10.1/junit-platform-commons-1.10.1.jar' CREATED, '/home/mark/.cache/JetBrains/Kotlin/.m2.cache/org/apiguardian/apiguardian-api/1.1.2/apiguardian-api-1.1.2.jar' CREATED, '/home/mark/.cache/JetBrains/Kotlin/.m2.cache/org/jetbrains/runtime/jbr-api/1.9.0/jbr-api-1.9.0.jar' CREATED, '/home/mark/.cache/JetBrains/Kotlin/.m2.cache/org/junit/platform/junit-platform-engine/1.10.1/junit-platform-engine-1.10.1.jar' CREATED, '/home/mark/.cache/JetBrains/Kotlin/.m2.cache/androidx/compose/runtime/runtime-desktop/1.12.1/runtime-desktop-1.12.1.jar' CREATED, '/home/mark/.cache/JetBrains/Kotlin/.m2.cache/androidx/collection/collection-jvm/1.5.0/collection-jvm-1.5.0.jar' CREATED, '/home/mark/.cache/JetBrains/Kotlin/.m2.cache/org/jetbrains/compose/animation/animation-desktop/1.12.1/animation-desktop-1.12.1.jar' CREATED, '/home/mark/.cache/JetBrains/Kotlin/.m2.cache/org/jetbrains/skiko/skiko-awt/0.150.1/skiko-awt-0.150.1.jar' CREATED, '/home/mark/.cache/JetBrains/Kotlin/.m2.cache/androidx/graphics/graphics-shapes-desktop/1.1.0/graphics-shapes-desktop-1.1.0.jar' CREATED, '/home/mark/.cache/JetBrains/Kotlin/.m2.cache/org/jetbrains/compose/foundation/foundation-layout-desktop/1.12.1/foundation-layout-desktop-1.12.1.jar' CREATED, '/home/mark/.cache/JetBrains/Kotlin/.m2.cache/org/jetbrains/compose/material/material-ripple-desktop/1.12.0-beta01/material-ripple-desktop-1.12.0-beta01.jar' CREATED, '/home/mark/.cache/JetBrains/Kotlin/.m2.cache/org/jetbrains/compose/ui/ui-text-desktop/1.12.1/ui-text-desktop-1.12.1.jar' CREATED, '/home/mark/.cache/JetBrains/Kotlin/.m2.cache/androidx/annotation/annotation-jvm/1.9.1/annotation-jvm-1.9.1.jar' CREATED, '/home/mark/.cache/JetBrains/Kotlin/.m2.cache/androidx/compose/runtime/runtime-retain-desktop/1.12.1/runtime-retain-desktop-1.12.1.jar' CREATED, '/home/mark/.cache/JetBrains/Kotlin/.m2.cache/androidx/savedstate/savedstate-compose-desktop/1.4.0/savedstate-compose-desktop-1.4.0.jar' CREATED, '/home/mark/.cache/JetBrains/Kotlin/.m2.cache/org/jetbrains/compose/runtime/runtime-saveable-desktop/1.12.1/runtime-saveable-desktop-1.12.1.jar' CREATED, '/home/mark/.cache/JetBrains/Kotlin/.m2.cache/org/jetbrains/compose/ui/ui-geometry-desktop/1.12.1/ui-geometry-desktop-1.12.1.jar' CREATED, '/home/mark/.cache/JetBrains/Kotlin/.m2.cache/org/jetbrains/compose/ui/ui-graphics-desktop/1.12.1/ui-graphics-desktop-1.12.1.jar' CREATED, '/home/mark/.cache/JetBrains/Kotlin/.m2.cache/org/jetbrains/compose/ui/ui-unit-desktop/1.12.1/ui-unit-desktop-1.12.1.jar' CREATED, '/home/mark/.cache/JetBrains/Kotlin/.m2.cache/org/jetbrains/compose/ui/ui-util-desktop/1.12.1/ui-util-desktop-1.12.1.jar' CREATED, '/home/mark/.cache/JetBrains/Kotlin/.m2.cache/org/jetbrains/compose/hot-reload/hot-reload-annotations-jvm/1.2.0/hot-reload-annotations-jvm-1.2.0.jar' CREATED, '/home/mark/.cache/JetBrains/Kotlin/.m2.cache/androidx/lifecycle/lifecycle-viewmodel-compose-desktop/2.11.0/lifecycle-viewmodel-compose-desktop-2.11.0.jar' CREATED, '/home/mark/.cache/JetBrains/Kotlin/.m2.cache/org/jetbrains/androidx/lifecycle/lifecycle-common-jvm/2.11.0/lifecycle-common-jvm-2.11.0.jar' CREATED, '/home/mark/.cache/JetBrains/Kotlin/.m2.cache/org/jetbrains/androidx/lifecycle/lifecycle-viewmodel-desktop/2.11.0/lifecycle-viewmodel-desktop-2.11.0.jar' CREATED, '/home/mark/.cache/JetBrains/Kotlin/.m2.cache/org/jetbrains/androidx/lifecycle/lifecycle-viewmodel-savedstate-desktop/2.11.0/lifecycle-viewmodel-savedstate-desktop-2.11.0.jar' CREATED, '/home/mark/.cache/JetBrains/Kotlin/.m2.cache/androidx/lifecycle/lifecycle-runtime-compose-desktop/2.11.0/lifecycle-runtime-compose-desktop-2.11.0.jar' CREATED, '/home/mark/.cache/JetBrains/Kotlin/.m2.cache/org/jetbrains/androidx/lifecycle/lifecycle-runtime-desktop/2.11.0/lifecycle-runtime-desktop-2.11.0.jar' CREATED, '/home/mark/.cache/JetBrains/Kotlin/.m2.cache/org/jetbrains/kotlinx/atomicfu-jvm/0.28.0/atomicfu-jvm-0.28.0.jar' CREATED, '/home/mark/.cache/JetBrains/Kotlin/.m2.cache/org/jetbrains/compose/animation/animation-core-desktop/1.12.1/animation-core-desktop-1.12.1.jar' CREATED, '/home/mark/.cache/JetBrains/Kotlin/.m2.cache/org/jetbrains/compose/ui/ui-backhandler-desktop/1.12.1/ui-backhandler-desktop-1.12.1.jar' CREATED, '/home/mark/.cache/JetBrains/Kotlin/.m2.cache/org/jetbrains/kotlinx/kotlinx-datetime-jvm/0.7.1/kotlinx-datetime-jvm-0.7.1.jar' CREATED, '/home/mark/.cache/JetBrains/Kotlin/.m2.cache/androidx/lifecycle/lifecycle-viewmodel-savedstate-desktop/2.11.0/lifecycle-viewmodel-savedstate-desktop-2.11.0.jar' CREATED, '/home/mark/.cache/JetBrains/Kotlin/.m2.cache/org/jetbrains/androidx/navigationevent/navigationevent-compose-desktop/1.1.0/navigationevent-compose-desktop-1.1.0.jar' CREATED, '/home/mark/.cache/JetBrains/Kotlin/.m2.cache/org/jetbrains/kotlinx/kotlinx-coroutines-core-jvm/1.11.0/kotlinx-coroutines-core-jvm-1.11.0.jar' CREATED, '/home/mark/.cache/JetBrains/Kotlin/.m2.cache/androidx/compose/runtime/runtime-annotation-jvm/1.12.1/runtime-annotation-jvm-1.12.1.jar' CREATED, '/home/mark/.cache/JetBrains/Kotlin/.m2.cache/androidx/savedstate/savedstate-desktop/1.4.0/savedstate-desktop-1.4.0.jar' CREATED, '/home/mark/.cache/JetBrains/Kotlin/.m2.cache/androidx/compose/runtime/runtime-saveable-desktop/1.12.1/runtime-saveable-desktop-1.12.1.jar' CREATED, '/home/mark/.cache/JetBrains/Kotlin/.m2.cache/org/jetbrains/androidx/savedstate/savedstate-compose-desktop/1.3.6/savedstate-compose-desktop-1.3.6.jar' CREATED, '/home/mark/.cache/JetBrains/Kotlin/.m2.cache/androidx/lifecycle/lifecycle-common-jvm/2.11.0/lifecycle-common-jvm-2.11.0.jar' CREATED, '/home/mark/.cache/JetBrains/Kotlin/.m2.cache/androidx/lifecycle/lifecycle-viewmodel-desktop/2.11.0/lifecycle-viewmodel-desktop-2.11.0.jar' CREATED, '/home/mark/.cache/JetBrains/Kotlin/.m2.cache/org/jetbrains/kotlinx/kotlinx-serialization-core-jvm/1.7.3/kotlinx-serialization-core-jvm-1.7.3.jar' CREATED, '/home/mark/.cache/JetBrains/Kotlin/.m2.cache/androidx/lifecycle/lifecycle-runtime-desktop/2.11.0/lifecycle-runtime-desktop-2.11.0.jar' CREATED, '/home/mark/.cache/JetBrains/Kotlin/.m2.cache/androidx/navigationevent/navigationevent-compose-desktop/1.1.1/navigationevent-compose-desktop-1.1.1.jar' CREATED, '/home/mark/.cache/JetBrains/Kotlin/.m2.cache/org/jspecify/jspecify/1.0.0/jspecify-1.0.0.jar' CREATED, '/home/mark/.cache/JetBrains/Kotlin/.m2.cache/androidx/arch/core/core-common/2.2.0/core-common-2.2.0.jar' CREATED, '/home/mark/.cache/JetBrains/Kotlin/.m2.cache/androidx/navigationevent/navigationevent-desktop/1.1.1/navigationevent-desktop-1.1.1.jar' CREATED
00:20.771 DEBUG :desktopApp:resolveDependenciesJvm DependencyFileImpl        Not found URL: https://maven.google.com/org/jetbrains/compose/desktop/desktop-jvm-linux-x64/1.12.1/desktop-jvm-linux-x64-1.12.1.jar.sha512
00:20.800 DEBUG :desktopApp:resolveDependenciesJvm DependencyFileImpl        Not found URL: https://repo1.maven.org/maven2/org/jetbrains/compose/desktop/desktop-jvm-linux-x64/1.12.1/desktop-jvm-linux-x64-1.12.1.jar.sha256
00:20.829 DEBUG :shared:resolveDependenciesJvm IncrementalCache          [inc] 'shared:jvm:main' changes: '/home/mark/.cache/JetBrains/Kotlin/.m2.cache/androidx/annotation/annotation-jvm/1.9.1/annotation-jvm-1.9.1.jar' CREATED, '/home/mark/.cache/JetBrains/Kotlin/.m2.cache/androidx/arch/core/core-common/2.2.0/core-common-2.2.0.jar' CREATED, '/home/mark/.cache/JetBrains/Kotlin/.m2.cache/androidx/collection/collection-jvm/1.5.0/collection-jvm-1.5.0.jar' CREATED, '/home/mark/.cache/JetBrains/Kotlin/.m2.cache/androidx/compose/runtime/runtime-annotation-jvm/1.12.1/runtime-annotation-jvm-1.12.1.jar' CREATED, '/home/mark/.cache/JetBrains/Kotlin/.m2.cache/androidx/compose/runtime/runtime-desktop/1.12.1/runtime-desktop-1.12.1.jar' CREATED, '/home/mark/.cache/JetBrains/Kotlin/.m2.cache/androidx/compose/runtime/runtime-retain-desktop/1.12.1/runtime-retain-desktop-1.12.1.jar' CREATED, '/home/mark/.cache/JetBrains/Kotlin/.m2.cache/androidx/compose/runtime/runtime-saveable-desktop/1.12.1/runtime-saveable-desktop-1.12.1.jar' CREATED, '/home/mark/.cache/JetBrains/Kotlin/.m2.cache/androidx/graphics/graphics-shapes-desktop/1.1.0/graphics-shapes-desktop-1.1.0.jar' CREATED, '/home/mark/.cache/JetBrains/Kotlin/.m2.cache/androidx/lifecycle/lifecycle-common-jvm/2.11.0/lifecycle-common-jvm-2.11.0.jar' CREATED, '/home/mark/.cache/JetBrains/Kotlin/.m2.cache/androidx/lifecycle/lifecycle-runtime-compose-desktop/2.11.0/lifecycle-runtime-compose-desktop-2.11.0.jar' CREATED, '/home/mark/.cache/JetBrains/Kotlin/.m2.cache/androidx/lifecycle/lifecycle-runtime-desktop/2.11.0/lifecycle-runtime-desktop-2.11.0.jar' CREATED, '/home/mark/.cache/JetBrains/Kotlin/.m2.cache/androidx/lifecycle/lifecycle-viewmodel-compose-desktop/2.11.0/lifecycle-viewmodel-compose-desktop-2.11.0.jar' CREATED, '/home/mark/.cache/JetBrains/Kotlin/.m2.cache/androidx/lifecycle/lifecycle-viewmodel-desktop/2.11.0/lifecycle-viewmodel-desktop-2.11.0.jar' CREATED, '/home/mark/.cache/JetBrains/Kotlin/.m2.cache/androidx/lifecycle/lifecycle-viewmodel-savedstate-desktop/2.11.0/lifecycle-viewmodel-savedstate-desktop-2.11.0.jar' CREATED, '/home/mark/.cache/JetBrains/Kotlin/.m2.cache/androidx/navigationevent/navigationevent-compose-desktop/1.1.1/navigationevent-compose-desktop-1.1.1.jar' CREATED, '/home/mark/.cache/JetBrains/Kotlin/.m2.cache/androidx/navigationevent/navigationevent-desktop/1.1.1/navigationevent-desktop-1.1.1.jar' CREATED, '/home/mark/.cache/JetBrains/Kotlin/.m2.cache/androidx/savedstate/savedstate-compose-desktop/1.4.0/savedstate-compose-desktop-1.4.0.jar' CREATED, '/home/mark/.cache/JetBrains/Kotlin/.m2.cache/androidx/savedstate/savedstate-desktop/1.4.0/savedstate-desktop-1.4.0.jar' CREATED, '/home/mark/.cache/JetBrains/Kotlin/.m2.cache/org/jetbrains/androidx/lifecycle/lifecycle-common-jvm/2.11.0/lifecycle-common-jvm-2.11.0.jar' CREATED, '/home/mark/.cache/JetBrains/Kotlin/.m2.cache/org/jetbrains/androidx/lifecycle/lifecycle-runtime-compose-desktop/2.11.0/lifecycle-runtime-compose-desktop-2.11.0.jar' CREATED, '/home/mark/.cache/JetBrains/Kotlin/.m2.cache/org/jetbrains/androidx/lifecycle/lifecycle-runtime-desktop/2.11.0/lifecycle-runtime-desktop-2.11.0.jar' CREATED, '/home/mark/.cache/JetBrains/Kotlin/.m2.cache/org/jetbrains/androidx/lifecycle/lifecycle-viewmodel-compose-desktop/2.11.0/lifecycle-viewmodel-compose-desktop-2.11.0.jar' CREATED, '/home/mark/.cache/JetBrains/Kotlin/.m2.cache/org/jetbrains/androidx/lifecycle/lifecycle-viewmodel-desktop/2.11.0/lifecycle-viewmodel-desktop-2.11.0.jar' CREATED, '/home/mark/.cache/JetBrains/Kotlin/.m2.cache/org/jetbrains/androidx/lifecycle/lifecycle-viewmodel-savedstate-desktop/2.11.0/lifecycle-viewmodel-savedstate-desktop-2.11.0.jar' CREATED, '/home/mark/.cache/JetBrains/Kotlin/.m2.cache/org/jetbrains/androidx/navigationevent/navigationevent-compose-desktop/1.1.0/navigationevent-compose-desktop-1.1.0.jar' CREATED, '/home/mark/.cache/JetBrains/Kotlin/.m2.cache/org/jetbrains/androidx/savedstate/savedstate-compose-desktop/1.3.6/savedstate-compose-desktop-1.3.6.jar' CREATED, '/home/mark/.cache/JetBrains/Kotlin/.m2.cache/org/jetbrains/annotations/23.0.0/annotations-23.0.0.jar' CREATED, '/home/mark/.cache/JetBrains/Kotlin/.m2.cache/org/jetbrains/compose/animation/animation-core-desktop/1.12.1/animation-core-desktop-1.12.1.jar' CREATED, '/home/mark/.cache/JetBrains/Kotlin/.m2.cache/org/jetbrains/compose/animation/animation-desktop/1.12.1/animation-desktop-1.12.1.jar' CREATED, '/home/mark/.cache/JetBrains/Kotlin/.m2.cache/org/jetbrains/compose/components/components-resources-desktop/1.12.1/components-resources-desktop-1.12.1.jar' CREATED, '/home/mark/.cache/JetBrains/Kotlin/.m2.cache/org/jetbrains/compose/foundation/foundation-desktop/1.12.1/foundation-desktop-1.12.1.jar' CREATED, '/home/mark/.cache/JetBrains/Kotlin/.m2.cache/org/jetbrains/compose/foundation/foundation-layout-desktop/1.12.1/foundation-layout-desktop-1.12.1.jar' CREATED, '/home/mark/.cache/JetBrains/Kotlin/.m2.cache/org/jetbrains/compose/hot-reload/hot-reload-annotations-jvm/1.2.0/hot-reload-annotations-jvm-1.2.0.jar' CREATED, '/home/mark/.cache/JetBrains/Kotlin/.m2.cache/org/jetbrains/compose/hot-reload/hot-reload-runtime-api-jvm/1.2.0/hot-reload-runtime-api-jvm-1.2.0.jar' CREATED, '/home/mark/.cache/JetBrains/Kotlin/.m2.cache/org/jetbrains/compose/material/material-ripple-desktop/1.12.0-beta01/material-ripple-desktop-1.12.0-beta01.jar' CREATED, '/home/mark/.cache/JetBrains/Kotlin/.m2.cache/org/jetbrains/compose/material3/material3-desktop/1.12.0-alpha03/material3-desktop-1.12.0-alpha03.jar' CREATED, '/home/mark/.cache/JetBrains/Kotlin/.m2.cache/org/jetbrains/compose/runtime/runtime-desktop/1.12.1/runtime-desktop-1.12.1.jar' CREATED, '/home/mark/.cache/JetBrains/Kotlin/.m2.cache/org/jetbrains/compose/runtime/runtime-saveable-desktop/1.12.1/runtime-saveable-desktop-1.12.1.jar' CREATED, '/home/mark/.cache/JetBrains/Kotlin/.m2.cache/org/jetbrains/compose/ui/ui-backhandler-desktop/1.12.1/ui-backhandler-desktop-1.12.1.jar' CREATED, '/home/mark/.cache/JetBrains/Kotlin/.m2.cache/org/jetbrains/compose/ui/ui-desktop/1.12.1/ui-desktop-1.12.1.jar' CREATED, '/home/mark/.cache/JetBrains/Kotlin/.m2.cache/org/jetbrains/compose/ui/ui-geometry-desktop/1.12.1/ui-geometry-desktop-1.12.1.jar' CREATED, '/home/mark/.cache/JetBrains/Kotlin/.m2.cache/org/jetbrains/compose/ui/ui-graphics-desktop/1.12.1/ui-graphics-desktop-1.12.1.jar' CREATED, '/home/mark/.cache/JetBrains/Kotlin/.m2.cache/org/jetbrains/compose/ui/ui-text-desktop/1.12.1/ui-text-desktop-1.12.1.jar' CREATED, '/home/mark/.cache/JetBrains/Kotlin/.m2.cache/org/jetbrains/compose/ui/ui-tooling-preview-desktop/1.12.1/ui-tooling-preview-desktop-1.12.1.jar' CREATED, '/home/mark/.cache/JetBrains/Kotlin/.m2.cache/org/jetbrains/compose/ui/ui-unit-desktop/1.12.1/ui-unit-desktop-1.12.1.jar' CREATED, '/home/mark/.cache/JetBrains/Kotlin/.m2.cache/org/jetbrains/compose/ui/ui-util-desktop/1.12.1/ui-util-desktop-1.12.1.jar' CREATED, '/home/mark/.cache/JetBrains/Kotlin/.m2.cache/org/jetbrains/kotlin/kotlin-stdlib/2.4.20/kotlin-stdlib-2.4.20.jar' CREATED, '/home/mark/.cache/JetBrains/Kotlin/.m2.cache/org/jetbrains/kotlinx/atomicfu-jvm/0.28.0/atomicfu-jvm-0.28.0.jar' CREATED, '/home/mark/.cache/JetBrains/Kotlin/.m2.cache/org/jetbrains/kotlinx/kotlinx-coroutines-core-jvm/1.11.0/kotlinx-coroutines-core-jvm-1.11.0.jar' CREATED, '/home/mark/.cache/JetBrains/Kotlin/.m2.cache/org/jetbrains/kotlinx/kotlinx-datetime-jvm/0.7.1/kotlinx-datetime-jvm-0.7.1.jar' CREATED, '/home/mark/.cache/JetBrains/Kotlin/.m2.cache/org/jetbrains/kotlinx/kotlinx-serialization-core-jvm/1.7.3/kotlinx-serialization-core-jvm-1.7.3.jar' CREATED, '/home/mark/.cache/JetBrains/Kotlin/.m2.cache/org/jetbrains/runtime/jbr-api/1.9.0/jbr-api-1.9.0.jar' CREATED, '/home/mark/.cache/JetBrains/Kotlin/.m2.cache/org/jetbrains/skiko/skiko-awt/0.150.1/skiko-awt-0.150.1.jar' CREATED, '/home/mark/.cache/JetBrains/Kotlin/.m2.cache/org/jspecify/jspecify/1.0.0/jspecify-1.0.0.jar' CREATED
00:20.831 DEBUG :shared:resolveDependenciesJvm ResolveExternalDependenciesTask$Companion resolve dependencies shared -- common jvm -- org.jetbrains.androidx.lifecycle:lifecycle-runtime-compose:2.11.0 org.jetbrains.androidx.lifecycle:lifecycle-viewmodel-compose:2.11.0 org.jetbrains.compose.components:components-resources:1.12.1 org.jetbrains.compose.foundation:foundation:1.12.1 org.jetbrains.compose.hot-reload:hot-reload-runtime-api:1.2.0 org.jetbrains.compose.material3:material3:1.12.0-alpha03 org.jetbrains.compose.runtime:runtime:1.12.1 org.jetbrains.compose.ui:ui-tooling-preview:1.12.1 org.jetbrains.compose.ui:ui:1.12.1 org.jetbrains.kotlin:kotlin-stdlib:2.4.20 -- resolvePlatform=JVM nativeTarget=null
wasmTarget=null
https://repo1.maven.org/maven2 https://maven.google.com https://packages.jetbrains.team/maven/p/amper/compose-hot-reload resolved to:
  .m2.cache/org/jetbrains/kotlin/kotlin-stdlib/2.4.20/kotlin-stdlib-2.4.20.jar
  .m2.cache/org/jetbrains/compose/runtime/runtime-desktop/1.12.1/runtime-desktop-1.12.1.jar
  .m2.cache/org/jetbrains/compose/foundation/foundation-desktop/1.12.1/foundation-desktop-1.12.1.jar
  .m2.cache/org/jetbrains/compose/material3/material3-desktop/1.12.0-alpha03/material3-desktop-1.12.0-alpha03.jar
  .m2.cache/org/jetbrains/compose/ui/ui-desktop/1.12.1/ui-desktop-1.12.1.jar
  .m2.cache/org/jetbrains/compose/components/components-resources-desktop/1.12.1/components-resources-desktop-1.12.1.jar
  .m2.cache/org/jetbrains/compose/ui/ui-tooling-preview-desktop/1.12.1/ui-tooling-preview-desktop-1.12.1.jar
  .m2.cache/org/jetbrains/compose/hot-reload/hot-reload-runtime-api-jvm/1.2.0/hot-reload-runtime-api-jvm-1.2.0.jar
  .m2.cache/org/jetbrains/androidx/lifecycle/lifecycle-viewmodel-compose-desktop/2.11.0/lifecycle-viewmodel-compose-desktop-2.11.0.jar
  .m2.cache/org/jetbrains/androidx/lifecycle/lifecycle-runtime-compose-desktop/2.11.0/lifecycle-runtime-compose-desktop-2.11.0.jar
  .m2.cache/org/jetbrains/annotations/23.0.0/annotations-23.0.0.jar
  .m2.cache/androidx/compose/runtime/runtime-desktop/1.12.1/runtime-desktop-1.12.1.jar
  .m2.cache/androidx/collection/collection-jvm/1.5.0/collection-jvm-1.5.0.jar
  .m2.cache/org/jetbrains/compose/animation/animation-desktop/1.12.1/animation-desktop-1.12.1.jar
  .m2.cache/org/jetbrains/skiko/skiko-awt/0.150.1/skiko-awt-0.150.1.jar
  .m2.cache/androidx/graphics/graphics-shapes-desktop/1.1.0/graphics-shapes-desktop-1.1.0.jar
  .m2.cache/org/jetbrains/compose/foundation/foundation-layout-desktop/1.12.1/foundation-layout-desktop-1.12.1.jar
  .m2.cache/org/jetbrains/compose/material/material-ripple-desktop/1.12.0-beta01/material-ripple-desktop-1.12.0-beta01.jar
  .m2.cache/org/jetbrains/compose/ui/ui-text-desktop/1.12.1/ui-text-desktop-1.12.1.jar
  .m2.cache/androidx/annotation/annotation-jvm/1.9.1/annotation-jvm-1.9.1.jar
  .m2.cache/androidx/compose/runtime/runtime-retain-desktop/1.12.1/runtime-retain-desktop-1.12.1.jar
  .m2.cache/androidx/savedstate/savedstate-compose-desktop/1.4.0/savedstate-compose-desktop-1.4.0.jar
  .m2.cache/org/jetbrains/compose/runtime/runtime-saveable-desktop/1.12.1/runtime-saveable-desktop-1.12.1.jar
  .m2.cache/org/jetbrains/compose/ui/ui-geometry-desktop/1.12.1/ui-geometry-desktop-1.12.1.jar
  .m2.cache/org/jetbrains/compose/ui/ui-graphics-desktop/1.12.1/ui-graphics-desktop-1.12.1.jar
  .m2.cache/org/jetbrains/compose/ui/ui-unit-desktop/1.12.1/ui-unit-desktop-1.12.1.jar
  .m2.cache/org/jetbrains/compose/ui/ui-util-desktop/1.12.1/ui-util-desktop-1.12.1.jar
  .m2.cache/org/jetbrains/compose/hot-reload/hot-reload-annotations-jvm/1.2.0/hot-reload-annotations-jvm-1.2.0.jar
  .m2.cache/androidx/lifecycle/lifecycle-viewmodel-compose-desktop/2.11.0/lifecycle-viewmodel-compose-desktop-2.11.0.jar
  .m2.cache/org/jetbrains/androidx/lifecycle/lifecycle-common-jvm/2.11.0/lifecycle-common-jvm-2.11.0.jar
  .m2.cache/org/jetbrains/androidx/lifecycle/lifecycle-viewmodel-desktop/2.11.0/lifecycle-viewmodel-desktop-2.11.0.jar
  .m2.cache/org/jetbrains/androidx/lifecycle/lifecycle-viewmodel-savedstate-desktop/2.11.0/lifecycle-viewmodel-savedstate-desktop-2.11.0.jar
  .m2.cache/androidx/lifecycle/lifecycle-runtime-compose-desktop/2.11.0/lifecycle-runtime-compose-desktop-2.11.0.jar
  .m2.cache/org/jetbrains/androidx/lifecycle/lifecycle-runtime-desktop/2.11.0/lifecycle-runtime-desktop-2.11.0.jar
  .m2.cache/androidx/compose/runtime/runtime-annotation-jvm/1.12.1/runtime-annotation-jvm-1.12.1.jar
  .m2.cache/org/jetbrains/kotlinx/kotlinx-coroutines-core-jvm/1.11.0/kotlinx-coroutines-core-jvm-1.11.0.jar
  .m2.cache/org/jetbrains/compose/animation/animation-core-desktop/1.12.1/animation-core-desktop-1.12.1.jar
  .m2.cache/androidx/savedstate/savedstate-desktop/1.4.0/savedstate-desktop-1.4.0.jar
  .m2.cache/androidx/compose/runtime/runtime-saveable-desktop/1.12.1/runtime-saveable-desktop-1.12.1.jar
  .m2.cache/org/jetbrains/androidx/savedstate/savedstate-compose-desktop/1.3.6/savedstate-compose-desktop-1.3.6.jar
  .m2.cache/androidx/lifecycle/lifecycle-common-jvm/2.11.0/lifecycle-common-jvm-2.11.0.jar
  .m2.cache/androidx/lifecycle/lifecycle-viewmodel-desktop/2.11.0/lifecycle-viewmodel-desktop-2.11.0.jar
  .m2.cache/androidx/lifecycle/lifecycle-viewmodel-savedstate-desktop/2.11.0/lifecycle-viewmodel-savedstate-desktop-2.11.0.jar
  .m2.cache/org/jetbrains/kotlinx/kotlinx-serialization-core-jvm/1.7.3/kotlinx-serialization-core-jvm-1.7.3.jar
  .m2.cache/androidx/lifecycle/lifecycle-runtime-desktop/2.11.0/lifecycle-runtime-desktop-2.11.0.jar
  .m2.cache/org/jspecify/jspecify/1.0.0/jspecify-1.0.0.jar
  .m2.cache/androidx/arch/core/core-common/2.2.0/core-common-2.2.0.jar
00:20.833 DEBUG :shared:compileJvm        JvmCompileTask            compile shared -- common jvm
00:20.837 DEBUG :shared:resolveDependenciesJvmTest IncrementalCache          [inc] 'shared:jvm:test' changes: '/home/mark/.cache/JetBrains/Kotlin/.m2.cache/androidx/annotation/annotation-jvm/1.9.1/annotation-jvm-1.9.1.jar' CREATED, '/home/mark/.cache/JetBrains/Kotlin/.m2.cache/androidx/arch/core/core-common/2.2.0/core-common-2.2.0.jar' CREATED, '/home/mark/.cache/JetBrains/Kotlin/.m2.cache/androidx/collection/collection-jvm/1.5.0/collection-jvm-1.5.0.jar' CREATED, '/home/mark/.cache/JetBrains/Kotlin/.m2.cache/androidx/compose/runtime/runtime-annotation-jvm/1.12.1/runtime-annotation-jvm-1.12.1.jar' CREATED, '/home/mark/.cache/JetBrains/Kotlin/.m2.cache/androidx/compose/runtime/runtime-desktop/1.12.1/runtime-desktop-1.12.1.jar' CREATED, '/home/mark/.cache/JetBrains/Kotlin/.m2.cache/androidx/compose/runtime/runtime-retain-desktop/1.12.1/runtime-retain-desktop-1.12.1.jar' CREATED, '/home/mark/.cache/JetBrains/Kotlin/.m2.cache/androidx/compose/runtime/runtime-saveable-desktop/1.12.1/runtime-saveable-desktop-1.12.1.jar' CREATED, '/home/mark/.cache/JetBrains/Kotlin/.m2.cache/androidx/graphics/graphics-shapes-desktop/1.1.0/graphics-shapes-desktop-1.1.0.jar' CREATED, '/home/mark/.cache/JetBrains/Kotlin/.m2.cache/androidx/lifecycle/lifecycle-common-jvm/2.11.0/lifecycle-common-jvm-2.11.0.jar' CREATED, '/home/mark/.cache/JetBrains/Kotlin/.m2.cache/androidx/lifecycle/lifecycle-runtime-compose-desktop/2.11.0/lifecycle-runtime-compose-desktop-2.11.0.jar' CREATED, '/home/mark/.cache/JetBrains/Kotlin/.m2.cache/androidx/lifecycle/lifecycle-runtime-desktop/2.11.0/lifecycle-runtime-desktop-2.11.0.jar' CREATED, '/home/mark/.cache/JetBrains/Kotlin/.m2.cache/androidx/lifecycle/lifecycle-viewmodel-compose-desktop/2.11.0/lifecycle-viewmodel-compose-desktop-2.11.0.jar' CREATED, '/home/mark/.cache/JetBrains/Kotlin/.m2.cache/androidx/lifecycle/lifecycle-viewmodel-desktop/2.11.0/lifecycle-viewmodel-desktop-2.11.0.jar' CREATED, '/home/mark/.cache/JetBrains/Kotlin/.m2.cache/androidx/lifecycle/lifecycle-viewmodel-savedstate-desktop/2.11.0/lifecycle-viewmodel-savedstate-desktop-2.11.0.jar' CREATED, '/home/mark/.cache/JetBrains/Kotlin/.m2.cache/androidx/navigationevent/navigationevent-compose-desktop/1.1.1/navigationevent-compose-desktop-1.1.1.jar' CREATED, '/home/mark/.cache/JetBrains/Kotlin/.m2.cache/androidx/navigationevent/navigationevent-desktop/1.1.1/navigationevent-desktop-1.1.1.jar' CREATED, '/home/mark/.cache/JetBrains/Kotlin/.m2.cache/androidx/savedstate/savedstate-compose-desktop/1.4.0/savedstate-compose-desktop-1.4.0.jar' CREATED, '/home/mark/.cache/JetBrains/Kotlin/.m2.cache/androidx/savedstate/savedstate-desktop/1.4.0/savedstate-desktop-1.4.0.jar' CREATED, '/home/mark/.cache/JetBrains/Kotlin/.m2.cache/org/apiguardian/apiguardian-api/1.1.2/apiguardian-api-1.1.2.jar' CREATED, '/home/mark/.cache/JetBrains/Kotlin/.m2.cache/org/jetbrains/androidx/lifecycle/lifecycle-common-jvm/2.11.0/lifecycle-common-jvm-2.11.0.jar' CREATED, '/home/mark/.cache/JetBrains/Kotlin/.m2.cache/org/jetbrains/androidx/lifecycle/lifecycle-runtime-compose-desktop/2.11.0/lifecycle-runtime-compose-desktop-2.11.0.jar' CREATED, '/home/mark/.cache/JetBrains/Kotlin/.m2.cache/org/jetbrains/androidx/lifecycle/lifecycle-runtime-desktop/2.11.0/lifecycle-runtime-desktop-2.11.0.jar' CREATED, '/home/mark/.cache/JetBrains/Kotlin/.m2.cache/org/jetbrains/androidx/lifecycle/lifecycle-viewmodel-compose-desktop/2.11.0/lifecycle-viewmodel-compose-desktop-2.11.0.jar' CREATED, '/home/mark/.cache/JetBrains/Kotlin/.m2.cache/org/jetbrains/androidx/lifecycle/lifecycle-viewmodel-desktop/2.11.0/lifecycle-viewmodel-desktop-2.11.0.jar' CREATED, '/home/mark/.cache/JetBrains/Kotlin/.m2.cache/org/jetbrains/androidx/lifecycle/lifecycle-viewmodel-savedstate-desktop/2.11.0/lifecycle-viewmodel-savedstate-desktop-2.11.0.jar' CREATED, '/home/mark/.cache/JetBrains/Kotlin/.m2.cache/org/jetbrains/androidx/navigationevent/navigationevent-compose-desktop/1.1.0/navigationevent-compose-desktop-1.1.0.jar' CREATED, '/home/mark/.cache/JetBrains/Kotlin/.m2.cache/org/jetbrains/androidx/savedstate/savedstate-compose-desktop/1.3.6/savedstate-compose-desktop-1.3.6.jar' CREATED, '/home/mark/.cache/JetBrains/Kotlin/.m2.cache/org/jetbrains/annotations/23.0.0/annotations-23.0.0.jar' CREATED, '/home/mark/.cache/JetBrains/Kotlin/.m2.cache/org/jetbrains/compose/animation/animation-core-desktop/1.12.1/animation-core-desktop-1.12.1.jar' CREATED, '/home/mark/.cache/JetBrains/Kotlin/.m2.cache/org/jetbrains/compose/animation/animation-desktop/1.12.1/animation-desktop-1.12.1.jar' CREATED, '/home/mark/.cache/JetBrains/Kotlin/.m2.cache/org/jetbrains/compose/components/components-resources-desktop/1.12.1/components-resources-desktop-1.12.1.jar' CREATED, '/home/mark/.cache/JetBrains/Kotlin/.m2.cache/org/jetbrains/compose/foundation/foundation-desktop/1.12.1/foundation-desktop-1.12.1.jar' CREATED, '/home/mark/.cache/JetBrains/Kotlin/.m2.cache/org/jetbrains/compose/foundation/foundation-layout-desktop/1.12.1/foundation-layout-desktop-1.12.1.jar' CREATED, '/home/mark/.cache/JetBrains/Kotlin/.m2.cache/org/jetbrains/compose/hot-reload/hot-reload-annotations-jvm/1.2.0/hot-reload-annotations-jvm-1.2.0.jar' CREATED, '/home/mark/.cache/JetBrains/Kotlin/.m2.cache/org/jetbrains/compose/hot-reload/hot-reload-runtime-api-jvm/1.2.0/hot-reload-runtime-api-jvm-1.2.0.jar' CREATED, '/home/mark/.cache/JetBrains/Kotlin/.m2.cache/org/jetbrains/compose/material/material-ripple-desktop/1.12.0-beta01/material-ripple-desktop-1.12.0-beta01.jar' CREATED, '/home/mark/.cache/JetBrains/Kotlin/.m2.cache/org/jetbrains/compose/material3/material3-desktop/1.12.0-alpha03/material3-desktop-1.12.0-alpha03.jar' CREATED, '/home/mark/.cache/JetBrains/Kotlin/.m2.cache/org/jetbrains/compose/runtime/runtime-desktop/1.12.1/runtime-desktop-1.12.1.jar' CREATED, '/home/mark/.cache/JetBrains/Kotlin/.m2.cache/org/jetbrains/compose/runtime/runtime-saveable-desktop/1.12.1/runtime-saveable-desktop-1.12.1.jar' CREATED, '/home/mark/.cache/JetBrains/Kotlin/.m2.cache/org/jetbrains/compose/ui/ui-backhandler-desktop/1.12.1/ui-backhandler-desktop-1.12.1.jar' CREATED, '/home/mark/.cache/JetBrains/Kotlin/.m2.cache/org/jetbrains/compose/ui/ui-desktop/1.12.1/ui-desktop-1.12.1.jar' CREATED, '/home/mark/.cache/JetBrains/Kotlin/.m2.cache/org/jetbrains/compose/ui/ui-geometry-desktop/1.12.1/ui-geometry-desktop-1.12.1.jar' CREATED, '/home/mark/.cache/JetBrains/Kotlin/.m2.cache/org/jetbrains/compose/ui/ui-graphics-desktop/1.12.1/ui-graphics-desktop-1.12.1.jar' CREATED, '/home/mark/.cache/JetBrains/Kotlin/.m2.cache/org/jetbrains/compose/ui/ui-text-desktop/1.12.1/ui-text-desktop-1.12.1.jar' CREATED, '/home/mark/.cache/JetBrains/Kotlin/.m2.cache/org/jetbrains/compose/ui/ui-tooling-preview-desktop/1.12.1/ui-tooling-preview-desktop-1.12.1.jar' CREATED, '/home/mark/.cache/JetBrains/Kotlin/.m2.cache/org/jetbrains/compose/ui/ui-unit-desktop/1.12.1/ui-unit-desktop-1.12.1.jar' CREATED, '/home/mark/.cache/JetBrains/Kotlin/.m2.cache/org/jetbrains/compose/ui/ui-util-desktop/1.12.1/ui-util-desktop-1.12.1.jar' CREATED, '/home/mark/.cache/JetBrains/Kotlin/.m2.cache/org/jetbrains/kotlin/kotlin-stdlib/2.4.20/kotlin-stdlib-2.4.20.jar' CREATED, '/home/mark/.cache/JetBrains/Kotlin/.m2.cache/org/jetbrains/kotlin/kotlin-test-junit5/2.4.20/kotlin-test-junit5-2.4.20.jar' CREATED, '/home/mark/.cache/JetBrains/Kotlin/.m2.cache/org/jetbrains/kotlin/kotlin-test/2.4.20/kotlin-test-2.4.20.jar' CREATED, '/home/mark/.cache/JetBrains/Kotlin/.m2.cache/org/jetbrains/kotlinx/atomicfu-jvm/0.28.0/atomicfu-jvm-0.28.0.jar' CREATED, '/home/mark/.cache/JetBrains/Kotlin/.m2.cache/org/jetbrains/kotlinx/kotlinx-coroutines-core-jvm/1.11.0/kotlinx-coroutines-core-jvm-1.11.0.jar' CREATED, '/home/mark/.cache/JetBrains/Kotlin/.m2.cache/org/jetbrains/kotlinx/kotlinx-datetime-jvm/0.7.1/kotlinx-datetime-jvm-0.7.1.jar' CREATED, '/home/mark/.cache/JetBrains/Kotlin/.m2.cache/org/jetbrains/kotlinx/kotlinx-serialization-core-jvm/1.7.3/kotlinx-serialization-core-jvm-1.7.3.jar' CREATED, '/home/mark/.cache/JetBrains/Kotlin/.m2.cache/org/jetbrains/runtime/jbr-api/1.9.0/jbr-api-1.9.0.jar' CREATED, '/home/mark/.cache/JetBrains/Kotlin/.m2.cache/org/jetbrains/skiko/skiko-awt/0.150.1/skiko-awt-0.150.1.jar' CREATED, '/home/mark/.cache/JetBrains/Kotlin/.m2.cache/org/jspecify/jspecify/1.0.0/jspecify-1.0.0.jar' CREATED, '/home/mark/.cache/JetBrains/Kotlin/.m2.cache/org/junit/jupiter/junit-jupiter-api/5.10.1/junit-jupiter-api-5.10.1.jar' CREATED, '/home/mark/.cache/JetBrains/Kotlin/.m2.cache/org/junit/jupiter/junit-jupiter-engine/5.10.1/junit-jupiter-engine-5.10.1.jar' CREATED, '/home/mark/.cache/JetBrains/Kotlin/.m2.cache/org/junit/platform/junit-platform-commons/1.10.1/junit-platform-commons-1.10.1.jar' CREATED, '/home/mark/.cache/JetBrains/Kotlin/.m2.cache/org/junit/platform/junit-platform-engine/1.10.1/junit-platform-engine-1.10.1.jar' CREATED, '/home/mark/.cache/JetBrains/Kotlin/.m2.cache/org/junit/platform/junit-platform-launcher/1.10.1/junit-platform-launcher-1.10.1.jar' CREATED, '/home/mark/.cache/JetBrains/Kotlin/.m2.cache/org/opentest4j/opentest4j/1.3.0/opentest4j-1.3.0.jar' CREATED
00:20.837 DEBUG :shared:resolveDependenciesJvmTest ResolveExternalDependenciesTask$Companion resolve dependencies shared -- commonTest jvmTest -- org.jetbrains.androidx.lifecycle:lifecycle-runtime-compose:2.11.0 org.jetbrains.androidx.lifecycle:lifecycle-viewmodel-compose:2.11.0 org.jetbrains.compose.components:components-resources:1.12.1 org.jetbrains.compose.foundation:foundation:1.12.1 org.jetbrains.compose.hot-reload:hot-reload-runtime-api:1.2.0 org.jetbrains.compose.material3:material3:1.12.0-alpha03 org.jetbrains.compose.runtime:runtime:1.12.1 org.jetbrains.compose.ui:ui-tooling-preview:1.12.1 org.jetbrains.compose.ui:ui:1.12.1 org.jetbrains.kotlin:kotlin-stdlib:2.4.20 org.jetbrains.kotlin:kotlin-test-junit5:2.4.20 -- resolvePlatform=JVM nativeTarget=null
wasmTarget=null
https://repo1.maven.org/maven2 https://maven.google.com https://packages.jetbrains.team/maven/p/amper/compose-hot-reload resolved to:
  .m2.cache/org/jetbrains/kotlin/kotlin-stdlib/2.4.20/kotlin-stdlib-2.4.20.jar
  .m2.cache/org/jetbrains/kotlin/kotlin-test-junit5/2.4.20/kotlin-test-junit5-2.4.20.jar
  .m2.cache/org/jetbrains/compose/runtime/runtime-desktop/1.12.1/runtime-desktop-1.12.1.jar
  .m2.cache/org/jetbrains/compose/foundation/foundation-desktop/1.12.1/foundation-desktop-1.12.1.jar
  .m2.cache/org/jetbrains/compose/material3/material3-desktop/1.12.0-alpha03/material3-desktop-1.12.0-alpha03.jar
  .m2.cache/org/jetbrains/compose/ui/ui-desktop/1.12.1/ui-desktop-1.12.1.jar
  .m2.cache/org/jetbrains/compose/components/components-resources-desktop/1.12.1/components-resources-desktop-1.12.1.jar
  .m2.cache/org/jetbrains/compose/ui/ui-tooling-preview-desktop/1.12.1/ui-tooling-preview-desktop-1.12.1.jar
  .m2.cache/org/jetbrains/compose/hot-reload/hot-reload-runtime-api-jvm/1.2.0/hot-reload-runtime-api-jvm-1.2.0.jar
  .m2.cache/org/jetbrains/androidx/lifecycle/lifecycle-viewmodel-compose-desktop/2.11.0/lifecycle-viewmodel-compose-desktop-2.11.0.jar
  .m2.cache/org/jetbrains/androidx/lifecycle/lifecycle-runtime-compose-desktop/2.11.0/lifecycle-runtime-compose-desktop-2.11.0.jar
  .m2.cache/org/jetbrains/annotations/23.0.0/annotations-23.0.0.jar
  .m2.cache/org/jetbrains/kotlin/kotlin-test/2.4.20/kotlin-test-2.4.20.jar
  .m2.cache/org/junit/jupiter/junit-jupiter-api/5.10.1/junit-jupiter-api-5.10.1.jar
  .m2.cache/org/opentest4j/opentest4j/1.3.0/opentest4j-1.3.0.jar
  .m2.cache/org/junit/platform/junit-platform-commons/1.10.1/junit-platform-commons-1.10.1.jar
  .m2.cache/org/apiguardian/apiguardian-api/1.1.2/apiguardian-api-1.1.2.jar
  .m2.cache/androidx/compose/runtime/runtime-desktop/1.12.1/runtime-desktop-1.12.1.jar
  .m2.cache/androidx/collection/collection-jvm/1.5.0/collection-jvm-1.5.0.jar
  .m2.cache/org/jetbrains/compose/animation/animation-desktop/1.12.1/animation-desktop-1.12.1.jar
  .m2.cache/org/jetbrains/skiko/skiko-awt/0.150.1/skiko-awt-0.150.1.jar
  .m2.cache/androidx/graphics/graphics-shapes-desktop/1.1.0/graphics-shapes-desktop-1.1.0.jar
  .m2.cache/org/jetbrains/compose/foundation/foundation-layout-desktop/1.12.1/foundation-layout-desktop-1.12.1.jar
  .m2.cache/org/jetbrains/compose/material/material-ripple-desktop/1.12.0-beta01/material-ripple-desktop-1.12.0-beta01.jar
  .m2.cache/org/jetbrains/compose/ui/ui-text-desktop/1.12.1/ui-text-desktop-1.12.1.jar
  .m2.cache/androidx/annotation/annotation-jvm/1.9.1/annotation-jvm-1.9.1.jar
  .m2.cache/androidx/compose/runtime/runtime-retain-desktop/1.12.1/runtime-retain-desktop-1.12.1.jar
  .m2.cache/androidx/savedstate/savedstate-compose-desktop/1.4.0/savedstate-compose-desktop-1.4.0.jar
  .m2.cache/org/jetbrains/compose/runtime/runtime-saveable-desktop/1.12.1/runtime-saveable-desktop-1.12.1.jar
  .m2.cache/org/jetbrains/compose/ui/ui-geometry-desktop/1.12.1/ui-geometry-desktop-1.12.1.jar
  .m2.cache/org/jetbrains/compose/ui/ui-graphics-desktop/1.12.1/ui-graphics-desktop-1.12.1.jar
  .m2.cache/org/jetbrains/compose/ui/ui-unit-desktop/1.12.1/ui-unit-desktop-1.12.1.jar
  .m2.cache/org/jetbrains/compose/ui/ui-util-desktop/1.12.1/ui-util-desktop-1.12.1.jar
  .m2.cache/org/jetbrains/compose/hot-reload/hot-reload-annotations-jvm/1.2.0/hot-reload-annotations-jvm-1.2.0.jar
  .m2.cache/androidx/lifecycle/lifecycle-viewmodel-compose-desktop/2.11.0/lifecycle-viewmodel-compose-desktop-2.11.0.jar
  .m2.cache/org/jetbrains/androidx/lifecycle/lifecycle-common-jvm/2.11.0/lifecycle-common-jvm-2.11.0.jar
  .m2.cache/org/jetbrains/androidx/lifecycle/lifecycle-viewmodel-desktop/2.11.0/lifecycle-viewmodel-desktop-2.11.0.jar
  .m2.cache/org/jetbrains/androidx/lifecycle/lifecycle-viewmodel-savedstate-desktop/2.11.0/lifecycle-viewmodel-savedstate-desktop-2.11.0.jar
  .m2.cache/androidx/lifecycle/lifecycle-runtime-compose-desktop/2.11.0/lifecycle-runtime-compose-desktop-2.11.0.jar
  .m2.cache/org/jetbrains/androidx/lifecycle/lifecycle-runtime-desktop/2.11.0/lifecycle-runtime-desktop-2.11.0.jar
  .m2.cache/androidx/compose/runtime/runtime-annotation-jvm/1.12.1/runtime-annotation-jvm-1.12.1.jar
  .m2.cache/org/jetbrains/kotlinx/kotlinx-coroutines-core-jvm/1.11.0/kotlinx-coroutines-core-jvm-1.11.0.jar
  .m2.cache/org/jetbrains/compose/animation/animation-core-desktop/1.12.1/animation-core-desktop-1.12.1.jar
  .m2.cache/androidx/savedstate/savedstate-desktop/1.4.0/savedstate-desktop-1.4.0.jar
  .m2.cache/androidx/compose/runtime/runtime-saveable-desktop/1.12.1/runtime-saveable-desktop-1.12.1.jar
  .m2.cache/org/jetbrains/androidx/savedstate/savedstate-compose-desktop/1.3.6/savedstate-compose-desktop-1.3.6.jar
  .m2.cache/androidx/lifecycle/lifecycle-common-jvm/2.11.0/lifecycle-common-jvm-2.11.0.jar
  .m2.cache/androidx/lifecycle/lifecycle-viewmodel-desktop/2.11.0/lifecycle-viewmodel-desktop-2.11.0.jar
  .m2.cache/androidx/lifecycle/lifecycle-viewmodel-savedstate-desktop/2.11.0/lifecycle-viewmodel-savedstate-desktop-2.11.0.jar
  .m2.cache/org/jetbrains/kotlinx/kotlinx-serialization-core-jvm/1.7.3/kotlinx-serialization-core-jvm-1.7.3.jar
  .m2.cache/androidx/lifecycle/lifecycle-runtime-desktop/2.11.0/lifecycle-runtime-desktop-2.11.0.jar
  .m2.cache/org/jspecify/jspecify/1.0.0/jspecify-1.0.0.jar
  .m2.cache/androidx/arch/core/core-common/2.2.0/core-common-2.2.0.jar
00:20.846 DEBUG :shared:compileJvm        JdkProvider               JAVA_HOME is not set (or empty). The Kotlin Toolchain will provision a JDK instead.
00:20.853 DEBUG :shared:compileJvm        IncrementalCache          [inc] building 'jdk-provisioning_{"majorVersion":25}'
00:20.855 DEBUG :shared:compileJvm        IncrementalCache          [inc] building 'jdk-list-download'
00:20.914 DEBUG :desktopApp:resolveDependenciesJvm DependencyFileImpl        Not found URL: https://maven.google.com/org/jetbrains/compose/desktop/desktop-jvm-linux-x64/1.12.1/desktop-jvm-linux-x64-1.12.1.jar.sha256
00:20.941 DEBUG :desktopApp:resolveDependenciesJvm DependencyFileImpl        Not found URL: https://repo1.maven.org/maven2/org/jetbrains/compose/desktop/desktop-jvm-linux-x64/1.12.1/desktop-jvm-linux-x64-1.12.1.jar.sha1
00:21.059 DEBUG :desktopApp:resolveDependenciesJvm DependencyFileImpl        Not found URL: https://maven.google.com/org/jetbrains/compose/desktop/desktop-jvm-linux-x64/1.12.1/desktop-jvm-linux-x64-1.12.1.jar.sha1
00:21.088 DEBUG :desktopApp:resolveDependenciesJvm DependencyFileImpl        Not found URL: https://repo1.maven.org/maven2/org/jetbrains/compose/desktop/desktop-jvm-linux-x64/1.12.1/desktop-jvm-linux-x64-1.12.1.jar.md5
00:21.199 DEBUG :desktopApp:resolveDependenciesJvm DependencyFileImpl        Not found URL: https://maven.google.com/org/jetbrains/compose/desktop/desktop-jvm-linux-x64/1.12.1/desktop-jvm-linux-x64-1.12.1.jar.md5
00:21.323 DEBUG :desktopApp:resolveDependenciesJvm IncrementalCache          [inc] '/home/mark/Nextcloud/Documents/School/2026 - Fall/SWE/tmp/desktopApp,leaf platforms,false,ResolutionConfigPlain(scope=COMPILE, platforms=[JVM], repositoryUrls=[https://repo1.maven.org/maven2]),false,true,NETWORK' changes: '/home/mark/.cache/JetBrains/Kotlin/.m2.cache/org/jetbrains/kotlinx/kotlinx-coroutines-swing/1.11.0/kotlinx-coroutines-swing-1.11.0.jar' CREATED, '/home/mark/.cache/JetBrains/Kotlin/.m2.cache/ch/qos/logback/logback-classic/1.6.2/logback-classic-1.6.2.jar' CREATED, '/home/mark/.cache/JetBrains/Kotlin/.m2.cache/org/jetbrains/kotlin/kotlin-stdlib/2.4.20/kotlin-stdlib-2.4.20.jar' CREATED, '/home/mark/.cache/JetBrains/Kotlin/.m2.cache/org/jetbrains/compose/ui/ui-tooling-preview-desktop/1.12.1/ui-tooling-preview-desktop-1.12.1.jar' CREATED, '/home/mark/.cache/JetBrains/Kotlin/.m2.cache/ch/qos/logback/logback-core/1.6.2/logback-core-1.6.2.jar' CREATED, '/home/mark/.cache/JetBrains/Kotlin/.m2.cache/org/slf4j/slf4j-api/2.0.18/slf4j-api-2.0.18.jar' CREATED, '/home/mark/.cache/JetBrains/Kotlin/.m2.cache/org/jetbrains/annotations/23.0.0/annotations-23.0.0.jar' CREATED, '/home/mark/.cache/JetBrains/Kotlin/.m2.cache/org/jetbrains/compose/runtime/runtime-desktop/1.12.1/runtime-desktop-1.12.1.jar' CREATED, '/home/mark/.cache/JetBrains/Kotlin/.m2.cache/org/jetbrains/compose/components/components-resources-desktop/1.12.1/components-resources-desktop-1.12.1.jar' CREATED, '/home/mark/.cache/JetBrains/Kotlin/.m2.cache/org/jetbrains/skiko/skiko-awt-runtime-linux-x64/0.150.1/skiko-awt-runtime-linux-x64-0.150.1.jar' CREATED, '/home/mark/.cache/JetBrains/Kotlin/.m2.cache/org/jetbrains/compose/desktop/desktop-jvm/1.12.1/desktop-jvm-1.12.1.jar' CREATED, '/home/mark/.cache/JetBrains/Kotlin/.m2.cache/org/jetbrains/kotlinx/kotlinx-coroutines-core-jvm/1.11.0/kotlinx-coroutines-core-jvm-1.11.0.jar' CREATED, '/home/mark/.cache/JetBrains/Kotlin/.m2.cache/org/jetbrains/compose/foundation/foundation-desktop/1.12.1/foundation-desktop-1.12.1.jar' CREATED, '/home/mark/.cache/JetBrains/Kotlin/.m2.cache/org/jetbrains/compose/material3/material3-desktop/1.12.0-alpha03/material3-desktop-1.12.0-alpha03.jar' CREATED, '/home/mark/.cache/JetBrains/Kotlin/.m2.cache/org/jetbrains/compose/ui/ui-desktop/1.12.1/ui-desktop-1.12.1.jar' CREATED, '/home/mark/.cache/JetBrains/Kotlin/.m2.cache/org/jetbrains/compose/hot-reload/hot-reload-runtime-api-jvm/1.2.0/hot-reload-runtime-api-jvm-1.2.0.jar' CREATED, '/home/mark/.cache/JetBrains/Kotlin/.m2.cache/org/jetbrains/androidx/lifecycle/lifecycle-viewmodel-compose-desktop/2.11.0/lifecycle-viewmodel-compose-desktop-2.11.0.jar' CREATED, '/home/mark/.cache/JetBrains/Kotlin/.m2.cache/org/jetbrains/androidx/lifecycle/lifecycle-runtime-compose-desktop/2.11.0/lifecycle-runtime-compose-desktop-2.11.0.jar' CREATED, '/home/mark/.cache/JetBrains/Kotlin/.m2.cache/org/jetbrains/skiko/skiko-awt/0.150.1/skiko-awt-0.150.1.jar' CREATED, '/home/mark/.cache/JetBrains/Kotlin/.m2.cache/androidx/annotation/annotation-jvm/1.9.1/annotation-jvm-1.9.1.jar' CREATED, '/home/mark/.cache/JetBrains/Kotlin/.m2.cache/androidx/compose/runtime/runtime-desktop/1.12.1/runtime-desktop-1.12.1.jar' CREATED, '/home/mark/.cache/JetBrains/Kotlin/.m2.cache/org/jetbrains/runtime/jbr-api/1.9.0/jbr-api-1.9.0.jar' CREATED, '/home/mark/.cache/JetBrains/Kotlin/.m2.cache/org/jetbrains/compose/material/material-desktop/1.12.1/material-desktop-1.12.1.jar' CREATED, '/home/mark/.cache/JetBrains/Kotlin/.m2.cache/androidx/collection/collection-jvm/1.5.0/collection-jvm-1.5.0.jar' CREATED, '/home/mark/.cache/JetBrains/Kotlin/.m2.cache/org/jetbrains/compose/animation/animation-desktop/1.12.1/animation-desktop-1.12.1.jar' CREATED, '/home/mark/.cache/JetBrains/Kotlin/.m2.cache/org/jetbrains/compose/foundation/foundation-layout-desktop/1.12.1/foundation-layout-desktop-1.12.1.jar' CREATED, '/home/mark/.cache/JetBrains/Kotlin/.m2.cache/org/jetbrains/compose/ui/ui-text-desktop/1.12.1/ui-text-desktop-1.12.1.jar' CREATED, '/home/mark/.cache/JetBrains/Kotlin/.m2.cache/org/jetbrains/compose/ui/ui-util-desktop/1.12.1/ui-util-desktop-1.12.1.jar' CREATED, '/home/mark/.cache/JetBrains/Kotlin/.m2.cache/org/jetbrains/kotlinx/atomicfu-jvm/0.28.0/atomicfu-jvm-0.28.0.jar' CREATED, '/home/mark/.cache/JetBrains/Kotlin/.m2.cache/androidx/graphics/graphics-shapes-desktop/1.1.0/graphics-shapes-desktop-1.1.0.jar' CREATED, '/home/mark/.cache/JetBrains/Kotlin/.m2.cache/org/jetbrains/compose/animation/animation-core-desktop/1.12.1/animation-core-desktop-1.12.1.jar' CREATED, '/home/mark/.cache/JetBrains/Kotlin/.m2.cache/org/jetbrains/compose/material/material-ripple-desktop/1.12.1/material-ripple-desktop-1.12.1.jar' CREATED, '/home/mark/.cache/JetBrains/Kotlin/.m2.cache/org/jetbrains/compose/ui/ui-backhandler-desktop/1.12.1/ui-backhandler-desktop-1.12.1.jar' CREATED, '/home/mark/.cache/JetBrains/Kotlin/.m2.cache/org/jetbrains/kotlinx/kotlinx-datetime-jvm/0.7.1/kotlinx-datetime-jvm-0.7.1.jar' CREATED, '/home/mark/.cache/JetBrains/Kotlin/.m2.cache/androidx/compose/runtime/runtime-retain-desktop/1.12.1/runtime-retain-desktop-1.12.1.jar' CREATED, '/home/mark/.cache/JetBrains/Kotlin/.m2.cache/androidx/lifecycle/lifecycle-viewmodel-compose-desktop/2.11.0/lifecycle-viewmodel-compose-desktop-2.11.0.jar' CREATED, '/home/mark/.cache/JetBrains/Kotlin/.m2.cache/androidx/lifecycle/lifecycle-viewmodel-savedstate-desktop/2.11.0/lifecycle-viewmodel-savedstate-desktop-2.11.0.jar' CREATED, '/home/mark/.cache/JetBrains/Kotlin/.m2.cache/androidx/savedstate/savedstate-compose-desktop/1.4.0/savedstate-compose-desktop-1.4.0.jar' CREATED, '/home/mark/.cache/JetBrains/Kotlin/.m2.cache/org/jetbrains/androidx/navigationevent/navigationevent-compose-desktop/1.1.0/navigationevent-compose-desktop-1.1.0.jar' CREATED, '/home/mark/.cache/JetBrains/Kotlin/.m2.cache/org/jetbrains/compose/runtime/runtime-saveable-desktop/1.12.1/runtime-saveable-desktop-1.12.1.jar' CREATED, '/home/mark/.cache/JetBrains/Kotlin/.m2.cache/org/jetbrains/compose/ui/ui-geometry-desktop/1.12.1/ui-geometry-desktop-1.12.1.jar' CREATED, '/home/mark/.cache/JetBrains/Kotlin/.m2.cache/org/jetbrains/compose/ui/ui-graphics-desktop/1.12.1/ui-graphics-desktop-1.12.1.jar' CREATED, '/home/mark/.cache/JetBrains/Kotlin/.m2.cache/org/jetbrains/compose/ui/ui-unit-desktop/1.12.1/ui-unit-desktop-1.12.1.jar' CREATED, '/home/mark/.cache/JetBrains/Kotlin/.m2.cache/org/jetbrains/compose/hot-reload/hot-reload-annotations-jvm/1.2.0/hot-reload-annotations-jvm-1.2.0.jar' CREATED, '/home/mark/.cache/JetBrains/Kotlin/.m2.cache/org/jetbrains/androidx/lifecycle/lifecycle-common-jvm/2.11.0/lifecycle-common-jvm-2.11.0.jar' CREATED, '/home/mark/.cache/JetBrains/Kotlin/.m2.cache/org/jetbrains/androidx/lifecycle/lifecycle-viewmodel-desktop/2.11.0/lifecycle-viewmodel-desktop-2.11.0.jar' CREATED, '/home/mark/.cache/JetBrains/Kotlin/.m2.cache/org/jetbrains/androidx/lifecycle/lifecycle-viewmodel-savedstate-desktop/2.11.0/lifecycle-viewmodel-savedstate-desktop-2.11.0.jar' CREATED, '/home/mark/.cache/JetBrains/Kotlin/.m2.cache/androidx/lifecycle/lifecycle-runtime-compose-desktop/2.11.0/lifecycle-runtime-compose-desktop-2.11.0.jar' CREATED, '/home/mark/.cache/JetBrains/Kotlin/.m2.cache/org/jetbrains/androidx/lifecycle/lifecycle-runtime-desktop/2.11.0/lifecycle-runtime-desktop-2.11.0.jar' CREATED, '/home/mark/.cache/JetBrains/Kotlin/.m2.cache/androidx/compose/runtime/runtime-annotation-jvm/1.12.1/runtime-annotation-jvm-1.12.1.jar' CREATED, '/home/mark/.cache/JetBrains/Kotlin/.m2.cache/androidx/compose/runtime/runtime-saveable-desktop/1.12.1/runtime-saveable-desktop-1.12.1.jar' CREATED, '/home/mark/.cache/JetBrains/Kotlin/.m2.cache/androidx/lifecycle/lifecycle-common-jvm/2.11.0/lifecycle-common-jvm-2.11.0.jar' CREATED, '/home/mark/.cache/JetBrains/Kotlin/.m2.cache/androidx/lifecycle/lifecycle-viewmodel-desktop/2.11.0/lifecycle-viewmodel-desktop-2.11.0.jar' CREATED, '/home/mark/.cache/JetBrains/Kotlin/.m2.cache/org/jetbrains/kotlinx/kotlinx-serialization-core-jvm/1.7.3/kotlinx-serialization-core-jvm-1.7.3.jar' CREATED, '/home/mark/.cache/JetBrains/Kotlin/.m2.cache/androidx/savedstate/savedstate-desktop/1.4.0/savedstate-desktop-1.4.0.jar' CREATED, '/home/mark/.cache/JetBrains/Kotlin/.m2.cache/androidx/navigationevent/navigationevent-compose-desktop/1.1.1/navigationevent-compose-desktop-1.1.1.jar' CREATED, '/home/mark/.cache/JetBrains/Kotlin/.m2.cache/org/jetbrains/androidx/savedstate/savedstate-compose-desktop/1.3.6/savedstate-compose-desktop-1.3.6.jar' CREATED, '/home/mark/.cache/JetBrains/Kotlin/.m2.cache/androidx/lifecycle/lifecycle-runtime-desktop/2.11.0/lifecycle-runtime-desktop-2.11.0.jar' CREATED, '/home/mark/.cache/JetBrains/Kotlin/.m2.cache/org/jspecify/jspecify/1.0.0/jspecify-1.0.0.jar' CREATED, '/home/mark/.cache/JetBrains/Kotlin/.m2.cache/androidx/arch/core/core-common/2.2.0/core-common-2.2.0.jar' CREATED, '/home/mark/.cache/JetBrains/Kotlin/.m2.cache/androidx/navigationevent/navigationevent-desktop/1.1.1/navigationevent-desktop-1.1.1.jar' CREATED
00:21.331 DEBUG :desktopApp:resolveDependenciesJvmTest IncrementalCache          [inc] '/home/mark/Nextcloud/Documents/School/2026 - Fall/SWE/tmp/desktopApp,leaf platforms,true,ResolutionConfigPlain(scope=COMPILE, platforms=[JVM], repositoryUrls=[https://repo1.maven.org/maven2]),false,true,NETWORK' changes: '/home/mark/.cache/JetBrains/Kotlin/.m2.cache/org/jetbrains/kotlinx/kotlinx-coroutines-swing/1.11.0/kotlinx-coroutines-swing-1.11.0.jar' CREATED, '/home/mark/.cache/JetBrains/Kotlin/.m2.cache/ch/qos/logback/logback-classic/1.6.2/logback-classic-1.6.2.jar' CREATED, '/home/mark/.cache/JetBrains/Kotlin/.m2.cache/org/jetbrains/kotlin/kotlin-stdlib/2.4.20/kotlin-stdlib-2.4.20.jar' CREATED, '/home/mark/.cache/JetBrains/Kotlin/.m2.cache/org/jetbrains/kotlin/kotlin-test-junit5/2.4.20/kotlin-test-junit5-2.4.20.jar' CREATED, '/home/mark/.cache/JetBrains/Kotlin/.m2.cache/org/jetbrains/compose/ui/ui-tooling-preview-desktop/1.12.1/ui-tooling-preview-desktop-1.12.1.jar' CREATED, '/home/mark/.cache/JetBrains/Kotlin/.m2.cache/ch/qos/logback/logback-core/1.6.2/logback-core-1.6.2.jar' CREATED, '/home/mark/.cache/JetBrains/Kotlin/.m2.cache/org/slf4j/slf4j-api/2.0.18/slf4j-api-2.0.18.jar' CREATED, '/home/mark/.cache/JetBrains/Kotlin/.m2.cache/org/jetbrains/annotations/23.0.0/annotations-23.0.0.jar' CREATED, '/home/mark/.cache/JetBrains/Kotlin/.m2.cache/org/jetbrains/kotlin/kotlin-test/2.4.20/kotlin-test-2.4.20.jar' CREATED, '/home/mark/.cache/JetBrains/Kotlin/.m2.cache/org/junit/jupiter/junit-jupiter-api/5.10.1/junit-jupiter-api-5.10.1.jar' CREATED, '/home/mark/.cache/JetBrains/Kotlin/.m2.cache/org/jetbrains/compose/runtime/runtime-desktop/1.12.1/runtime-desktop-1.12.1.jar' CREATED, '/home/mark/.cache/JetBrains/Kotlin/.m2.cache/org/jetbrains/compose/components/components-resources-desktop/1.12.1/components-resources-desktop-1.12.1.jar' CREATED, '/home/mark/.cache/JetBrains/Kotlin/.m2.cache/org/jetbrains/skiko/skiko-awt-runtime-linux-x64/0.150.1/skiko-awt-runtime-linux-x64-0.150.1.jar' CREATED, '/home/mark/.cache/JetBrains/Kotlin/.m2.cache/org/junit/jupiter/junit-jupiter-engine/5.10.1/junit-jupiter-engine-5.10.1.jar' CREATED, '/home/mark/.cache/JetBrains/Kotlin/.m2.cache/org/junit/platform/junit-platform-launcher/1.10.1/junit-platform-launcher-1.10.1.jar' CREATED, '/home/mark/.cache/JetBrains/Kotlin/.m2.cache/org/jetbrains/compose/desktop/desktop-jvm/1.12.1/desktop-jvm-1.12.1.jar' CREATED, '/home/mark/.cache/JetBrains/Kotlin/.m2.cache/org/jetbrains/kotlinx/kotlinx-coroutines-core-jvm/1.11.0/kotlinx-coroutines-core-jvm-1.11.0.jar' CREATED, '/home/mark/.cache/JetBrains/Kotlin/.m2.cache/org/opentest4j/opentest4j/1.3.0/opentest4j-1.3.0.jar' CREATED, '/home/mark/.cache/JetBrains/Kotlin/.m2.cache/org/junit/platform/junit-platform-commons/1.10.1/junit-platform-commons-1.10.1.jar' CREATED, '/home/mark/.cache/JetBrains/Kotlin/.m2.cache/org/apiguardian/apiguardian-api/1.1.2/apiguardian-api-1.1.2.jar' CREATED, '/home/mark/.cache/JetBrains/Kotlin/.m2.cache/org/jetbrains/compose/foundation/foundation-desktop/1.12.1/foundation-desktop-1.12.1.jar' CREATED, '/home/mark/.cache/JetBrains/Kotlin/.m2.cache/org/jetbrains/compose/material3/material3-desktop/1.12.0-alpha03/material3-desktop-1.12.0-alpha03.jar' CREATED, '/home/mark/.cache/JetBrains/Kotlin/.m2.cache/org/jetbrains/compose/ui/ui-desktop/1.12.1/ui-desktop-1.12.1.jar' CREATED, '/home/mark/.cache/JetBrains/Kotlin/.m2.cache/org/jetbrains/compose/hot-reload/hot-reload-runtime-api-jvm/1.2.0/hot-reload-runtime-api-jvm-1.2.0.jar' CREATED, '/home/mark/.cache/JetBrains/Kotlin/.m2.cache/org/jetbrains/androidx/lifecycle/lifecycle-viewmodel-compose-desktop/2.11.0/lifecycle-viewmodel-compose-desktop-2.11.0.jar' CREATED, '/home/mark/.cache/JetBrains/Kotlin/.m2.cache/org/jetbrains/androidx/lifecycle/lifecycle-runtime-compose-desktop/2.11.0/lifecycle-runtime-compose-desktop-2.11.0.jar' CREATED, '/home/mark/.cache/JetBrains/Kotlin/.m2.cache/org/jetbrains/skiko/skiko-awt/0.150.1/skiko-awt-0.150.1.jar' CREATED, '/home/mark/.cache/JetBrains/Kotlin/.m2.cache/org/junit/platform/junit-platform-engine/1.10.1/junit-platform-engine-1.10.1.jar' CREATED, '/home/mark/.cache/JetBrains/Kotlin/.m2.cache/androidx/annotation/annotation-jvm/1.9.1/annotation-jvm-1.9.1.jar' CREATED, '/home/mark/.cache/JetBrains/Kotlin/.m2.cache/androidx/compose/runtime/runtime-desktop/1.12.1/runtime-desktop-1.12.1.jar' CREATED, '/home/mark/.cache/JetBrains/Kotlin/.m2.cache/org/jetbrains/runtime/jbr-api/1.9.0/jbr-api-1.9.0.jar' CREATED, '/home/mark/.cache/JetBrains/Kotlin/.m2.cache/org/jetbrains/compose/material/material-desktop/1.12.1/material-desktop-1.12.1.jar' CREATED, '/home/mark/.cache/JetBrains/Kotlin/.m2.cache/androidx/collection/collection-jvm/1.5.0/collection-jvm-1.5.0.jar' CREATED, '/home/mark/.cache/JetBrains/Kotlin/.m2.cache/org/jetbrains/compose/animation/animation-desktop/1.12.1/animation-desktop-1.12.1.jar' CREATED, '/home/mark/.cache/JetBrains/Kotlin/.m2.cache/org/jetbrains/compose/foundation/foundation-layout-desktop/1.12.1/foundation-layout-desktop-1.12.1.jar' CREATED, '/home/mark/.cache/JetBrains/Kotlin/.m2.cache/org/jetbrains/compose/ui/ui-text-desktop/1.12.1/ui-text-desktop-1.12.1.jar' CREATED, '/home/mark/.cache/JetBrains/Kotlin/.m2.cache/org/jetbrains/compose/ui/ui-util-desktop/1.12.1/ui-util-desktop-1.12.1.jar' CREATED, '/home/mark/.cache/JetBrains/Kotlin/.m2.cache/org/jetbrains/kotlinx/atomicfu-jvm/0.28.0/atomicfu-jvm-0.28.0.jar' CREATED, '/home/mark/.cache/JetBrains/Kotlin/.m2.cache/androidx/graphics/graphics-shapes-desktop/1.1.0/graphics-shapes-desktop-1.1.0.jar' CREATED, '/home/mark/.cache/JetBrains/Kotlin/.m2.cache/org/jetbrains/compose/animation/animation-core-desktop/1.12.1/animation-core-desktop-1.12.1.jar' CREATED, '/home/mark/.cache/JetBrains/Kotlin/.m2.cache/org/jetbrains/compose/material/material-ripple-desktop/1.12.1/material-ripple-desktop-1.12.1.jar' CREATED, '/home/mark/.cache/JetBrains/Kotlin/.m2.cache/org/jetbrains/compose/ui/ui-backhandler-desktop/1.12.1/ui-backhandler-desktop-1.12.1.jar' CREATED, '/home/mark/.cache/JetBrains/Kotlin/.m2.cache/org/jetbrains/kotlinx/kotlinx-datetime-jvm/0.7.1/kotlinx-datetime-jvm-0.7.1.jar' CREATED, '/home/mark/.cache/JetBrains/Kotlin/.m2.cache/androidx/compose/runtime/runtime-retain-desktop/1.12.1/runtime-retain-desktop-1.12.1.jar' CREATED, '/home/mark/.cache/JetBrains/Kotlin/.m2.cache/androidx/lifecycle/lifecycle-viewmodel-compose-desktop/2.11.0/lifecycle-viewmodel-compose-desktop-2.11.0.jar' CREATED, '/home/mark/.cache/JetBrains/Kotlin/.m2.cache/androidx/lifecycle/lifecycle-viewmodel-savedstate-desktop/2.11.0/lifecycle-viewmodel-savedstate-desktop-2.11.0.jar' CREATED, '/home/mark/.cache/JetBrains/Kotlin/.m2.cache/androidx/savedstate/savedstate-compose-desktop/1.4.0/savedstate-compose-desktop-1.4.0.jar' CREATED, '/home/mark/.cache/JetBrains/Kotlin/.m2.cache/org/jetbrains/androidx/navigationevent/navigationevent-compose-desktop/1.1.0/navigationevent-compose-desktop-1.1.0.jar' CREATED, '/home/mark/.cache/JetBrains/Kotlin/.m2.cache/org/jetbrains/compose/runtime/runtime-saveable-desktop/1.12.1/runtime-saveable-desktop-1.12.1.jar' CREATED, '/home/mark/.cache/JetBrains/Kotlin/.m2.cache/org/jetbrains/compose/ui/ui-geometry-desktop/1.12.1/ui-geometry-desktop-1.12.1.jar' CREATED, '/home/mark/.cache/JetBrains/Kotlin/.m2.cache/org/jetbrains/compose/ui/ui-graphics-desktop/1.12.1/ui-graphics-desktop-1.12.1.jar' CREATED, '/home/mark/.cache/JetBrains/Kotlin/.m2.cache/org/jetbrains/compose/ui/ui-unit-desktop/1.12.1/ui-unit-desktop-1.12.1.jar' CREATED, '/home/mark/.cache/JetBrains/Kotlin/.m2.cache/org/jetbrains/compose/hot-reload/hot-reload-annotations-jvm/1.2.0/hot-reload-annotations-jvm-1.2.0.jar' CREATED, '/home/mark/.cache/JetBrains/Kotlin/.m2.cache/org/jetbrains/androidx/lifecycle/lifecycle-common-jvm/2.11.0/lifecycle-common-jvm-2.11.0.jar' CREATED, '/home/mark/.cache/JetBrains/Kotlin/.m2.cache/org/jetbrains/androidx/lifecycle/lifecycle-viewmodel-desktop/2.11.0/lifecycle-viewmodel-desktop-2.11.0.jar' CREATED, '/home/mark/.cache/JetBrains/Kotlin/.m2.cache/org/jetbrains/androidx/lifecycle/lifecycle-viewmodel-savedstate-desktop/2.11.0/lifecycle-viewmodel-savedstate-desktop-2.11.0.jar' CREATED, '/home/mark/.cache/JetBrains/Kotlin/.m2.cache/androidx/lifecycle/lifecycle-runtime-compose-desktop/2.11.0/lifecycle-runtime-compose-desktop-2.11.0.jar' CREATED, '/home/mark/.cache/JetBrains/Kotlin/.m2.cache/org/jetbrains/androidx/lifecycle/lifecycle-runtime-desktop/2.11.0/lifecycle-runtime-desktop-2.11.0.jar' CREATED, '/home/mark/.cache/JetBrains/Kotlin/.m2.cache/androidx/compose/runtime/runtime-annotation-jvm/1.12.1/runtime-annotation-jvm-1.12.1.jar' CREATED, '/home/mark/.cache/JetBrains/Kotlin/.m2.cache/androidx/compose/runtime/runtime-saveable-desktop/1.12.1/runtime-saveable-desktop-1.12.1.jar' CREATED, '/home/mark/.cache/JetBrains/Kotlin/.m2.cache/androidx/lifecycle/lifecycle-common-jvm/2.11.0/lifecycle-common-jvm-2.11.0.jar' CREATED, '/home/mark/.cache/JetBrains/Kotlin/.m2.cache/androidx/lifecycle/lifecycle-viewmodel-desktop/2.11.0/lifecycle-viewmodel-desktop-2.11.0.jar' CREATED, '/home/mark/.cache/JetBrains/Kotlin/.m2.cache/org/jetbrains/kotlinx/kotlinx-serialization-core-jvm/1.7.3/kotlinx-serialization-core-jvm-1.7.3.jar' CREATED, '/home/mark/.cache/JetBrains/Kotlin/.m2.cache/androidx/savedstate/savedstate-desktop/1.4.0/savedstate-desktop-1.4.0.jar' CREATED, '/home/mark/.cache/JetBrains/Kotlin/.m2.cache/androidx/navigationevent/navigationevent-compose-desktop/1.1.1/navigationevent-compose-desktop-1.1.1.jar' CREATED, '/home/mark/.cache/JetBrains/Kotlin/.m2.cache/org/jetbrains/androidx/savedstate/savedstate-compose-desktop/1.3.6/savedstate-compose-desktop-1.3.6.jar' CREATED, '/home/mark/.cache/JetBrains/Kotlin/.m2.cache/androidx/lifecycle/lifecycle-runtime-desktop/2.11.0/lifecycle-runtime-desktop-2.11.0.jar' CREATED, '/home/mark/.cache/JetBrains/Kotlin/.m2.cache/org/jspecify/jspecify/1.0.0/jspecify-1.0.0.jar' CREATED, '/home/mark/.cache/JetBrains/Kotlin/.m2.cache/androidx/arch/core/core-common/2.2.0/core-common-2.2.0.jar' CREATED, '/home/mark/.cache/JetBrains/Kotlin/.m2.cache/androidx/navigationevent/navigationevent-desktop/1.1.1/navigationevent-desktop-1.1.1.jar' CREATED
00:21.395 DEBUG :desktopApp:resolveDependenciesJvm IncrementalCache          [inc] 'desktopApp:jvm:main' changes: '/home/mark/.cache/JetBrains/Kotlin/.m2.cache/androidx/annotation/annotation-jvm/1.9.1/annotation-jvm-1.9.1.jar' CREATED, '/home/mark/.cache/JetBrains/Kotlin/.m2.cache/androidx/arch/core/core-common/2.2.0/core-common-2.2.0.jar' CREATED, '/home/mark/.cache/JetBrains/Kotlin/.m2.cache/androidx/collection/collection-jvm/1.5.0/collection-jvm-1.5.0.jar' CREATED, '/home/mark/.cache/JetBrains/Kotlin/.m2.cache/androidx/compose/runtime/runtime-annotation-jvm/1.12.1/runtime-annotation-jvm-1.12.1.jar' CREATED, '/home/mark/.cache/JetBrains/Kotlin/.m2.cache/androidx/compose/runtime/runtime-desktop/1.12.1/runtime-desktop-1.12.1.jar' CREATED, '/home/mark/.cache/JetBrains/Kotlin/.m2.cache/androidx/compose/runtime/runtime-retain-desktop/1.12.1/runtime-retain-desktop-1.12.1.jar' CREATED, '/home/mark/.cache/JetBrains/Kotlin/.m2.cache/androidx/compose/runtime/runtime-saveable-desktop/1.12.1/runtime-saveable-desktop-1.12.1.jar' CREATED, '/home/mark/.cache/JetBrains/Kotlin/.m2.cache/androidx/graphics/graphics-shapes-desktop/1.1.0/graphics-shapes-desktop-1.1.0.jar' CREATED, '/home/mark/.cache/JetBrains/Kotlin/.m2.cache/androidx/lifecycle/lifecycle-common-jvm/2.11.0/lifecycle-common-jvm-2.11.0.jar' CREATED, '/home/mark/.cache/JetBrains/Kotlin/.m2.cache/androidx/lifecycle/lifecycle-runtime-compose-desktop/2.11.0/lifecycle-runtime-compose-desktop-2.11.0.jar' CREATED, '/home/mark/.cache/JetBrains/Kotlin/.m2.cache/androidx/lifecycle/lifecycle-runtime-desktop/2.11.0/lifecycle-runtime-desktop-2.11.0.jar' CREATED, '/home/mark/.cache/JetBrains/Kotlin/.m2.cache/androidx/lifecycle/lifecycle-viewmodel-compose-desktop/2.11.0/lifecycle-viewmodel-compose-desktop-2.11.0.jar' CREATED, '/home/mark/.cache/JetBrains/Kotlin/.m2.cache/androidx/lifecycle/lifecycle-viewmodel-desktop/2.11.0/lifecycle-viewmodel-desktop-2.11.0.jar' CREATED, '/home/mark/.cache/JetBrains/Kotlin/.m2.cache/androidx/lifecycle/lifecycle-viewmodel-savedstate-desktop/2.11.0/lifecycle-viewmodel-savedstate-desktop-2.11.0.jar' CREATED, '/home/mark/.cache/JetBrains/Kotlin/.m2.cache/androidx/navigationevent/navigationevent-compose-desktop/1.1.1/navigationevent-compose-desktop-1.1.1.jar' CREATED, '/home/mark/.cache/JetBrains/Kotlin/.m2.cache/androidx/navigationevent/navigationevent-desktop/1.1.1/navigationevent-desktop-1.1.1.jar' CREATED, '/home/mark/.cache/JetBrains/Kotlin/.m2.cache/androidx/savedstate/savedstate-compose-desktop/1.4.0/savedstate-compose-desktop-1.4.0.jar' CREATED, '/home/mark/.cache/JetBrains/Kotlin/.m2.cache/androidx/savedstate/savedstate-desktop/1.4.0/savedstate-desktop-1.4.0.jar' CREATED, '/home/mark/.cache/JetBrains/Kotlin/.m2.cache/ch/qos/logback/logback-classic/1.6.2/logback-classic-1.6.2.jar' CREATED, '/home/mark/.cache/JetBrains/Kotlin/.m2.cache/ch/qos/logback/logback-core/1.6.2/logback-core-1.6.2.jar' CREATED, '/home/mark/.cache/JetBrains/Kotlin/.m2.cache/org/jetbrains/androidx/lifecycle/lifecycle-common-jvm/2.11.0/lifecycle-common-jvm-2.11.0.jar' CREATED, '/home/mark/.cache/JetBrains/Kotlin/.m2.cache/org/jetbrains/androidx/lifecycle/lifecycle-runtime-compose-desktop/2.11.0/lifecycle-runtime-compose-desktop-2.11.0.jar' CREATED, '/home/mark/.cache/JetBrains/Kotlin/.m2.cache/org/jetbrains/androidx/lifecycle/lifecycle-runtime-desktop/2.11.0/lifecycle-runtime-desktop-2.11.0.jar' CREATED, '/home/mark/.cache/JetBrains/Kotlin/.m2.cache/org/jetbrains/androidx/lifecycle/lifecycle-viewmodel-compose-desktop/2.11.0/lifecycle-viewmodel-compose-desktop-2.11.0.jar' CREATED, '/home/mark/.cache/JetBrains/Kotlin/.m2.cache/org/jetbrains/androidx/lifecycle/lifecycle-viewmodel-desktop/2.11.0/lifecycle-viewmodel-desktop-2.11.0.jar' CREATED, '/home/mark/.cache/JetBrains/Kotlin/.m2.cache/org/jetbrains/androidx/lifecycle/lifecycle-viewmodel-savedstate-desktop/2.11.0/lifecycle-viewmodel-savedstate-desktop-2.11.0.jar' CREATED, '/home/mark/.cache/JetBrains/Kotlin/.m2.cache/org/jetbrains/androidx/navigationevent/navigationevent-compose-desktop/1.1.0/navigationevent-compose-desktop-1.1.0.jar' CREATED, '/home/mark/.cache/JetBrains/Kotlin/.m2.cache/org/jetbrains/androidx/savedstate/savedstate-compose-desktop/1.3.6/savedstate-compose-desktop-1.3.6.jar' CREATED, '/home/mark/.cache/JetBrains/Kotlin/.m2.cache/org/jetbrains/annotations/23.0.0/annotations-23.0.0.jar' CREATED, '/home/mark/.cache/JetBrains/Kotlin/.m2.cache/org/jetbrains/compose/animation/animation-core-desktop/1.12.1/animation-core-desktop-1.12.1.jar' CREATED, '/home/mark/.cache/JetBrains/Kotlin/.m2.cache/org/jetbrains/compose/animation/animation-desktop/1.12.1/animation-desktop-1.12.1.jar' CREATED, '/home/mark/.cache/JetBrains/Kotlin/.m2.cache/org/jetbrains/compose/components/components-resources-desktop/1.12.1/components-resources-desktop-1.12.1.jar' CREATED, '/home/mark/.cache/JetBrains/Kotlin/.m2.cache/org/jetbrains/compose/desktop/desktop-jvm/1.12.1/desktop-jvm-1.12.1.jar' CREATED, '/home/mark/.cache/JetBrains/Kotlin/.m2.cache/org/jetbrains/compose/foundation/foundation-desktop/1.12.1/foundation-desktop-1.12.1.jar' CREATED, '/home/mark/.cache/JetBrains/Kotlin/.m2.cache/org/jetbrains/compose/foundation/foundation-layout-desktop/1.12.1/foundation-layout-desktop-1.12.1.jar' CREATED, '/home/mark/.cache/JetBrains/Kotlin/.m2.cache/org/jetbrains/compose/hot-reload/hot-reload-annotations-jvm/1.2.0/hot-reload-annotations-jvm-1.2.0.jar' CREATED, '/home/mark/.cache/JetBrains/Kotlin/.m2.cache/org/jetbrains/compose/hot-reload/hot-reload-runtime-api-jvm/1.2.0/hot-reload-runtime-api-jvm-1.2.0.jar' CREATED, '/home/mark/.cache/JetBrains/Kotlin/.m2.cache/org/jetbrains/compose/material/material-desktop/1.12.1/material-desktop-1.12.1.jar' CREATED, '/home/mark/.cache/JetBrains/Kotlin/.m2.cache/org/jetbrains/compose/material/material-ripple-desktop/1.12.1/material-ripple-desktop-1.12.1.jar' CREATED, '/home/mark/.cache/JetBrains/Kotlin/.m2.cache/org/jetbrains/compose/material3/material3-desktop/1.12.0-alpha03/material3-desktop-1.12.0-alpha03.jar' CREATED, '/home/mark/.cache/JetBrains/Kotlin/.m2.cache/org/jetbrains/compose/runtime/runtime-desktop/1.12.1/runtime-desktop-1.12.1.jar' CREATED, '/home/mark/.cache/JetBrains/Kotlin/.m2.cache/org/jetbrains/compose/runtime/runtime-saveable-desktop/1.12.1/runtime-saveable-desktop-1.12.1.jar' CREATED, '/home/mark/.cache/JetBrains/Kotlin/.m2.cache/org/jetbrains/compose/ui/ui-backhandler-desktop/1.12.1/ui-backhandler-desktop-1.12.1.jar' CREATED, '/home/mark/.cache/JetBrains/Kotlin/.m2.cache/org/jetbrains/compose/ui/ui-desktop/1.12.1/ui-desktop-1.12.1.jar' CREATED, '/home/mark/.cache/JetBrains/Kotlin/.m2.cache/org/jetbrains/compose/ui/ui-geometry-desktop/1.12.1/ui-geometry-desktop-1.12.1.jar' CREATED, '/home/mark/.cache/JetBrains/Kotlin/.m2.cache/org/jetbrains/compose/ui/ui-graphics-desktop/1.12.1/ui-graphics-desktop-1.12.1.jar' CREATED, '/home/mark/.cache/JetBrains/Kotlin/.m2.cache/org/jetbrains/compose/ui/ui-text-desktop/1.12.1/ui-text-desktop-1.12.1.jar' CREATED, '/home/mark/.cache/JetBrains/Kotlin/.m2.cache/org/jetbrains/compose/ui/ui-tooling-preview-desktop/1.12.1/ui-tooling-preview-desktop-1.12.1.jar' CREATED, '/home/mark/.cache/JetBrains/Kotlin/.m2.cache/org/jetbrains/compose/ui/ui-unit-desktop/1.12.1/ui-unit-desktop-1.12.1.jar' CREATED, '/home/mark/.cache/JetBrains/Kotlin/.m2.cache/org/jetbrains/compose/ui/ui-util-desktop/1.12.1/ui-util-desktop-1.12.1.jar' CREATED, '/home/mark/.cache/JetBrains/Kotlin/.m2.cache/org/jetbrains/kotlin/kotlin-stdlib/2.4.20/kotlin-stdlib-2.4.20.jar' CREATED, '/home/mark/.cache/JetBrains/Kotlin/.m2.cache/org/jetbrains/kotlinx/atomicfu-jvm/0.28.0/atomicfu-jvm-0.28.0.jar' CREATED, '/home/mark/.cache/JetBrains/Kotlin/.m2.cache/org/jetbrains/kotlinx/kotlinx-coroutines-core-jvm/1.11.0/kotlinx-coroutines-core-jvm-1.11.0.jar' CREATED, '/home/mark/.cache/JetBrains/Kotlin/.m2.cache/org/jetbrains/kotlinx/kotlinx-coroutines-swing/1.11.0/kotlinx-coroutines-swing-1.11.0.jar' CREATED, '/home/mark/.cache/JetBrains/Kotlin/.m2.cache/org/jetbrains/kotlinx/kotlinx-datetime-jvm/0.7.1/kotlinx-datetime-jvm-0.7.1.jar' CREATED, '/home/mark/.cache/JetBrains/Kotlin/.m2.cache/org/jetbrains/kotlinx/kotlinx-serialization-core-jvm/1.7.3/kotlinx-serialization-core-jvm-1.7.3.jar' CREATED, '/home/mark/.cache/JetBrains/Kotlin/.m2.cache/org/jetbrains/runtime/jbr-api/1.9.0/jbr-api-1.9.0.jar' CREATED, '/home/mark/.cache/JetBrains/Kotlin/.m2.cache/org/jetbrains/skiko/skiko-awt-runtime-linux-x64/0.150.1/skiko-awt-runtime-linux-x64-0.150.1.jar' CREATED, '/home/mark/.cache/JetBrains/Kotlin/.m2.cache/org/jetbrains/skiko/skiko-awt/0.150.1/skiko-awt-0.150.1.jar' CREATED, '/home/mark/.cache/JetBrains/Kotlin/.m2.cache/org/jspecify/jspecify/1.0.0/jspecify-1.0.0.jar' CREATED, '/home/mark/.cache/JetBrains/Kotlin/.m2.cache/org/slf4j/slf4j-api/2.0.18/slf4j-api-2.0.18.jar' CREATED
00:21.396 DEBUG :desktopApp:resolveDependenciesJvm ResolveExternalDependenciesTask$Companion resolve dependencies desktopApp -- main -- ch.qos.logback:logback-classic:1.6.2 org.jetbrains.compose.components:components-resources:1.12.1 org.jetbrains.compose.desktop:desktop-jvm-linux-x64:1.12.1 org.jetbrains.compose.runtime:runtime:1.12.1 org.jetbrains.compose.ui:ui-tooling-preview:1.12.1 org.jetbrains.kotlin:kotlin-stdlib:2.4.20 org.jetbrains.kotlinx:kotlinx-coroutines-swing:1.11.0 -- resolvePlatform=JVM nativeTarget=null
wasmTarget=null
https://repo1.maven.org/maven2 https://maven.google.com resolved to:
  .m2.cache/org/jetbrains/kotlinx/kotlinx-coroutines-swing/1.11.0/kotlinx-coroutines-swing-1.11.0.jar
  .m2.cache/ch/qos/logback/logback-classic/1.6.2/logback-classic-1.6.2.jar
  .m2.cache/org/jetbrains/kotlin/kotlin-stdlib/2.4.20/kotlin-stdlib-2.4.20.jar
  .m2.cache/org/jetbrains/compose/ui/ui-tooling-preview-desktop/1.12.1/ui-tooling-preview-desktop-1.12.1.jar
  .m2.cache/ch/qos/logback/logback-core/1.6.2/logback-core-1.6.2.jar
  .m2.cache/org/slf4j/slf4j-api/2.0.18/slf4j-api-2.0.18.jar
  .m2.cache/org/jetbrains/annotations/23.0.0/annotations-23.0.0.jar
  .m2.cache/org/jetbrains/compose/runtime/runtime-desktop/1.12.1/runtime-desktop-1.12.1.jar
  .m2.cache/org/jetbrains/compose/components/components-resources-desktop/1.12.1/components-resources-desktop-1.12.1.jar
  .m2.cache/org/jetbrains/compose/desktop/desktop-jvm/1.12.1/desktop-jvm-1.12.1.jar
  .m2.cache/org/jetbrains/kotlinx/kotlinx-coroutines-core-jvm/1.11.0/kotlinx-coroutines-core-jvm-1.11.0.jar
  .m2.cache/androidx/annotation/annotation-jvm/1.9.1/annotation-jvm-1.9.1.jar
  .m2.cache/androidx/compose/runtime/runtime-desktop/1.12.1/runtime-desktop-1.12.1.jar
  .m2.cache/org/jetbrains/compose/foundation/foundation-desktop/1.12.1/foundation-desktop-1.12.1.jar
  .m2.cache/org/jetbrains/compose/material/material-desktop/1.12.1/material-desktop-1.12.1.jar
  .m2.cache/org/jetbrains/compose/ui/ui-desktop/1.12.1/ui-desktop-1.12.1.jar
  .m2.cache/androidx/compose/runtime/runtime-annotation-jvm/1.12.1/runtime-annotation-jvm-1.12.1.jar
  .m2.cache/androidx/collection/collection-jvm/1.5.0/collection-jvm-1.5.0.jar
  .m2.cache/org/jetbrains/compose/animation/animation-desktop/1.12.1/animation-desktop-1.12.1.jar
  .m2.cache/org/jetbrains/skiko/skiko-awt/0.150.1/skiko-awt-0.150.1.jar
  .m2.cache/org/jetbrains/compose/animation/animation-core-desktop/1.12.1/animation-core-desktop-1.12.1.jar
  .m2.cache/org/jetbrains/compose/material/material-ripple-desktop/1.12.1/material-ripple-desktop-1.12.1.jar
  .m2.cache/org/jetbrains/compose/ui/ui-text-desktop/1.12.1/ui-text-desktop-1.12.1.jar
  .m2.cache/androidx/compose/runtime/runtime-retain-desktop/1.12.1/runtime-retain-desktop-1.12.1.jar
  .m2.cache/androidx/savedstate/savedstate-compose-desktop/1.4.0/savedstate-compose-desktop-1.4.0.jar
  .m2.cache/org/jetbrains/androidx/lifecycle/lifecycle-runtime-compose-desktop/2.11.0/lifecycle-runtime-compose-desktop-2.11.0.jar
  .m2.cache/org/jetbrains/compose/runtime/runtime-saveable-desktop/1.12.1/runtime-saveable-desktop-1.12.1.jar
  .m2.cache/org/jetbrains/compose/ui/ui-geometry-desktop/1.12.1/ui-geometry-desktop-1.12.1.jar
  .m2.cache/org/jetbrains/compose/ui/ui-graphics-desktop/1.12.1/ui-graphics-desktop-1.12.1.jar
  .m2.cache/org/jetbrains/compose/ui/ui-unit-desktop/1.12.1/ui-unit-desktop-1.12.1.jar
  .m2.cache/org/jetbrains/compose/ui/ui-util-desktop/1.12.1/ui-util-desktop-1.12.1.jar
  .m2.cache/org/jetbrains/compose/foundation/foundation-layout-desktop/1.12.1/foundation-layout-desktop-1.12.1.jar
  .m2.cache/androidx/savedstate/savedstate-desktop/1.4.0/savedstate-desktop-1.4.0.jar
  .m2.cache/androidx/lifecycle/lifecycle-runtime-compose-desktop/2.11.0/lifecycle-runtime-compose-desktop-2.11.0.jar
  .m2.cache/org/jetbrains/androidx/lifecycle/lifecycle-runtime-desktop/2.11.0/lifecycle-runtime-desktop-2.11.0.jar
  .m2.cache/androidx/compose/runtime/runtime-saveable-desktop/1.12.1/runtime-saveable-desktop-1.12.1.jar
  .m2.cache/org/jetbrains/androidx/savedstate/savedstate-compose-desktop/1.3.6/savedstate-compose-desktop-1.3.6.jar
  .m2.cache/org/jetbrains/kotlinx/kotlinx-serialization-core-jvm/1.7.3/kotlinx-serialization-core-jvm-1.7.3.jar
  .m2.cache/androidx/lifecycle/lifecycle-runtime-desktop/2.11.0/lifecycle-runtime-desktop-2.11.0.jar
  .m2.cache/org/jetbrains/androidx/lifecycle/lifecycle-common-jvm/2.11.0/lifecycle-common-jvm-2.11.0.jar
  .m2.cache/androidx/arch/core/core-common/2.2.0/core-common-2.2.0.jar
  .m2.cache/androidx/lifecycle/lifecycle-common-jvm/2.11.0/lifecycle-common-jvm-2.11.0.jar
  .m2.cache/org/jspecify/jspecify/1.0.0/jspecify-1.0.0.jar
00:21.410 DEBUG :desktopApp:resolveDependenciesJvmTest IncrementalCache          [inc] 'desktopApp:jvm:test' changes: '/home/mark/.cache/JetBrains/Kotlin/.m2.cache/androidx/annotation/annotation-jvm/1.9.1/annotation-jvm-1.9.1.jar' CREATED, '/home/mark/.cache/JetBrains/Kotlin/.m2.cache/androidx/arch/core/core-common/2.2.0/core-common-2.2.0.jar' CREATED, '/home/mark/.cache/JetBrains/Kotlin/.m2.cache/androidx/collection/collection-jvm/1.5.0/collection-jvm-1.5.0.jar' CREATED, '/home/mark/.cache/JetBrains/Kotlin/.m2.cache/androidx/compose/runtime/runtime-annotation-jvm/1.12.1/runtime-annotation-jvm-1.12.1.jar' CREATED, '/home/mark/.cache/JetBrains/Kotlin/.m2.cache/androidx/compose/runtime/runtime-desktop/1.12.1/runtime-desktop-1.12.1.jar' CREATED, '/home/mark/.cache/JetBrains/Kotlin/.m2.cache/androidx/compose/runtime/runtime-retain-desktop/1.12.1/runtime-retain-desktop-1.12.1.jar' CREATED, '/home/mark/.cache/JetBrains/Kotlin/.m2.cache/androidx/compose/runtime/runtime-saveable-desktop/1.12.1/runtime-saveable-desktop-1.12.1.jar' CREATED, '/home/mark/.cache/JetBrains/Kotlin/.m2.cache/androidx/graphics/graphics-shapes-desktop/1.1.0/graphics-shapes-desktop-1.1.0.jar' CREATED, '/home/mark/.cache/JetBrains/Kotlin/.m2.cache/androidx/lifecycle/lifecycle-common-jvm/2.11.0/lifecycle-common-jvm-2.11.0.jar' CREATED, '/home/mark/.cache/JetBrains/Kotlin/.m2.cache/androidx/lifecycle/lifecycle-runtime-compose-desktop/2.11.0/lifecycle-runtime-compose-desktop-2.11.0.jar' CREATED, '/home/mark/.cache/JetBrains/Kotlin/.m2.cache/androidx/lifecycle/lifecycle-runtime-desktop/2.11.0/lifecycle-runtime-desktop-2.11.0.jar' CREATED, '/home/mark/.cache/JetBrains/Kotlin/.m2.cache/androidx/lifecycle/lifecycle-viewmodel-compose-desktop/2.11.0/lifecycle-viewmodel-compose-desktop-2.11.0.jar' CREATED, '/home/mark/.cache/JetBrains/Kotlin/.m2.cache/androidx/lifecycle/lifecycle-viewmodel-desktop/2.11.0/lifecycle-viewmodel-desktop-2.11.0.jar' CREATED, '/home/mark/.cache/JetBrains/Kotlin/.m2.cache/androidx/lifecycle/lifecycle-viewmodel-savedstate-desktop/2.11.0/lifecycle-viewmodel-savedstate-desktop-2.11.0.jar' CREATED, '/home/mark/.cache/JetBrains/Kotlin/.m2.cache/androidx/navigationevent/navigationevent-compose-desktop/1.1.1/navigationevent-compose-desktop-1.1.1.jar' CREATED, '/home/mark/.cache/JetBrains/Kotlin/.m2.cache/androidx/navigationevent/navigationevent-desktop/1.1.1/navigationevent-desktop-1.1.1.jar' CREATED, '/home/mark/.cache/JetBrains/Kotlin/.m2.cache/androidx/savedstate/savedstate-compose-desktop/1.4.0/savedstate-compose-desktop-1.4.0.jar' CREATED, '/home/mark/.cache/JetBrains/Kotlin/.m2.cache/androidx/savedstate/savedstate-desktop/1.4.0/savedstate-desktop-1.4.0.jar' CREATED, '/home/mark/.cache/JetBrains/Kotlin/.m2.cache/ch/qos/logback/logback-classic/1.6.2/logback-classic-1.6.2.jar' CREATED, '/home/mark/.cache/JetBrains/Kotlin/.m2.cache/ch/qos/logback/logback-core/1.6.2/logback-core-1.6.2.jar' CREATED, '/home/mark/.cache/JetBrains/Kotlin/.m2.cache/org/apiguardian/apiguardian-api/1.1.2/apiguardian-api-1.1.2.jar' CREATED, '/home/mark/.cache/JetBrains/Kotlin/.m2.cache/org/jetbrains/androidx/lifecycle/lifecycle-common-jvm/2.11.0/lifecycle-common-jvm-2.11.0.jar' CREATED, '/home/mark/.cache/JetBrains/Kotlin/.m2.cache/org/jetbrains/androidx/lifecycle/lifecycle-runtime-compose-desktop/2.11.0/lifecycle-runtime-compose-desktop-2.11.0.jar' CREATED, '/home/mark/.cache/JetBrains/Kotlin/.m2.cache/org/jetbrains/androidx/lifecycle/lifecycle-runtime-desktop/2.11.0/lifecycle-runtime-desktop-2.11.0.jar' CREATED, '/home/mark/.cache/JetBrains/Kotlin/.m2.cache/org/jetbrains/androidx/lifecycle/lifecycle-viewmodel-compose-desktop/2.11.0/lifecycle-viewmodel-compose-desktop-2.11.0.jar' CREATED, '/home/mark/.cache/JetBrains/Kotlin/.m2.cache/org/jetbrains/androidx/lifecycle/lifecycle-viewmodel-desktop/2.11.0/lifecycle-viewmodel-desktop-2.11.0.jar' CREATED, '/home/mark/.cache/JetBrains/Kotlin/.m2.cache/org/jetbrains/androidx/lifecycle/lifecycle-viewmodel-savedstate-desktop/2.11.0/lifecycle-viewmodel-savedstate-desktop-2.11.0.jar' CREATED, '/home/mark/.cache/JetBrains/Kotlin/.m2.cache/org/jetbrains/androidx/navigationevent/navigationevent-compose-desktop/1.1.0/navigationevent-compose-desktop-1.1.0.jar' CREATED, '/home/mark/.cache/JetBrains/Kotlin/.m2.cache/org/jetbrains/androidx/savedstate/savedstate-compose-desktop/1.3.6/savedstate-compose-desktop-1.3.6.jar' CREATED, '/home/mark/.cache/JetBrains/Kotlin/.m2.cache/org/jetbrains/annotations/23.0.0/annotations-23.0.0.jar' CREATED, '/home/mark/.cache/JetBrains/Kotlin/.m2.cache/org/jetbrains/compose/animation/animation-core-desktop/1.12.1/animation-core-desktop-1.12.1.jar' CREATED, '/home/mark/.cache/JetBrains/Kotlin/.m2.cache/org/jetbrains/compose/animation/animation-desktop/1.12.1/animation-desktop-1.12.1.jar' CREATED, '/home/mark/.cache/JetBrains/Kotlin/.m2.cache/org/jetbrains/compose/components/components-resources-desktop/1.12.1/components-resources-desktop-1.12.1.jar' CREATED, '/home/mark/.cache/JetBrains/Kotlin/.m2.cache/org/jetbrains/compose/desktop/desktop-jvm/1.12.1/desktop-jvm-1.12.1.jar' CREATED, '/home/mark/.cache/JetBrains/Kotlin/.m2.cache/org/jetbrains/compose/foundation/foundation-desktop/1.12.1/foundation-desktop-1.12.1.jar' CREATED, '/home/mark/.cache/JetBrains/Kotlin/.m2.cache/org/jetbrains/compose/foundation/foundation-layout-desktop/1.12.1/foundation-layout-desktop-1.12.1.jar' CREATED, '/home/mark/.cache/JetBrains/Kotlin/.m2.cache/org/jetbrains/compose/hot-reload/hot-reload-annotations-jvm/1.2.0/hot-reload-annotations-jvm-1.2.0.jar' CREATED, '/home/mark/.cache/JetBrains/Kotlin/.m2.cache/org/jetbrains/compose/hot-reload/hot-reload-runtime-api-jvm/1.2.0/hot-reload-runtime-api-jvm-1.2.0.jar' CREATED, '/home/mark/.cache/JetBrains/Kotlin/.m2.cache/org/jetbrains/compose/material/material-desktop/1.12.1/material-desktop-1.12.1.jar' CREATED, '/home/mark/.cache/JetBrains/Kotlin/.m2.cache/org/jetbrains/compose/material/material-ripple-desktop/1.12.1/material-ripple-desktop-1.12.1.jar' CREATED, '/home/mark/.cache/JetBrains/Kotlin/.m2.cache/org/jetbrains/compose/material3/material3-desktop/1.12.0-alpha03/material3-desktop-1.12.0-alpha03.jar' CREATED, '/home/mark/.cache/JetBrains/Kotlin/.m2.cache/org/jetbrains/compose/runtime/runtime-desktop/1.12.1/runtime-desktop-1.12.1.jar' CREATED, '/home/mark/.cache/JetBrains/Kotlin/.m2.cache/org/jetbrains/compose/runtime/runtime-saveable-desktop/1.12.1/runtime-saveable-desktop-1.12.1.jar' CREATED, '/home/mark/.cache/JetBrains/Kotlin/.m2.cache/org/jetbrains/compose/ui/ui-backhandler-desktop/1.12.1/ui-backhandler-desktop-1.12.1.jar' CREATED, '/home/mark/.cache/JetBrains/Kotlin/.m2.cache/org/jetbrains/compose/ui/ui-desktop/1.12.1/ui-desktop-1.12.1.jar' CREATED, '/home/mark/.cache/JetBrains/Kotlin/.m2.cache/org/jetbrains/compose/ui/ui-geometry-desktop/1.12.1/ui-geometry-desktop-1.12.1.jar' CREATED, '/home/mark/.cache/JetBrains/Kotlin/.m2.cache/org/jetbrains/compose/ui/ui-graphics-desktop/1.12.1/ui-graphics-desktop-1.12.1.jar' CREATED, '/home/mark/.cache/JetBrains/Kotlin/.m2.cache/org/jetbrains/compose/ui/ui-text-desktop/1.12.1/ui-text-desktop-1.12.1.jar' CREATED, '/home/mark/.cache/JetBrains/Kotlin/.m2.cache/org/jetbrains/compose/ui/ui-tooling-preview-desktop/1.12.1/ui-tooling-preview-desktop-1.12.1.jar' CREATED, '/home/mark/.cache/JetBrains/Kotlin/.m2.cache/org/jetbrains/compose/ui/ui-unit-desktop/1.12.1/ui-unit-desktop-1.12.1.jar' CREATED, '/home/mark/.cache/JetBrains/Kotlin/.m2.cache/org/jetbrains/compose/ui/ui-util-desktop/1.12.1/ui-util-desktop-1.12.1.jar' CREATED, '/home/mark/.cache/JetBrains/Kotlin/.m2.cache/org/jetbrains/kotlin/kotlin-stdlib/2.4.20/kotlin-stdlib-2.4.20.jar' CREATED, '/home/mark/.cache/JetBrains/Kotlin/.m2.cache/org/jetbrains/kotlin/kotlin-test-junit5/2.4.20/kotlin-test-junit5-2.4.20.jar' CREATED, '/home/mark/.cache/JetBrains/Kotlin/.m2.cache/org/jetbrains/kotlin/kotlin-test/2.4.20/kotlin-test-2.4.20.jar' CREATED, '/home/mark/.cache/JetBrains/Kotlin/.m2.cache/org/jetbrains/kotlinx/atomicfu-jvm/0.28.0/atomicfu-jvm-0.28.0.jar' CREATED, '/home/mark/.cache/JetBrains/Kotlin/.m2.cache/org/jetbrains/kotlinx/kotlinx-coroutines-core-jvm/1.11.0/kotlinx-coroutines-core-jvm-1.11.0.jar' CREATED, '/home/mark/.cache/JetBrains/Kotlin/.m2.cache/org/jetbrains/kotlinx/kotlinx-coroutines-swing/1.11.0/kotlinx-coroutines-swing-1.11.0.jar' CREATED, '/home/mark/.cache/JetBrains/Kotlin/.m2.cache/org/jetbrains/kotlinx/kotlinx-datetime-jvm/0.7.1/kotlinx-datetime-jvm-0.7.1.jar' CREATED, '/home/mark/.cache/JetBrains/Kotlin/.m2.cache/org/jetbrains/kotlinx/kotlinx-serialization-core-jvm/1.7.3/kotlinx-serialization-core-jvm-1.7.3.jar' CREATED, '/home/mark/.cache/JetBrains/Kotlin/.m2.cache/org/jetbrains/runtime/jbr-api/1.9.0/jbr-api-1.9.0.jar' CREATED, '/home/mark/.cache/JetBrains/Kotlin/.m2.cache/org/jetbrains/skiko/skiko-awt-runtime-linux-x64/0.150.1/skiko-awt-runtime-linux-x64-0.150.1.jar' CREATED, '/home/mark/.cache/JetBrains/Kotlin/.m2.cache/org/jetbrains/skiko/skiko-awt/0.150.1/skiko-awt-0.150.1.jar' CREATED, '/home/mark/.cache/JetBrains/Kotlin/.m2.cache/org/jspecify/jspecify/1.0.0/jspecify-1.0.0.jar' CREATED, '/home/mark/.cache/JetBrains/Kotlin/.m2.cache/org/junit/jupiter/junit-jupiter-api/5.10.1/junit-jupiter-api-5.10.1.jar' CREATED, '/home/mark/.cache/JetBrains/Kotlin/.m2.cache/org/junit/jupiter/junit-jupiter-engine/5.10.1/junit-jupiter-engine-5.10.1.jar' CREATED, '/home/mark/.cache/JetBrains/Kotlin/.m2.cache/org/junit/platform/junit-platform-commons/1.10.1/junit-platform-commons-1.10.1.jar' CREATED, '/home/mark/.cache/JetBrains/Kotlin/.m2.cache/org/junit/platform/junit-platform-engine/1.10.1/junit-platform-engine-1.10.1.jar' CREATED, '/home/mark/.cache/JetBrains/Kotlin/.m2.cache/org/junit/platform/junit-platform-launcher/1.10.1/junit-platform-launcher-1.10.1.jar' CREATED, '/home/mark/.cache/JetBrains/Kotlin/.m2.cache/org/opentest4j/opentest4j/1.3.0/opentest4j-1.3.0.jar' CREATED, '/home/mark/.cache/JetBrains/Kotlin/.m2.cache/org/slf4j/slf4j-api/2.0.18/slf4j-api-2.0.18.jar' CREATED
00:21.411 DEBUG :desktopApp:resolveDependenciesJvmTest ResolveExternalDependenciesTask$Companion resolve dependencies desktopApp -- test -- ch.qos.logback:logback-classic:1.6.2 org.jetbrains.compose.components:components-resources:1.12.1 org.jetbrains.compose.desktop:desktop-jvm-linux-x64:1.12.1 org.jetbrains.compose.runtime:runtime:1.12.1 org.jetbrains.compose.ui:ui-tooling-preview:1.12.1 org.jetbrains.kotlin:kotlin-stdlib:2.4.20 org.jetbrains.kotlin:kotlin-test-junit5:2.4.20 org.jetbrains.kotlinx:kotlinx-coroutines-swing:1.11.0 -- resolvePlatform=JVM nativeTarget=null
wasmTarget=null
https://repo1.maven.org/maven2 https://maven.google.com resolved to:
  .m2.cache/org/jetbrains/kotlinx/kotlinx-coroutines-swing/1.11.0/kotlinx-coroutines-swing-1.11.0.jar
  .m2.cache/ch/qos/logback/logback-classic/1.6.2/logback-classic-1.6.2.jar
  .m2.cache/org/jetbrains/kotlin/kotlin-stdlib/2.4.20/kotlin-stdlib-2.4.20.jar
  .m2.cache/org/jetbrains/kotlin/kotlin-test-junit5/2.4.20/kotlin-test-junit5-2.4.20.jar
  .m2.cache/org/jetbrains/compose/ui/ui-tooling-preview-desktop/1.12.1/ui-tooling-preview-desktop-1.12.1.jar
  .m2.cache/ch/qos/logback/logback-core/1.6.2/logback-core-1.6.2.jar
  .m2.cache/org/slf4j/slf4j-api/2.0.18/slf4j-api-2.0.18.jar
  .m2.cache/org/jetbrains/annotations/23.0.0/annotations-23.0.0.jar
  .m2.cache/org/jetbrains/kotlin/kotlin-test/2.4.20/kotlin-test-2.4.20.jar
  .m2.cache/org/junit/jupiter/junit-jupiter-api/5.10.1/junit-jupiter-api-5.10.1.jar
  .m2.cache/org/jetbrains/compose/runtime/runtime-desktop/1.12.1/runtime-desktop-1.12.1.jar
  .m2.cache/org/jetbrains/compose/components/components-resources-desktop/1.12.1/components-resources-desktop-1.12.1.jar
  .m2.cache/org/jetbrains/compose/desktop/desktop-jvm/1.12.1/desktop-jvm-1.12.1.jar
  .m2.cache/org/jetbrains/kotlinx/kotlinx-coroutines-core-jvm/1.11.0/kotlinx-coroutines-core-jvm-1.11.0.jar
  .m2.cache/org/opentest4j/opentest4j/1.3.0/opentest4j-1.3.0.jar
  .m2.cache/org/junit/platform/junit-platform-commons/1.10.1/junit-platform-commons-1.10.1.jar
  .m2.cache/org/apiguardian/apiguardian-api/1.1.2/apiguardian-api-1.1.2.jar
  .m2.cache/androidx/annotation/annotation-jvm/1.9.1/annotation-jvm-1.9.1.jar
  .m2.cache/androidx/compose/runtime/runtime-desktop/1.12.1/runtime-desktop-1.12.1.jar
  .m2.cache/org/jetbrains/compose/foundation/foundation-desktop/1.12.1/foundation-desktop-1.12.1.jar
  .m2.cache/org/jetbrains/compose/material/material-desktop/1.12.1/material-desktop-1.12.1.jar
  .m2.cache/org/jetbrains/compose/ui/ui-desktop/1.12.1/ui-desktop-1.12.1.jar
  .m2.cache/androidx/compose/runtime/runtime-annotation-jvm/1.12.1/runtime-annotation-jvm-1.12.1.jar
  .m2.cache/androidx/collection/collection-jvm/1.5.0/collection-jvm-1.5.0.jar
  .m2.cache/org/jetbrains/compose/animation/animation-desktop/1.12.1/animation-desktop-1.12.1.jar
  .m2.cache/org/jetbrains/skiko/skiko-awt/0.150.1/skiko-awt-0.150.1.jar
  .m2.cache/org/jetbrains/compose/animation/animation-core-desktop/1.12.1/animation-core-desktop-1.12.1.jar
  .m2.cache/org/jetbrains/compose/material/material-ripple-desktop/1.12.1/material-ripple-desktop-1.12.1.jar
  .m2.cache/org/jetbrains/compose/ui/ui-text-desktop/1.12.1/ui-text-desktop-1.12.1.jar
  .m2.cache/androidx/compose/runtime/runtime-retain-desktop/1.12.1/runtime-retain-desktop-1.12.1.jar
  .m2.cache/androidx/savedstate/savedstate-compose-desktop/1.4.0/savedstate-compose-desktop-1.4.0.jar
  .m2.cache/org/jetbrains/androidx/lifecycle/lifecycle-runtime-compose-desktop/2.11.0/lifecycle-runtime-compose-desktop-2.11.0.jar
  .m2.cache/org/jetbrains/compose/runtime/runtime-saveable-desktop/1.12.1/runtime-saveable-desktop-1.12.1.jar
  .m2.cache/org/jetbrains/compose/ui/ui-geometry-desktop/1.12.1/ui-geometry-desktop-1.12.1.jar
  .m2.cache/org/jetbrains/compose/ui/ui-graphics-desktop/1.12.1/ui-graphics-desktop-1.12.1.jar
  .m2.cache/org/jetbrains/compose/ui/ui-unit-desktop/1.12.1/ui-unit-desktop-1.12.1.jar
  .m2.cache/org/jetbrains/compose/ui/ui-util-desktop/1.12.1/ui-util-desktop-1.12.1.jar
  .m2.cache/org/jetbrains/compose/foundation/foundation-layout-desktop/1.12.1/foundation-layout-desktop-1.12.1.jar
  .m2.cache/androidx/savedstate/savedstate-desktop/1.4.0/savedstate-desktop-1.4.0.jar
  .m2.cache/androidx/lifecycle/lifecycle-runtime-compose-desktop/2.11.0/lifecycle-runtime-compose-desktop-2.11.0.jar
  .m2.cache/org/jetbrains/androidx/lifecycle/lifecycle-runtime-desktop/2.11.0/lifecycle-runtime-desktop-2.11.0.jar
  .m2.cache/androidx/compose/runtime/runtime-saveable-desktop/1.12.1/runtime-saveable-desktop-1.12.1.jar
  .m2.cache/org/jetbrains/androidx/savedstate/savedstate-compose-desktop/1.3.6/savedstate-compose-desktop-1.3.6.jar
  .m2.cache/org/jetbrains/kotlinx/kotlinx-serialization-core-jvm/1.7.3/kotlinx-serialization-core-jvm-1.7.3.jar
  .m2.cache/androidx/lifecycle/lifecycle-runtime-desktop/2.11.0/lifecycle-runtime-desktop-2.11.0.jar
  .m2.cache/org/jetbrains/androidx/lifecycle/lifecycle-common-jvm/2.11.0/lifecycle-common-jvm-2.11.0.jar
  .m2.cache/androidx/arch/core/core-common/2.2.0/core-common-2.2.0.jar
  .m2.cache/androidx/lifecycle/lifecycle-common-jvm/2.11.0/lifecycle-common-jvm-2.11.0.jar
  .m2.cache/org/jspecify/jspecify/1.0.0/jspecify-1.0.0.jar
00:22.255 DEBUG :shared:compileJvm        IncrementalCache          [inc] 'jdk-list-download' changes: 
00:22.259 INFO  :shared:compileJvm        Downloader                Downloading https://github.com/adoptium/temurin25-binaries/releases/download/jdk-25.0.4.1%2B1/OpenJDK25U-jdk_x64_linux_hotspot_25.0.4.1_1.tar.gz to /home/mark/.cache/JetBrains/Kotlin/download.cache/5cadb5bf88-OpenJDK25U-jdk_x64_linux_hotspot_25.0.4.1_1.tar.gz
00:35.863 DEBUG :shared:compileJvm        ExtractKt                 Extracting /home/mark/.cache/JetBrains/Kotlin/download.cache/5cadb5bf88-OpenJDK25U-jdk_x64_linux_hotspot_25.0.4.1_1.tar.gz to /home/mark/.cache/JetBrains/Kotlin/extract.cache/5cadb5bf88-OpenJDK25U-jdk_x64_linux_hotspot_25.0.4.1_1.tar.gz.a609ba.d
00:37.140 DEBUG :shared:compileJvm        IncrementalCache          [inc] 'jdk-provisioning_{"majorVersion":25}' changes: '/home/mark/.cache/JetBrains/Kotlin/extract.cache/5cadb5bf88-OpenJDK25U-jdk_x64_linux_hotspot_25.0.4.1_1.tar.gz.a609ba.d/jdk-25.0.4.1+1/lib/libjimage.so' CREATED, '/home/mark/.cache/JetBrains/Kotlin/extract.cache/5cadb5bf88-OpenJDK25U-jdk_x64_linux_hotspot_25.0.4.1_1.tar.gz.a609ba.d/jdk-25.0.4.1+1/lib/libnio.so' CREATED, '/home/mark/.cache/JetBrains/Kotlin/extract.cache/5cadb5bf88-OpenJDK25U-jdk_x64_linux_hotspot_25.0.4.1_1.tar.gz.a609ba.d/jdk-25.0.4.1+1/lib/libmanagement.so' CREATED, '/home/mark/.cache/JetBrains/Kotlin/extract.cache/5cadb5bf88-OpenJDK25U-jdk_x64_linux_hotspot_25.0.4.1_1.tar.gz.a609ba.d/jdk-25.0.4.1+1/lib/libjaas.so' CREATED, '/home/mark/.cache/JetBrains/Kotlin/extract.cache/5cadb5bf88-OpenJDK25U-jdk_x64_linux_hotspot_25.0.4.1_1.tar.gz.a609ba.d/jdk-25.0.4.1+1/lib/src.zip' CREATED, '/home/mark/.cache/JetBrains/Kotlin/extract.cache/5cadb5bf88-OpenJDK25U-jdk_x64_linux_hotspot_25.0.4.1_1.tar.gz.a609ba.d/jdk-25.0.4.1+1/lib/librmi.so' CREATED, '/home/mark/.cache/JetBrains/Kotlin/extract.cache/5cadb5bf88-OpenJDK25U-jdk_x64_linux_hotspot_25.0.4.1_1.tar.gz.a609ba.d/jdk-25.0.4.1+1/lib/server/classes_nocoops.jsa' CREATED, '/home/mark/.cache/JetBrains/Kotlin/extract.cache/5cadb5bf88-OpenJDK25U-jdk_x64_linux_hotspot_25.0.4.1_1.tar.gz.a609ba.d/jdk-25.0.4.1+1/lib/server/classes_coh.jsa' CREATED, '/home/mark/.cache/JetBrains/Kotlin/extract.cache/5cadb5bf88-OpenJDK25U-jdk_x64_linux_hotspot_25.0.4.1_1.tar.gz.a609ba.d/jdk-25.0.4.1+1/lib/server/classes_nocoops_coh.jsa' CREATED, '/home/mark/.cache/JetBrains/Kotlin/extract.cache/5cadb5bf88-OpenJDK25U-jdk_x64_linux_hotspot_25.0.4.1_1.tar.gz.a609ba.d/jdk-25.0.4.1+1/lib/server/libjsig.so' CREATED, '/home/mark/.cache/JetBrains/Kotlin/extract.cache/5cadb5bf88-OpenJDK25U-jdk_x64_linux_hotspot_25.0.4.1_1.tar.gz.a609ba.d/jdk-25.0.4.1+1/lib/server/classes.jsa' CREATED, '/home/mark/.cache/JetBrains/Kotlin/extract.cache/5cadb5bf88-OpenJDK25U-jdk_x64_linux_hotspot_25.0.4.1_1.tar.gz.a609ba.d/jdk-25.0.4.1+1/lib/server/libjvm.so' CREATED, '/home/mark/.cache/JetBrains/Kotlin/extract.cache/5cadb5bf88-OpenJDK25U-jdk_x64_linux_hotspot_25.0.4.1_1.tar.gz.a609ba.d/jdk-25.0.4.1+1/lib/libj2pkcs11.so' CREATED, '/home/mark/.cache/JetBrains/Kotlin/extract.cache/5cadb5bf88-OpenJDK25U-jdk_x64_linux_hotspot_25.0.4.1_1.tar.gz.a609ba.d/jdk-25.0.4.1+1/lib/libjavajpeg.so' CREATED, '/home/mark/.cache/JetBrains/Kotlin/extract.cache/5cadb5bf88-OpenJDK25U-jdk_x64_linux_hotspot_25.0.4.1_1.tar.gz.a609ba.d/jdk-25.0.4.1+1/lib/jrt-fs.jar' CREATED, '/home/mark/.cache/JetBrains/Kotlin/extract.cache/5cadb5bf88-OpenJDK25U-jdk_x64_linux_hotspot_25.0.4.1_1.tar.gz.a609ba.d/jdk-25.0.4.1+1/lib/libfontmanager.so' CREATED, '/home/mark/.cache/JetBrains/Kotlin/extract.cache/5cadb5bf88-OpenJDK25U-jdk_x64_linux_hotspot_25.0.4.1_1.tar.gz.a609ba.d/jdk-25.0.4.1+1/lib/libmlib_image.so' CREATED, '/home/mark/.cache/JetBrains/Kotlin/extract.cache/5cadb5bf88-OpenJDK25U-jdk_x64_linux_hotspot_25.0.4.1_1.tar.gz.a609ba.d/jdk-25.0.4.1+1/lib/security/blocked.certs' CREATED, '/home/mark/.cache/JetBrains/Kotlin/extract.cache/5cadb5bf88-OpenJDK25U-jdk_x64_linux_hotspot_25.0.4.1_1.tar.gz.a609ba.d/jdk-25.0.4.1+1/lib/security/public_suffix_list.dat' CREATED, '/home/mark/.cache/JetBrains/Kotlin/extract.cache/5cadb5bf88-OpenJDK25U-jdk_x64_linux_hotspot_25.0.4.1_1.tar.gz.a609ba.d/jdk-25.0.4.1+1/lib/security/cacerts' CREATED, '/home/mark/.cache/JetBrains/Kotlin/extract.cache/5cadb5bf88-OpenJDK25U-jdk_x64_linux_hotspot_25.0.4.1_1.tar.gz.a609ba.d/jdk-25.0.4.1+1/lib/libjava.so' CREATED, '/home/mark/.cache/JetBrains/Kotlin/extract.cache/5cadb5bf88-OpenJDK25U-jdk_x64_linux_hotspot_25.0.4.1_1.tar.gz.a609ba.d/jdk-25.0.4.1+1/lib/libprefs.so' CREATED, '/home/mark/.cache/JetBrains/Kotlin/extract.cache/5cadb5bf88-OpenJDK25U-jdk_x64_linux_hotspot_25.0.4.1_1.tar.gz.a609ba.d/jdk-25.0.4.1+1/lib/classlist' CREATED, '/home/mark/.cache/JetBrains/Kotlin/extract.cache/5cadb5bf88-OpenJDK25U-jdk_x64_linux_hotspot_25.0.4.1_1.tar.gz.a609ba.d/jdk-25.0.4.1+1/lib/libsyslookup.so' CREATED, '/home/mark/.cache/JetBrains/Kotlin/extract.cache/5cadb5bf88-OpenJDK25U-jdk_x64_linux_hotspot_25.0.4.1_1.tar.gz.a609ba.d/jdk-25.0.4.1+1/lib/libzip.so' CREATED, '/home/mark/.cache/JetBrains/Kotlin/extract.cache/5cadb5bf88-OpenJDK25U-jdk_x64_linux_hotspot_25.0.4.1_1.tar.gz.a609ba.d/jdk-25.0.4.1+1/lib/libawt.so' CREATED, '/home/mark/.cache/JetBrains/Kotlin/extract.cache/5cadb5bf88-OpenJDK25U-jdk_x64_linux_hotspot_25.0.4.1_1.tar.gz.a609ba.d/jdk-25.0.4.1+1/lib/jvm.cfg' CREATED, '/home/mark/.cache/JetBrains/Kotlin/extract.cache/5cadb5bf88-OpenJDK25U-jdk_x64_linux_hotspot_25.0.4.1_1.tar.gz.a609ba.d/jdk-25.0.4.1+1/lib/libjsig.so' CREATED, '/home/mark/.cache/JetBrains/Kotlin/extract.cache/5cadb5bf88-OpenJDK25U-jdk_x64_linux_hotspot_25.0.4.1_1.tar.gz.a609ba.d/jdk-25.0.4.1+1/lib/modules' CREATED, '/home/mark/.cache/JetBrains/Kotlin/extract.cache/5cadb5bf88-OpenJDK25U-jdk_x64_linux_hotspot_25.0.4.1_1.tar.gz.a609ba.d/jdk-25.0.4.1+1/lib/libjawt.so' CREATED, '/home/mark/.cache/JetBrains/Kotlin/extract.cache/5cadb5bf88-OpenJDK25U-jdk_x64_linux_hotspot_25.0.4.1_1.tar.gz.a609ba.d/jdk-25.0.4.1+1/lib/jexec' CREATED, '/home/mark/.cache/JetBrains/Kotlin/extract.cache/5cadb5bf88-OpenJDK25U-jdk_x64_linux_hotspot_25.0.4.1_1.tar.gz.a609ba.d/jdk-25.0.4.1+1/lib/jfr/profile.jfc' CREATED, '/home/mark/.cache/JetBrains/Kotlin/extract.cache/5cadb5bf88-OpenJDK25U-jdk_x64_linux_hotspot_25.0.4.1_1.tar.gz.a609ba.d/jdk-25.0.4.1+1/lib/jfr/default.jfc' CREATED, '/home/mark/.cache/JetBrains/Kotlin/extract.cache/5cadb5bf88-OpenJDK25U-jdk_x64_linux_hotspot_25.0.4.1_1.tar.gz.a609ba.d/jdk-25.0.4.1+1/lib/libverify.so' CREATED, '/home/mark/.cache/JetBrains/Kotlin/extract.cache/5cadb5bf88-OpenJDK25U-jdk_x64_linux_hotspot_25.0.4.1_1.tar.gz.a609ba.d/jdk-25.0.4.1+1/lib/libsaproc.so' CREATED, '/home/mark/.cache/JetBrains/Kotlin/extract.cache/5cadb5bf88-OpenJDK25U-jdk_x64_linux_hotspot_25.0.4.1_1.tar.gz.a609ba.d/jdk-25.0.4.1+1/lib/libattach.so' CREATED, '/home/mark/.cache/JetBrains/Kotlin/extract.cache/5cadb5bf88-OpenJDK25U-jdk_x64_linux_hotspot_25.0.4.1_1.tar.gz.a609ba.d/jdk-25.0.4.1+1/lib/psfontj2d.properties' CREATED, '/home/mark/.cache/JetBrains/Kotlin/extract.cache/5cadb5bf88-OpenJDK25U-jdk_x64_linux_hotspot_25.0.4.1_1.tar.gz.a609ba.d/jdk-25.0.4.1+1/lib/libjsound.so' CREATED, '/home/mark/.cache/JetBrains/Kotlin/extract.cache/5cadb5bf88-OpenJDK25U-jdk_x64_linux_hotspot_25.0.4.1_1.tar.gz.a609ba.d/jdk-25.0.4.1+1/lib/libjsvml.so' CREATED, '/home/mark/.cache/JetBrains/Kotlin/extract.cache/5cadb5bf88-OpenJDK25U-jdk_x64_linux_hotspot_25.0.4.1_1.tar.gz.a609ba.d/jdk-25.0.4.1+1/lib/libawt_xawt.so' CREATED, '/home/mark/.cache/JetBrains/Kotlin/extract.cache/5cadb5bf88-OpenJDK25U-jdk_x64_linux_hotspot_25.0.4.1_1.tar.gz.a609ba.d/jdk-25.0.4.1+1/lib/libsplashscreen.so' CREATED, '/home/mark/.cache/JetBrains/Kotlin/extract.cache/5cadb5bf88-OpenJDK25U-jdk_x64_linux_hotspot_25.0.4.1_1.tar.gz.a609ba.d/jdk-25.0.4.1+1/lib/liblcms.so' CREATED, '/home/mark/.cache/JetBrains/Kotlin/extract.cache/5cadb5bf88-OpenJDK25U-jdk_x64_linux_hotspot_25.0.4.1_1.tar.gz.a609ba.d/jdk-25.0.4.1+1/lib/libjdwp.so' CREATED, '/home/mark/.cache/JetBrains/Kotlin/extract.cache/5cadb5bf88-OpenJDK25U-jdk_x64_linux_hotspot_25.0.4.1_1.tar.gz.a609ba.d/jdk-25.0.4.1+1/lib/libextnet.so' CREATED, '/home/mark/.cache/JetBrains/Kotlin/extract.cache/5cadb5bf88-OpenJDK25U-jdk_x64_linux_hotspot_25.0.4.1_1.tar.gz.a609ba.d/jdk-25.0.4.1+1/lib/libdt_socket.so' CREATED, '/home/mark/.cache/JetBrains/Kotlin/extract.cache/5cadb5bf88-OpenJDK25U-jdk_x64_linux_hotspot_25.0.4.1_1.tar.gz.a609ba.d/jdk-25.0.4.1+1/lib/libawt_headless.so' CREATED, '/home/mark/.cache/JetBrains/Kotlin/extract.cache/5cadb5bf88-OpenJDK25U-jdk_x64_linux_hotspot_25.0.4.1_1.tar.gz.a609ba.d/jdk-25.0.4.1+1/lib/tzdb.dat' CREATED, '/home/mark/.cache/JetBrains/Kotlin/extract.cache/5cadb5bf88-OpenJDK25U-jdk_x64_linux_hotspot_25.0.4.1_1.tar.gz.a609ba.d/jdk-25.0.4.1+1/lib/libjli.so' CREATED, '/home/mark/.cache/JetBrains/Kotlin/extract.cache/5cadb5bf88-OpenJDK25U-jdk_x64_linux_hotspot_25.0.4.1_1.tar.gz.a609ba.d/jdk-25.0.4.1+1/lib/libsctp.so' CREATED, '/home/mark/.cache/JetBrains/Kotlin/extract.cache/5cadb5bf88-OpenJDK25U-jdk_x64_linux_hotspot_25.0.4.1_1.tar.gz.a609ba.d/jdk-25.0.4.1+1/lib/libmanagement_ext.so' CREATED, '/home/mark/.cache/JetBrains/Kotlin/extract.cache/5cadb5bf88-OpenJDK25U-jdk_x64_linux_hotspot_25.0.4.1_1.tar.gz.a609ba.d/jdk-25.0.4.1+1/lib/libj2gss.so' CREATED, '/home/mark/.cache/JetBrains/Kotlin/extract.cache/5cadb5bf88-OpenJDK25U-jdk_x64_linux_hotspot_25.0.4.1_1.tar.gz.a609ba.d/jdk-25.0.4.1+1/lib/jspawnhelper' CREATED, '/home/mark/.cache/JetBrains/Kotlin/extract.cache/5cadb5bf88-OpenJDK25U-jdk_x64_linux_hotspot_25.0.4.1_1.tar.gz.a609ba.d/jdk-25.0.4.1+1/lib/ct.sym' CREATED, '/home/mark/.cache/JetBrains/Kotlin/extract.cache/5cadb5bf88-OpenJDK25U-jdk_x64_linux_hotspot_25.0.4.1_1.tar.gz.a609ba.d/jdk-25.0.4.1+1/lib/libsimdsort.so' CREATED, '/home/mark/.cache/JetBrains/Kotlin/extract.cache/5cadb5bf88-OpenJDK25U-jdk_x64_linux_hotspot_25.0.4.1_1.tar.gz.a609ba.d/jdk-25.0.4.1+1/lib/libinstrument.so' CREATED, '/home/mark/.cache/JetBrains/Kotlin/extract.cache/5cadb5bf88-OpenJDK25U-jdk_x64_linux_hotspot_25.0.4.1_1.tar.gz.a609ba.d/jdk-25.0.4.1+1/lib/libnet.so' CREATED, '/home/mark/.cache/JetBrains/Kotlin/extract.cache/5cadb5bf88-OpenJDK25U-jdk_x64_linux_hotspot_25.0.4.1_1.tar.gz.a609ba.d/jdk-25.0.4.1+1/lib/libmanagement_agent.so' CREATED, '/home/mark/.cache/JetBrains/Kotlin/extract.cache/5cadb5bf88-OpenJDK25U-jdk_x64_linux_hotspot_25.0.4.1_1.tar.gz.a609ba.d/jdk-25.0.4.1+1/lib/psfont.properties.ja' CREATED, '/home/mark/.cache/JetBrains/Kotlin/extract.cache/5cadb5bf88-OpenJDK25U-jdk_x64_linux_hotspot_25.0.4.1_1.tar.gz.a609ba.d/jdk-25.0.4.1+1/lib/libj2pcsc.so' CREATED, '/home/mark/.cache/JetBrains/Kotlin/extract.cache/5cadb5bf88-OpenJDK25U-jdk_x64_linux_hotspot_25.0.4.1_1.tar.gz.a609ba.d/jdk-25.0.4.1+1/lib/libfreetype.so' CREATED, '/home/mark/.cache/JetBrains/Kotlin/extract.cache/5cadb5bf88-OpenJDK25U-jdk_x64_linux_hotspot_25.0.4.1_1.tar.gz.a609ba.d/jdk-25.0.4.1+1/include/classfile_constants.h' CREATED, '/home/mark/.cache/JetBrains/Kotlin/extract.cache/5cadb5bf88-OpenJDK25U-jdk_x64_linux_hotspot_25.0.4.1_1.tar.gz.a609ba.d/jdk-25.0.4.1+1/include/jdwpTransport.h' CREATED, '/home/mark/.cache/JetBrains/Kotlin/extract.cache/5cadb5bf88-OpenJDK25U-jdk_x64_linux_hotspot_25.0.4.1_1.tar.gz.a609ba.d/jdk-25.0.4.1+1/include/linux/jni_md.h' CREATED, '/home/mark/.cache/JetBrains/Kotlin/extract.cache/5cadb5bf88-OpenJDK25U-jdk_x64_linux_hotspot_25.0.4.1_1.tar.gz.a609ba.d/jdk-25.0.4.1+1/include/linux/jawt_md.h' CREATED, '/home/mark/.cache/JetBrains/Kotlin/extract.cache/5cadb5bf88-OpenJDK25U-jdk_x64_linux_hotspot_25.0.4.1_1.tar.gz.a609ba.d/jdk-25.0.4.1+1/include/jni.h' CREATED, '/home/mark/.cache/JetBrains/Kotlin/extract.cache/5cadb5bf88-OpenJDK25U-jdk_x64_linux_hotspot_25.0.4.1_1.tar.gz.a609ba.d/jdk-25.0.4.1+1/include/jvmticmlr.h' CREATED, '/home/mark/.cache/JetBrains/Kotlin/extract.cache/5cadb5bf88-OpenJDK25U-jdk_x64_linux_hotspot_25.0.4.1_1.tar.gz.a609ba.d/jdk-25.0.4.1+1/include/jvmti.h' CREATED, '/home/mark/.cache/JetBrains/Kotlin/extract.cache/5cadb5bf88-OpenJDK25U-jdk_x64_linux_hotspot_25.0.4.1_1.tar.gz.a609ba.d/jdk-25.0.4.1+1/include/jawt.h' CREATED, '/home/mark/.cache/JetBrains/Kotlin/extract.cache/5cadb5bf88-OpenJDK25U-jdk_x64_linux_hotspot_25.0.4.1_1.tar.gz.a609ba.d/jdk-25.0.4.1+1/release' CREATED, '/home/mark/.cache/JetBrains/Kotlin/extract.cache/5cadb5bf88-OpenJDK25U-jdk_x64_linux_hotspot_25.0.4.1_1.tar.gz.a609ba.d/jdk-25.0.4.1+1/conf/logging.properties' CREATED, '/home/mark/.cache/JetBrains/Kotlin/extract.cache/5cadb5bf88-OpenJDK25U-jdk_x64_linux_hotspot_25.0.4.1_1.tar.gz.a609ba.d/jdk-25.0.4.1+1/conf/security/java.security' CREATED, '/home/mark/.cache/JetBrains/Kotlin/extract.cache/5cadb5bf88-OpenJDK25U-jdk_x64_linux_hotspot_25.0.4.1_1.tar.gz.a609ba.d/jdk-25.0.4.1+1/conf/security/policy/limited/default_local.policy' CREATED, '/home/mark/.cache/JetBrains/Kotlin/extract.cache/5cadb5bf88-OpenJDK25U-jdk_x64_linux_hotspot_25.0.4.1_1.tar.gz.a609ba.d/jdk-25.0.4.1+1/conf/security/policy/limited/default_US_export.policy' CREATED, '/home/mark/.cache/JetBrains/Kotlin/extract.cache/5cadb5bf88-OpenJDK25U-jdk_x64_linux_hotspot_25.0.4.1_1.tar.gz.a609ba.d/jdk-25.0.4.1+1/conf/security/policy/limited/exempt_local.policy' CREATED, '/home/mark/.cache/JetBrains/Kotlin/extract.cache/5cadb5bf88-OpenJDK25U-jdk_x64_linux_hotspot_25.0.4.1_1.tar.gz.a609ba.d/jdk-25.0.4.1+1/conf/security/policy/unlimited/default_local.policy' CREATED, '/home/mark/.cache/JetBrains/Kotlin/extract.cache/5cadb5bf88-OpenJDK25U-jdk_x64_linux_hotspot_25.0.4.1_1.tar.gz.a609ba.d/jdk-25.0.4.1+1/conf/security/policy/unlimited/default_US_export.policy' CREATED, '/home/mark/.cache/JetBrains/Kotlin/extract.cache/5cadb5bf88-OpenJDK25U-jdk_x64_linux_hotspot_25.0.4.1_1.tar.gz.a609ba.d/jdk-25.0.4.1+1/conf/security/policy/README.txt' CREATED, '/home/mark/.cache/JetBrains/Kotlin/extract.cache/5cadb5bf88-OpenJDK25U-jdk_x64_linux_hotspot_25.0.4.1_1.tar.gz.a609ba.d/jdk-25.0.4.1+1/conf/management/management.properties' CREATED, '/home/mark/.cache/JetBrains/Kotlin/extract.cache/5cadb5bf88-OpenJDK25U-jdk_x64_linux_hotspot_25.0.4.1_1.tar.gz.a609ba.d/jdk-25.0.4.1+1/conf/management/jmxremote.password.template' CREATED, '/home/mark/.cache/JetBrains/Kotlin/extract.cache/5cadb5bf88-OpenJDK25U-jdk_x64_linux_hotspot_25.0.4.1_1.tar.gz.a609ba.d/jdk-25.0.4.1+1/conf/management/jmxremote.access' CREATED, '/home/mark/.cache/JetBrains/Kotlin/extract.cache/5cadb5bf88-OpenJDK25U-jdk_x64_linux_hotspot_25.0.4.1_1.tar.gz.a609ba.d/jdk-25.0.4.1+1/conf/jaxp.properties' CREATED, '/home/mark/.cache/JetBrains/Kotlin/extract.cache/5cadb5bf88-OpenJDK25U-jdk_x64_linux_hotspot_25.0.4.1_1.tar.gz.a609ba.d/jdk-25.0.4.1+1/conf/jaxp-strict.properties.template' CREATED, '/home/mark/.cache/JetBrains/Kotlin/extract.cache/5cadb5bf88-OpenJDK25U-jdk_x64_linux_hotspot_25.0.4.1_1.tar.gz.a609ba.d/jdk-25.0.4.1+1/conf/sdp/sdp.conf.template' CREATED, '/home/mark/.cache/JetBrains/Kotlin/extract.cache/5cadb5bf88-OpenJDK25U-jdk_x64_linux_hotspot_25.0.4.1_1.tar.gz.a609ba.d/jdk-25.0.4.1+1/conf/sound.properties' CREATED, '/home/mark/.cache/JetBrains/Kotlin/extract.cache/5cadb5bf88-OpenJDK25U-jdk_x64_linux_hotspot_25.0.4.1_1.tar.gz.a609ba.d/jdk-25.0.4.1+1/conf/net.properties' CREATED, '/home/mark/.cache/JetBrains/Kotlin/extract.cache/5cadb5bf88-OpenJDK25U-jdk_x64_linux_hotspot_25.0.4.1_1.tar.gz.a609ba.d/jdk-25.0.4.1+1/legal/java.datatransfer/LICENSE' CREATED, '/home/mark/.cache/JetBrains/Kotlin/extract.cache/5cadb5bf88-OpenJDK25U-jdk_x64_linux_hotspot_25.0.4.1_1.tar.gz.a609ba.d/jdk-25.0.4.1+1/legal/java.datatransfer/ADDITIONAL_LICENSE_INFO' CREATED, '/home/mark/.cache/JetBrains/Kotlin/extract.cache/5cadb5bf88-OpenJDK25U-jdk_x64_linux_hotspot_25.0.4.1_1.tar.gz.a609ba.d/jdk-25.0.4.1+1/legal/java.datatransfer/ASSEMBLY_EXCEPTION' CREATED, '/home/mark/.cache/JetBrains/Kotlin/extract.cache/5cadb5bf88-OpenJDK25U-jdk_x64_linux_hotspot_25.0.4.1_1.tar.gz.a609ba.d/jdk-25.0.4.1+1/legal/jdk.crypto.ec/LICENSE' CREATED, '/home/mark/.cache/JetBrains/Kotlin/extract.cache/5cadb5bf88-OpenJDK25U-jdk_x64_linux_hotspot_25.0.4.1_1.tar.gz.a609ba.d/jdk-25.0.4.1+1/legal/jdk.crypto.ec/ADDITIONAL_LICENSE_INFO' CREATED, '/home/mark/.cache/JetBrains/Kotlin/extract.cache/5cadb5bf88-OpenJDK25U-jdk_x64_linux_hotspot_25.0.4.1_1.tar.gz.a609ba.d/jdk-25.0.4.1+1/legal/jdk.crypto.ec/ASSEMBLY_EXCEPTION' CREATED, '/home/mark/.cache/JetBrains/Kotlin/extract.cache/5cadb5bf88-OpenJDK25U-jdk_x64_linux_hotspot_25.0.4.1_1.tar.gz.a609ba.d/jdk-25.0.4.1+1/legal/jdk.accessibility/LICENSE' CREATED, '/home/mark/.cache/JetBrains/Kotlin/extract.cache/5cadb5bf88-OpenJDK25U-jdk_x64_linux_hotspot_25.0.4.1_1.tar.gz.a609ba.d/jdk-25.0.4.1+1/legal/jdk.accessibility/ADDITIONAL_LICENSE_INFO' CREATED, '/home/mark/.cache/JetBrains/Kotlin/extract.cache/5cadb5bf88-OpenJDK25U-jdk_x64_linux_hotspot_25.0.4.1_1.tar.gz.a609ba.d/jdk-25.0.4.1+1/legal/jdk.accessibility/ASSEMBLY_EXCEPTION' CREATED, '/home/mark/.cache/JetBrains/Kotlin/extract.cache/5cadb5bf88-OpenJDK25U-jdk_x64_linux_hotspot_25.0.4.1_1.tar.gz.a609ba.d/jdk-25.0.4.1+1/legal/java.prefs/LICENSE' CREATED, '/home/mark/.cache/JetBrains/Kotlin/extract.cache/5cadb5bf88-OpenJDK25U-jdk_x64_linux_hotspot_25.0.4.1_1.tar.gz.a609ba.d/jdk-25.0.4.1+1/legal/java.prefs/ADDITIONAL_LICENSE_INFO' CREATED, '/home/mark/.cache/JetBrains/Kotlin/extract.cache/5cadb5bf88-OpenJDK25U-jdk_x64_linux_hotspot_25.0.4.1_1.tar.gz.a609ba.d/jdk-25.0.4.1+1/legal/java.prefs/ASSEMBLY_EXCEPTION' CREATED, '/home/mark/.cache/JetBrains/Kotlin/extract.cache/5cadb5bf88-OpenJDK25U-jdk_x64_linux_hotspot_25.0.4.1_1.tar.gz.a609ba.d/jdk-25.0.4.1+1/legal/jdk.dynalink/LICENSE' CREATED, '/home/mark/.cache/JetBrains/Kotlin/extract.cache/5cadb5bf88-OpenJDK25U-jdk_x64_linux_hotspot_25.0.4.1_1.tar.gz.a609ba.d/jdk-25.0.4.1+1/legal/jdk.dynalink/ADDITIONAL_LICENSE_INFO' CREATED, '/home/mark/.cache/JetBrains/Kotlin/extract.cache/5cadb5bf88-OpenJDK25U-jdk_x64_linux_hotspot_25.0.4.1_1.tar.gz.a609ba.d/jdk-25.0.4.1+1/legal/jdk.dynalink/ASSEMBLY_EXCEPTION' CREATED, '/home/mark/.cache/JetBrains/Kotlin/extract.cache/5cadb5bf88-OpenJDK25U-jdk_x64_linux_hotspot_25.0.4.1_1.tar.gz.a609ba.d/jdk-25.0.4.1+1/legal/jdk.dynalink/dynalink.md' CREATED, '/home/mark/.cache/JetBrains/Kotlin/extract.cache/5cadb5bf88-OpenJDK25U-jdk_x64_linux_hotspot_25.0.4.1_1.tar.gz.a609ba.d/jdk-25.0.4.1+1/legal/jdk.management.agent/LICENSE' CREATED, '/home/mark/.cache/JetBrains/Kotlin/extract.cache/5cadb5bf88-OpenJDK25U-jdk_x64_linux_hotspot_25.0.4.1_1.tar.gz.a609ba.d/jdk-25.0.4.1+1/legal/jdk.management.agent/ADDITIONAL_LICENSE_INFO' CREATED, '/home/mark/.cache/JetBrains/Kotlin/extract.cache/5cadb5bf88-OpenJDK25U-jdk_x64_linux_hotspot_25.0.4.1_1.tar.gz.a609ba.d/jdk-25.0.4.1+1/legal/jdk.management.agent/ASSEMBLY_EXCEPTION' CREATED, '/home/mark/.cache/JetBrains/Kotlin/extract.cache/5cadb5bf88-OpenJDK25U-jdk_x64_linux_hotspot_25.0.4.1_1.tar.gz.a609ba.d/jdk-25.0.4.1+1/legal/jdk.incubator.vector/LICENSE' CREATED, '/home/mark/.cache/JetBrains/Kotlin/extract.cache/5cadb5bf88-OpenJDK25U-jdk_x64_linux_hotspot_25.0.4.1_1.tar.gz.a609ba.d/jdk-25.0.4.1+1/legal/jdk.incubator.vector/sleef.md' CREATED, '/home/mark/.cache/JetBrains/Kotlin/extract.cache/5cadb5bf88-OpenJDK25U-jdk_x64_linux_hotspot_25.0.4.1_1.tar.gz.a609ba.d/jdk-25.0.4.1+1/legal/jdk.incubator.vector/ADDITIONAL_LICENSE_INFO' CREATED, '/home/mark/.cache/JetBrains/Kotlin/extract.cache/5cadb5bf88-OpenJDK25U-jdk_x64_linux_hotspot_25.0.4.1_1.tar.gz.a609ba.d/jdk-25.0.4.1+1/legal/jdk.incubator.vector/ASSEMBLY_EXCEPTION' CREATED, '/home/mark/.cache/JetBrains/Kotlin/extract.cache/5cadb5bf88-OpenJDK25U-jdk_x64_linux_hotspot_25.0.4.1_1.tar.gz.a609ba.d/jdk-25.0.4.1+1/legal/java.se/LICENSE' CREATED, '/home/mark/.cache/JetBrains/Kotlin/extract.cache/5cadb5bf88-OpenJDK25U-jdk_x64_linux_hotspot_25.0.4.1_1.tar.gz.a609ba.d/jdk-25.0.4.1+1/legal/java.se/ADDITIONAL_LICENSE_INFO' CREATED, '/home/mark/.cache/JetBrains/Kotlin/extract.cache/5cadb5bf88-OpenJDK25U-jdk_x64_linux_hotspot_25.0.4.1_1.tar.gz.a609ba.d/jdk-25.0.4.1+1/legal/java.se/ASSEMBLY_EXCEPTION' CREATED, '/home/mark/.cache/JetBrains/Kotlin/extract.cache/5cadb5bf88-OpenJDK25U-jdk_x64_linux_hotspot_25.0.4.1_1.tar.gz.a609ba.d/jdk-25.0.4.1+1/legal/jdk.nio.mapmode/LICENSE' CREATED, '/home/mark/.cache/JetBrains/Kotlin/extract.cache/5cadb5bf88-OpenJDK25U-jdk_x64_linux_hotspot_25.0.4.1_1.tar.gz.a609ba.d/jdk-25.0.4.1+1/legal/jdk.nio.mapmode/ADDITIONAL_LICENSE_INFO' CREATED, '/home/mark/.cache/JetBrains/Kotlin/extract.cache/5cadb5bf88-OpenJDK25U-jdk_x64_linux_hotspot_25.0.4.1_1.tar.gz.a609ba.d/jdk-25.0.4.1+1/legal/jdk.nio.mapmode/ASSEMBLY_EXCEPTION' CREATED, '/home/mark/.cache/JetBrains/Kotlin/extract.cache/5cadb5bf88-OpenJDK25U-jdk_x64_linux_hotspot_25.0.4.1_1.tar.gz.a609ba.d/jdk-25.0.4.1+1/legal/jdk.jlink/LICENSE' CREATED, '/home/mark/.cache/JetBrains/Kotlin/extract.cache/5cadb5bf88-OpenJDK25U-jdk_x64_linux_hotspot_25.0.4.1_1.tar.gz.a609ba.d/jdk-25.0.4.1+1/legal/jdk.jlink/ADDITIONAL_LICENSE_INFO' CREATED, '/home/mark/.cache/JetBrains/Kotlin/extract.cache/5cadb5bf88-OpenJDK25U-jdk_x64_linux_hotspot_25.0.4.1_1.tar.gz.a609ba.d/jdk-25.0.4.1+1/legal/jdk.jlink/ASSEMBLY_EXCEPTION' CREATED, '/home/mark/.cache/JetBrains/Kotlin/extract.cache/5cadb5bf88-OpenJDK25U-jdk_x64_linux_hotspot_25.0.4.1_1.tar.gz.a609ba.d/jdk-25.0.4.1+1/legal/jdk.compiler/LICENSE' CREATED, '/home/mark/.cache/JetBrains/Kotlin/extract.cache/5cadb5bf88-OpenJDK25U-jdk_x64_linux_hotspot_25.0.4.1_1.tar.gz.a609ba.d/jdk-25.0.4.1+1/legal/jdk.compiler/ADDITIONAL_LICENSE_INFO' CREATED, '/home/mark/.cache/JetBrains/Kotlin/extract.cache/5cadb5bf88-OpenJDK25U-jdk_x64_linux_hotspot_25.0.4.1_1.tar.gz.a609ba.d/jdk-25.0.4.1+1/legal/jdk.compiler/ASSEMBLY_EXCEPTION' CREATED, '/home/mark/.cache/JetBrains/Kotlin/extract.cache/5cadb5bf88-OpenJDK25U-jdk_x64_linux_hotspot_25.0.4.1_1.tar.gz.a609ba.d/jdk-25.0.4.1+1/legal/jdk.charsets/LICENSE' CREATED, '/home/mark/.cache/JetBrains/Kotlin/extract.cache/5cadb5bf88-OpenJDK25U-jdk_x64_linux_hotspot_25.0.4.1_1.tar.gz.a609ba.d/jdk-25.0.4.1+1/legal/jdk.charsets/ADDITIONAL_LICENSE_INFO' CREATED, '/home/mark/.cache/JetBrains/Kotlin/extract.cache/5cadb5bf88-OpenJDK25U-jdk_x64_linux_hotspot_25.0.4.1_1.tar.gz.a609ba.d/jdk-25.0.4.1+1/legal/jdk.charsets/ASSEMBLY_EXCEPTION' CREATED, '/home/mark/.cache/JetBrains/Kotlin/extract.cache/5cadb5bf88-OpenJDK25U-jdk_x64_linux_hotspot_25.0.4.1_1.tar.gz.a609ba.d/jdk-25.0.4.1+1/legal/jdk.graal.compiler.management/LICENSE' CREATED, '/home/mark/.cache/JetBrains/Kotlin/extract.cache/5cadb5bf88-OpenJDK25U-jdk_x64_linux_hotspot_25.0.4.1_1.tar.gz.a609ba.d/jdk-25.0.4.1+1/legal/jdk.graal.compiler.management/ADDITIONAL_LICENSE_INFO' CREATED, '/home/mark/.cache/JetBrains/Kotlin/extract.cache/5cadb5bf88-OpenJDK25U-jdk_x64_linux_hotspot_25.0.4.1_1.tar.gz.a609ba.d/jdk-25.0.4.1+1/legal/jdk.graal.compiler.management/ASSEMBLY_EXCEPTION' CREATED, '/home/mark/.cache/JetBrains/Kotlin/extract.cache/5cadb5bf88-OpenJDK25U-jdk_x64_linux_hotspot_25.0.4.1_1.tar.gz.a609ba.d/jdk-25.0.4.1+1/legal/jdk.naming.rmi/LICENSE' CREATED, '/home/mark/.cache/JetBrains/Kotlin/extract.cache/5cadb5bf88-OpenJDK25U-jdk_x64_linux_hotspot_25.0.4.1_1.tar.gz.a609ba.d/jdk-25.0.4.1+1/legal/jdk.naming.rmi/ADDITIONAL_LICENSE_INFO' CREATED, '/home/mark/.cache/JetBrains/Kotlin/extract.cache/5cadb5bf88-OpenJDK25U-jdk_x64_linux_hotspot_25.0.4.1_1.tar.gz.a609ba.d/jdk-25.0.4.1+1/legal/jdk.naming.rmi/ASSEMBLY_EXCEPTION' CREATED, '/home/mark/.cache/JetBrains/Kotlin/extract.cache/5cadb5bf88-OpenJDK25U-jdk_x64_linux_hotspot_25.0.4.1_1.tar.gz.a609ba.d/jdk-25.0.4.1+1/legal/jdk.management.jfr/LICENSE' CREATED, '/home/mark/.cache/JetBrains/Kotlin/extract.cache/5cadb5bf88-OpenJDK25U-jdk_x64_linux_hotspot_25.0.4.1_1.tar.gz.a609ba.d/jdk-25.0.4.1+1/legal/jdk.management.jfr/ADDITIONAL_LICENSE_INFO' CREATED, '/home/mark/.cache/JetBrains/Kotlin/extract.cache/5cadb5bf88-OpenJDK25U-jdk_x64_linux_hotspot_25.0.4.1_1.tar.gz.a609ba.d/jdk-25.0.4.1+1/legal/jdk.management.jfr/ASSEMBLY_EXCEPTION' CREATED, '/home/mark/.cache/JetBrains/Kotlin/extract.cache/5cadb5bf88-OpenJDK25U-jdk_x64_linux_hotspot_25.0.4.1_1.tar.gz.a609ba.d/jdk-25.0.4.1+1/legal/jdk.hotspot.agent/LICENSE' CREATED, '/home/mark/.cache/JetBrains/Kotlin/extract.cache/5cadb5bf88-OpenJDK25U-jdk_x64_linux_hotspot_25.0.4.1_1.tar.gz.a609ba.d/jdk-25.0.4.1+1/legal/jdk.hotspot.agent/ADDITIONAL_LICENSE_INFO' CREATED, '/home/mark/.cache/JetBrains/Kotlin/extract.cache/5cadb5bf88-OpenJDK25U-jdk_x64_linux_hotspot_25.0.4.1_1.tar.gz.a609ba.d/jdk-25.0.4.1+1/legal/jdk.hotspot.agent/ASSEMBLY_EXCEPTION' CREATED, '/home/mark/.cache/JetBrains/Kotlin/extract.cache/5cadb5bf88-OpenJDK25U-jdk_x64_linux_hotspot_25.0.4.1_1.tar.gz.a609ba.d/jdk-25.0.4.1+1/legal/jdk.security.jgss/LICENSE' CREATED, '/home/mark/.cache/JetBrains/Kotlin/extract.cache/5cadb5bf88-OpenJDK25U-jdk_x64_linux_hotspot_25.0.4.1_1.tar.gz.a609ba.d/jdk-25.0.4.1+1/legal/jdk.security.jgss/ADDITIONAL_LICENSE_INFO' CREATED, '/home/mark/.cache/JetBrains/Kotlin/extract.cache/5cadb5bf88-OpenJDK25U-jdk_x64_linux_hotspot_25.0.4.1_1.tar.gz.a609ba.d/jdk-25.0.4.1+1/legal/jdk.security.jgss/ASSEMBLY_EXCEPTION' CREATED, '/home/mark/.cache/JetBrains/Kotlin/extract.cache/5cadb5bf88-OpenJDK25U-jdk_x64_linux_hotspot_25.0.4.1_1.tar.gz.a609ba.d/jdk-25.0.4.1+1/legal/jdk.unsupported/LICENSE' CREATED, '/home/mark/.cache/JetBrains/Kotlin/extract.cache/5cadb5bf88-OpenJDK25U-jdk_x64_linux_hotspot_25.0.4.1_1.tar.gz.a609ba.d/jdk-25.0.4.1+1/legal/jdk.unsupported/ADDITIONAL_LICENSE_INFO' CREATED, '/home/mark/.cache/JetBrains/Kotlin/extract.cache/5cadb5bf88-OpenJDK25U-jdk_x64_linux_hotspot_25.0.4.1_1.tar.gz.a609ba.d/jdk-25.0.4.1+1/legal/jdk.unsupported/ASSEMBLY_EXCEPTION' CREATED, '/home/mark/.cache/JetBrains/Kotlin/extract.cache/5cadb5bf88-OpenJDK25U-jdk_x64_linux_hotspot_25.0.4.1_1.tar.gz.a609ba.d/jdk-25.0.4.1+1/legal/java.desktop/colorimaging.md' CREATED, '/home/mark/.cache/JetBrains/Kotlin/extract.cache/5cadb5bf88-OpenJDK25U-jdk_x64_linux_hotspot_25.0.4.1_1.tar.gz.a609ba.d/jdk-25.0.4.1+1/legal/java.desktop/LICENSE' CREATED, '/home/mark/.cache/JetBrains/Kotlin/extract.cache/5cadb5bf88-OpenJDK25U-jdk_x64_linux_hotspot_25.0.4.1_1.tar.gz.a609ba.d/jdk-25.0.4.1+1/legal/java.desktop/freetype.md' CREATED, '/home/mark/.cache/JetBrains/Kotlin/extract.cache/5cadb5bf88-OpenJDK25U-jdk_x64_linux_hotspot_25.0.4.1_1.tar.gz.a609ba.d/jdk-25.0.4.1+1/legal/java.desktop/pipewire.md' CREATED, '/home/mark/.cache/JetBrains/Kotlin/extract.cache/5cadb5bf88-OpenJDK25U-jdk_x64_linux_hotspot_25.0.4.1_1.tar.gz.a609ba.d/jdk-25.0.4.1+1/legal/java.desktop/ADDITIONAL_LICENSE_INFO' CREATED, '/home/mark/.cache/JetBrains/Kotlin/extract.cache/5cadb5bf88-OpenJDK25U-jdk_x64_linux_hotspot_25.0.4.1_1.tar.gz.a609ba.d/jdk-25.0.4.1+1/legal/java.desktop/ASSEMBLY_EXCEPTION' CREATED, '/home/mark/.cache/JetBrains/Kotlin/extract.cache/5cadb5bf88-OpenJDK25U-jdk_x64_linux_hotspot_25.0.4.1_1.tar.gz.a609ba.d/jdk-25.0.4.1+1/legal/java.desktop/harfbuzz.md' CREATED, '/home/mark/.cache/JetBrains/Kotlin/extract.cache/5cadb5bf88-OpenJDK25U-jdk_x64_linux_hotspot_25.0.4.1_1.tar.gz.a609ba.d/jdk-25.0.4.1+1/legal/java.desktop/mesa3d.md' CREATED, '/home/mark/.cache/JetBrains/Kotlin/extract.cache/5cadb5bf88-OpenJDK25U-jdk_x64_linux_hotspot_25.0.4.1_1.tar.gz.a609ba.d/jdk-25.0.4.1+1/legal/java.desktop/giflib.md' CREATED, '/home/mark/.cache/JetBrains/Kotlin/extract.cache/5cadb5bf88-OpenJDK25U-jdk_x64_linux_hotspot_25.0.4.1_1.tar.gz.a609ba.d/jdk-25.0.4.1+1/legal/java.desktop/xwd.md' CREATED, '/home/mark/.cache/JetBrains/Kotlin/extract.cache/5cadb5bf88-OpenJDK25U-jdk_x64_linux_hotspot_25.0.4.1_1.tar.gz.a609ba.d/jdk-25.0.4.1+1/legal/java.desktop/lcms.md' CREATED, '/home/mark/.cache/JetBrains/Kotlin/extract.cache/5cadb5bf88-OpenJDK25U-jdk_x64_linux_hotspot_25.0.4.1_1.tar.gz.a609ba.d/jdk-25.0.4.1+1/legal/java.desktop/jpeg.md' CREATED, '/home/mark/.cache/JetBrains/Kotlin/extract.cache/5cadb5bf88-OpenJDK25U-jdk_x64_linux_hotspot_25.0.4.1_1.tar.gz.a609ba.d/jdk-25.0.4.1+1/legal/java.desktop/libpng.md' CREATED, '/home/mark/.cache/JetBrains/Kotlin/extract.cache/5cadb5bf88-OpenJDK25U-jdk_x64_linux_hotspot_25.0.4.1_1.tar.gz.a609ba.d/jdk-25.0.4.1+1/legal/jdk.attach/LICENSE' CREATED, '/home/mark/.cache/JetBrains/Kotlin/extract.cache/5cadb5bf88-OpenJDK25U-jdk_x64_linux_hotspot_25.0.4.1_1.tar.gz.a609ba.d/jdk-25.0.4.1+1/legal/jdk.attach/ADDITIONAL_LICENSE_INFO' CREATED, '/home/mark/.cache/JetBrains/Kotlin/extract.cache/5cadb5bf88-OpenJDK25U-jdk_x64_linux_hotspot_25.0.4.1_1.tar.gz.a609ba.d/jdk-25.0.4.1+1/legal/jdk.attach/ASSEMBLY_EXCEPTION' CREATED, '/home/mark/.cache/JetBrains/Kotlin/extract.cache/5cadb5bf88-OpenJDK25U-jdk_x64_linux_hotspot_25.0.4.1_1.tar.gz.a609ba.d/jdk-25.0.4.1+1/legal/jdk.internal.le/LICENSE' CREATED, '/home/mark/.cache/JetBrains/Kotlin/extract.cache/5cadb5bf88-OpenJDK25U-jdk_x64_linux_hotspot_25.0.4.1_1.tar.gz.a609ba.d/jdk-25.0.4.1+1/legal/jdk.internal.le/ADDITIONAL_LICENSE_INFO' CREATED, '/home/mark/.cache/JetBrains/Kotlin/extract.cache/5cadb5bf88-OpenJDK25U-jdk_x64_linux_hotspot_25.0.4.1_1.tar.gz.a609ba.d/jdk-25.0.4.1+1/legal/jdk.internal.le/ASSEMBLY_EXCEPTION' CREATED, '/home/mark/.cache/JetBrains/Kotlin/extract.cache/5cadb5bf88-OpenJDK25U-jdk_x64_linux_hotspot_25.0.4.1_1.tar.gz.a609ba.d/jdk-25.0.4.1+1/legal/jdk.internal.le/jline.md' CREATED, '/home/mark/.cache/JetBrains/Kotlin/extract.cache/5cadb5bf88-OpenJDK25U-jdk_x64_linux_hotspot_25.0.4.1_1.tar.gz.a609ba.d/jdk-25.0.4.1+1/legal/jdk.internal.opt/LICENSE' CREATED, '/home/mark/.cache/JetBrains/Kotlin/extract.cache/5cadb5bf88-OpenJDK25U-jdk_x64_linux_hotspot_25.0.4.1_1.tar.gz.a609ba.d/jdk-25.0.4.1+1/legal/jdk.internal.opt/ADDITIONAL_LICENSE_INFO' CREATED, '/home/mark/.cache/JetBrains/Kotlin/extract.cache/5cadb5bf88-OpenJDK25U-jdk_x64_linux_hotspot_25.0.4.1_1.tar.gz.a609ba.d/jdk-25.0.4.1+1/legal/jdk.internal.opt/ASSEMBLY_EXCEPTION' CREATED, '/home/mark/.cache/JetBrains/Kotlin/extract.cache/5cadb5bf88-OpenJDK25U-jdk_x64_linux_hotspot_25.0.4.1_1.tar.gz.a609ba.d/jdk-25.0.4.1+1/legal/jdk.internal.opt/jopt-simple.md' CREATED, '/home/mark/.cache/JetBrains/Kotlin/extract.cache/5cadb5bf88-OpenJDK25U-jdk_x64_linux_hotspot_25.0.4.1_1.tar.gz.a609ba.d/jdk-25.0.4.1+1/legal/java.sql/LICENSE' CREATED, '/home/mark/.cache/JetBrains/Kotlin/extract.cache/5cadb5bf88-OpenJDK25U-jdk_x64_linux_hotspot_25.0.4.1_1.tar.gz.a609ba.d/jdk-25.0.4.1+1/legal/java.sql/ADDITIONAL_LICENSE_INFO' CREATED, '/home/mark/.cache/JetBrains/Kotlin/extract.cache/5cadb5bf88-OpenJDK25U-jdk_x64_linux_hotspot_25.0.4.1_1.tar.gz.a609ba.d/jdk-25.0.4.1+1/legal/java.sql/ASSEMBLY_EXCEPTION' CREATED, '/home/mark/.cache/JetBrains/Kotlin/extract.cache/5cadb5bf88-OpenJDK25U-jdk_x64_linux_hotspot_25.0.4.1_1.tar.gz.a609ba.d/jdk-25.0.4.1+1/legal/jdk.jdwp.agent/LICENSE' CREATED, '/home/mark/.cache/JetBrains/Kotlin/extract.cache/5cadb5bf88-OpenJDK25U-jdk_x64_linux_hotspot_25.0.4.1_1.tar.gz.a609ba.d/jdk-25.0.4.1+1/legal/jdk.jdwp.agent/ADDITIONAL_LICENSE_INFO' CREATED, '/home/mark/.cache/JetBrains/Kotlin/extract.cache/5cadb5bf88-OpenJDK25U-jdk_x64_linux_hotspot_25.0.4.1_1.tar.gz.a609ba.d/jdk-25.0.4.1+1/legal/jdk.jdwp.agent/ASSEMBLY_EXCEPTION' CREATED, '/home/mark/.cache/JetBrains/Kotlin/extract.cache/5cadb5bf88-OpenJDK25U-jdk_x64_linux_hotspot_25.0.4.1_1.tar.gz.a609ba.d/jdk-25.0.4.1+1/legal/java.management.rmi/LICENSE' CREATED, '/home/mark/.cache/JetBrains/Kotlin/extract.cache/5cadb5bf88-OpenJDK25U-jdk_x64_linux_hotspot_25.0.4.1_1.tar.gz.a609ba.d/jdk-25.0.4.1+1/legal/java.management.rmi/ADDITIONAL_LICENSE_INFO' CREATED, '/home/mark/.cache/JetBrains/Kotlin/extract.cache/5cadb5bf88-OpenJDK25U-jdk_x64_linux_hotspot_25.0.4.1_1.tar.gz.a609ba.d/jdk-25.0.4.1+1/legal/java.management.rmi/ASSEMBLY_EXCEPTION' CREATED, '/home/mark/.cache/JetBrains/Kotlin/extract.cache/5cadb5bf88-OpenJDK25U-jdk_x64_linux_hotspot_25.0.4.1_1.tar.gz.a609ba.d/jdk-25.0.4.1+1/legal/jdk.naming.dns/LICENSE' CREATED, '/home/mark/.cache/JetBrains/Kotlin/extract.cache/5cadb5bf88-OpenJDK25U-jdk_x64_linux_hotspot_25.0.4.1_1.tar.gz.a609ba.d/jdk-25.0.4.1+1/legal/jdk.naming.dns/ADDITIONAL_LICENSE_INFO' CREATED, '/home/mark/.cache/JetBrains/Kotlin/extract.cache/5cadb5bf88-OpenJDK25U-jdk_x64_linux_hotspot_25.0.4.1_1.tar.gz.a609ba.d/jdk-25.0.4.1+1/legal/jdk.naming.dns/ASSEMBLY_EXCEPTION' CREATED, '/home/mark/.cache/JetBrains/Kotlin/extract.cache/5cadb5bf88-OpenJDK25U-jdk_x64_linux_hotspot_25.0.4.1_1.tar.gz.a609ba.d/jdk-25.0.4.1+1/legal/java.security.jgss/LICENSE' CREATED, '/home/mark/.cache/JetBrains/Kotlin/extract.cache/5cadb5bf88-OpenJDK25U-jdk_x64_linux_hotspot_25.0.4.1_1.tar.gz.a609ba.d/jdk-25.0.4.1+1/legal/java.security.jgss/ADDITIONAL_LICENSE_INFO' CREATED, '/home/mark/.cache/JetBrains/Kotlin/extract.cache/5cadb5bf88-OpenJDK25U-jdk_x64_linux_hotspot_25.0.4.1_1.tar.gz.a609ba.d/jdk-25.0.4.1+1/legal/java.security.jgss/ASSEMBLY_EXCEPTION' CREATED, '/home/mark/.cache/JetBrains/Kotlin/extract.cache/5cadb5bf88-OpenJDK25U-jdk_x64_linux_hotspot_25.0.4.1_1.tar.gz.a609ba.d/jdk-25.0.4.1+1/legal/java.logging/LICENSE' CREATED, '/home/mark/.cache/JetBrains/Kotlin/extract.cache/5cadb5bf88-OpenJDK25U-jdk_x64_linux_hotspot_25.0.4.1_1.tar.gz.a609ba.d/jdk-25.0.4.1+1/legal/java.logging/ADDITIONAL_LICENSE_INFO' CREATED, '/home/mark/.cache/JetBrains/Kotlin/extract.cache/5cadb5bf88-OpenJDK25U-jdk_x64_linux_hotspot_25.0.4.1_1.tar.gz.a609ba.d/jdk-25.0.4.1+1/legal/java.logging/ASSEMBLY_EXCEPTION' CREATED, '/home/mark/.cache/JetBrains/Kotlin/extract.cache/5cadb5bf88-OpenJDK25U-jdk_x64_linux_hotspot_25.0.4.1_1.tar.gz.a609ba.d/jdk-25.0.4.1+1/legal/jdk.xml.dom/LICENSE' CREATED, '/home/mark/.cache/JetBrains/Kotlin/extract.cache/5cadb5bf88-OpenJDK25U-jdk_x64_linux_hotspot_25.0.4.1_1.tar.gz.a609ba.d/jdk-25.0.4.1+1/legal/jdk.xml.dom/ADDITIONAL_LICENSE_INFO' CREATED, '/home/mark/.cache/JetBrains/Kotlin/extract.cache/5cadb5bf88-OpenJDK25U-jdk_x64_linux_hotspot_25.0.4.1_1.tar.gz.a609ba.d/jdk-25.0.4.1+1/legal/jdk.xml.dom/ASSEMBLY_EXCEPTION' CREATED, '/home/mark/.cache/JetBrains/Kotlin/extract.cache/5cadb5bf88-OpenJDK25U-jdk_x64_linux_hotspot_25.0.4.1_1.tar.gz.a609ba.d/jdk-25.0.4.1+1/legal/jdk.internal.md/LICENSE' CREATED, '/home/mark/.cache/JetBrains/Kotlin/extract.cache/5cadb5bf88-OpenJDK25U-jdk_x64_linux_hotspot_25.0.4.1_1.tar.gz.a609ba.d/jdk-25.0.4.1+1/legal/jdk.internal.md/ADDITIONAL_LICENSE_INFO' CREATED, '/home/mark/.cache/JetBrains/Kotlin/extract.cache/5cadb5bf88-OpenJDK25U-jdk_x64_linux_hotspot_25.0.4.1_1.tar.gz.a609ba.d/jdk-25.0.4.1+1/legal/jdk.internal.md/ASSEMBLY_EXCEPTION' CREATED, '/home/mark/.cache/JetBrains/Kotlin/extract.cache/5cadb5bf88-OpenJDK25U-jdk_x64_linux_hotspot_25.0.4.1_1.tar.gz.a609ba.d/jdk-25.0.4.1+1/legal/jdk.internal.md/commonmark.md' CREATED, '/home/mark/.cache/JetBrains/Kotlin/extract.cache/5cadb5bf88-OpenJDK25U-jdk_x64_linux_hotspot_25.0.4.1_1.tar.gz.a609ba.d/jdk-25.0.4.1+1/legal/jdk.jdeps/LICENSE' CREATED, '/home/mark/.cache/JetBrains/Kotlin/extract.cache/5cadb5bf88-OpenJDK25U-jdk_x64_linux_hotspot_25.0.4.1_1.tar.gz.a609ba.d/jdk-25.0.4.1+1/legal/jdk.jdeps/ADDITIONAL_LICENSE_INFO' CREATED, '/home/mark/.cache/JetBrains/Kotlin/extract.cache/5cadb5bf88-OpenJDK25U-jdk_x64_linux_hotspot_25.0.4.1_1.tar.gz.a609ba.d/jdk-25.0.4.1+1/legal/jdk.jdeps/ASSEMBLY_EXCEPTION' CREATED, '/home/mark/.cache/JetBrains/Kotlin/extract.cache/5cadb5bf88-OpenJDK25U-jdk_x64_linux_hotspot_25.0.4.1_1.tar.gz.a609ba.d/jdk-25.0.4.1+1/legal/jdk.net/LICENSE' CREATED, '/home/mark/.cache/JetBrains/Kotlin/extract.cache/5cadb5bf88-OpenJDK25U-jdk_x64_linux_hotspot_25.0.4.1_1.tar.gz.a609ba.d/jdk-25.0.4.1+1/legal/jdk.net/ADDITIONAL_LICENSE_INFO' CREATED, '/home/mark/.cache/JetBrains/Kotlin/extract.cache/5cadb5bf88-OpenJDK25U-jdk_x64_linux_hotspot_25.0.4.1_1.tar.gz.a609ba.d/jdk-25.0.4.1+1/legal/jdk.net/ASSEMBLY_EXCEPTION' CREATED, '/home/mark/.cache/JetBrains/Kotlin/extract.cache/5cadb5bf88-OpenJDK25U-jdk_x64_linux_hotspot_25.0.4.1_1.tar.gz.a609ba.d/jdk-25.0.4.1+1/legal/jdk.sctp/LICENSE' CREATED, '/home/mark/.cache/JetBrains/Kotlin/extract.cache/5cadb5bf88-OpenJDK25U-jdk_x64_linux_hotspot_25.0.4.1_1.tar.gz.a609ba.d/jdk-25.0.4.1+1/legal/jdk.sctp/ADDITIONAL_LICENSE_INFO' CREATED, '/home/mark/.cache/JetBrains/Kotlin/extract.cache/5cadb5bf88-OpenJDK25U-jdk_x64_linux_hotspot_25.0.4.1_1.tar.gz.a609ba.d/jdk-25.0.4.1+1/legal/jdk.sctp/ASSEMBLY_EXCEPTION' CREATED, '/home/mark/.cache/JetBrains/Kotlin/extract.cache/5cadb5bf88-OpenJDK25U-jdk_x64_linux_hotspot_25.0.4.1_1.tar.gz.a609ba.d/jdk-25.0.4.1+1/legal/jdk.crypto.cryptoki/LICENSE' CREATED, '/home/mark/.cache/JetBrains/Kotlin/extract.cache/5cadb5bf88-OpenJDK25U-jdk_x64_linux_hotspot_25.0.4.1_1.tar.gz.a609ba.d/jdk-25.0.4.1+1/legal/jdk.crypto.cryptoki/pkcs11cryptotoken.md' CREATED, '/home/mark/.cache/JetBrains/Kotlin/extract.cache/5cadb5bf88-OpenJDK25U-jdk_x64_linux_hotspot_25.0.4.1_1.tar.gz.a609ba.d/jdk-25.0.4.1+1/legal/jdk.crypto.cryptoki/ADDITIONAL_LICENSE_INFO' CREATED, '/home/mark/.cache/JetBrains/Kotlin/extract.cache/5cadb5bf88-OpenJDK25U-jdk_x64_linux_hotspot_25.0.4.1_1.tar.gz.a609ba.d/jdk-25.0.4.1+1/legal/jdk.crypto.cryptoki/ASSEMBLY_EXCEPTION' CREATED, '/home/mark/.cache/JetBrains/Kotlin/extract.cache/5cadb5bf88-OpenJDK25U-jdk_x64_linux_hotspot_25.0.4.1_1.tar.gz.a609ba.d/jdk-25.0.4.1+1/legal/jdk.crypto.cryptoki/pkcs11wrapper.md' CREATED, '/home/mark/.cache/JetBrains/Kotlin/extract.cache/5cadb5bf88-OpenJDK25U-jdk_x64_linux_hotspot_25.0.4.1_1.tar.gz.a609ba.d/jdk-25.0.4.1+1/legal/jdk.internal.vm.ci/LICENSE' CREATED, '/home/mark/.cache/JetBrains/Kotlin/extract.cache/5cadb5bf88-OpenJDK25U-jdk_x64_linux_hotspot_25.0.4.1_1.tar.gz.a609ba.d/jdk-25.0.4.1+1/legal/jdk.internal.vm.ci/ADDITIONAL_LICENSE_INFO' CREATED, '/home/mark/.cache/JetBrains/Kotlin/extract.cache/5cadb5bf88-OpenJDK25U-jdk_x64_linux_hotspot_25.0.4.1_1.tar.gz.a609ba.d/jdk-25.0.4.1+1/legal/jdk.internal.vm.ci/ASSEMBLY_EXCEPTION' CREATED, '/home/mark/.cache/JetBrains/Kotlin/extract.cache/5cadb5bf88-OpenJDK25U-jdk_x64_linux_hotspot_25.0.4.1_1.tar.gz.a609ba.d/jdk-25.0.4.1+1/legal/jdk.security.auth/LICENSE' CREATED, '/home/mark/.cache/JetBrains/Kotlin/extract.cache/5cadb5bf88-OpenJDK25U-jdk_x64_linux_hotspot_25.0.4.1_1.tar.gz.a609ba.d/jdk-25.0.4.1+1/legal/jdk.security.auth/ADDITIONAL_LICENSE_INFO' CREATED, '/home/mark/.cache/JetBrains/Kotlin/extract.cache/5cadb5bf88-OpenJDK25U-jdk_x64_linux_hotspot_25.0.4.1_1.tar.gz.a609ba.d/jdk-25.0.4.1+1/legal/jdk.security.auth/ASSEMBLY_EXCEPTION' CREATED, '/home/mark/.cache/JetBrains/Kotlin/extract.cache/5cadb5bf88-OpenJDK25U-jdk_x64_linux_hotspot_25.0.4.1_1.tar.gz.a609ba.d/jdk-25.0.4.1+1/legal/jdk.javadoc/LICENSE' CREATED, '/home/mark/.cache/JetBrains/Kotlin/extract.cache/5cadb5bf88-OpenJDK25U-jdk_x64_linux_hotspot_25.0.4.1_1.tar.gz.a609ba.d/jdk-25.0.4.1+1/legal/jdk.javadoc/ADDITIONAL_LICENSE_INFO' CREATED, '/home/mark/.cache/JetBrains/Kotlin/extract.cache/5cadb5bf88-OpenJDK25U-jdk_x64_linux_hotspot_25.0.4.1_1.tar.gz.a609ba.d/jdk-25.0.4.1+1/legal/jdk.javadoc/ASSEMBLY_EXCEPTION' CREATED, '/home/mark/.cache/JetBrains/Kotlin/extract.cache/5cadb5bf88-OpenJDK25U-jdk_x64_linux_hotspot_25.0.4.1_1.tar.gz.a609ba.d/jdk-25.0.4.1+1/legal/jdk.javadoc/jquery.md' CREATED, '/home/mark/.cache/JetBrains/Kotlin/extract.cache/5cadb5bf88-OpenJDK25U-jdk_x64_linux_hotspot_25.0.4.1_1.tar.gz.a609ba.d/jdk-25.0.4.1+1/legal/jdk.javadoc/dejavufonts.md' CREATED, '/home/mark/.cache/JetBrains/Kotlin/extract.cache/5cadb5bf88-OpenJDK25U-jdk_x64_linux_hotspot_25.0.4.1_1.tar.gz.a609ba.d/jdk-25.0.4.1+1/legal/jdk.javadoc/highlightjs.md' CREATED, '/home/mark/.cache/JetBrains/Kotlin/extract.cache/5cadb5bf88-OpenJDK25U-jdk_x64_linux_hotspot_25.0.4.1_1.tar.gz.a609ba.d/jdk-25.0.4.1+1/legal/jdk.javadoc/jqueryUI.md' CREATED, '/home/mark/.cache/JetBrains/Kotlin/extract.cache/5cadb5bf88-OpenJDK25U-jdk_x64_linux_hotspot_25.0.4.1_1.tar.gz.a609ba.d/jdk-25.0.4.1+1/legal/java.naming/LICENSE' CREATED, '/home/mark/.cache/JetBrains/Kotlin/extract.cache/5cadb5bf88-OpenJDK25U-jdk_x64_linux_hotspot_25.0.4.1_1.tar.gz.a609ba.d/jdk-25.0.4.1+1/legal/java.naming/ADDITIONAL_LICENSE_INFO' CREATED, '/home/mark/.cache/JetBrains/Kotlin/extract.cache/5cadb5bf88-OpenJDK25U-jdk_x64_linux_hotspot_25.0.4.1_1.tar.gz.a609ba.d/jdk-25.0.4.1+1/legal/java.naming/ASSEMBLY_EXCEPTION' CREATED, '/home/mark/.cache/JetBrains/Kotlin/extract.cache/5cadb5bf88-OpenJDK25U-jdk_x64_linux_hotspot_25.0.4.1_1.tar.gz.a609ba.d/jdk-25.0.4.1+1/legal/jdk.jstatd/LICENSE' CREATED, '/home/mark/.cache/JetBrains/Kotlin/extract.cache/5cadb5bf88-OpenJDK25U-jdk_x64_linux_hotspot_25.0.4.1_1.tar.gz.a609ba.d/jdk-25.0.4.1+1/legal/jdk.jstatd/ADDITIONAL_LICENSE_INFO' CREATED, '/home/mark/.cache/JetBrains/Kotlin/extract.cache/5cadb5bf88-OpenJDK25U-jdk_x64_linux_hotspot_25.0.4.1_1.tar.gz.a609ba.d/jdk-25.0.4.1+1/legal/jdk.jstatd/ASSEMBLY_EXCEPTION' CREATED, '/home/mark/.cache/JetBrains/Kotlin/extract.cache/5cadb5bf88-OpenJDK25U-jdk_x64_linux_hotspot_25.0.4.1_1.tar.gz.a609ba.d/jdk-25.0.4.1+1/legal/jdk.jpackage/LICENSE' CREATED, '/home/mark/.cache/JetBrains/Kotlin/extract.cache/5cadb5bf88-OpenJDK25U-jdk_x64_linux_hotspot_25.0.4.1_1.tar.gz.a609ba.d/jdk-25.0.4.1+1/legal/jdk.jpackage/ADDITIONAL_LICENSE_INFO' CREATED, '/home/mark/.cache/JetBrains/Kotlin/extract.cache/5cadb5bf88-OpenJDK25U-jdk_x64_linux_hotspot_25.0.4.1_1.tar.gz.a609ba.d/jdk-25.0.4.1+1/legal/jdk.jpackage/ASSEMBLY_EXCEPTION' CREATED, '/home/mark/.cache/JetBrains/Kotlin/extract.cache/5cadb5bf88-OpenJDK25U-jdk_x64_linux_hotspot_25.0.4.1_1.tar.gz.a609ba.d/jdk-25.0.4.1+1/legal/jdk.management/LICENSE' CREATED, '/home/mark/.cache/JetBrains/Kotlin/extract.cache/5cadb5bf88-OpenJDK25U-jdk_x64_linux_hotspot_25.0.4.1_1.tar.gz.a609ba.d/jdk-25.0.4.1+1/legal/jdk.management/ADDITIONAL_LICENSE_INFO' CREATED, '/home/mark/.cache/JetBrains/Kotlin/extract.cache/5cadb5bf88-OpenJDK25U-jdk_x64_linux_hotspot_25.0.4.1_1.tar.gz.a609ba.d/jdk-25.0.4.1+1/legal/jdk.management/ASSEMBLY_EXCEPTION' CREATED, '/home/mark/.cache/JetBrains/Kotlin/extract.cache/5cadb5bf88-OpenJDK25U-jdk_x64_linux_hotspot_25.0.4.1_1.tar.gz.a609ba.d/jdk-25.0.4.1+1/legal/java.xml.crypto/LICENSE' CREATED, '/home/mark/.cache/JetBrains/Kotlin/extract.cache/5cadb5bf88-OpenJDK25U-jdk_x64_linux_hotspot_25.0.4.1_1.tar.gz.a609ba.d/jdk-25.0.4.1+1/legal/java.xml.crypto/ADDITIONAL_LICENSE_INFO' CREATED, '/home/mark/.cache/JetBrains/Kotlin/extract.cache/5cadb5bf88-OpenJDK25U-jdk_x64_linux_hotspot_25.0.4.1_1.tar.gz.a609ba.d/jdk-25.0.4.1+1/legal/java.xml.crypto/santuario.md' CREATED, '/home/mark/.cache/JetBrains/Kotlin/extract.cache/5cadb5bf88-OpenJDK25U-jdk_x64_linux_hotspot_25.0.4.1_1.tar.gz.a609ba.d/jdk-25.0.4.1+1/legal/java.xml.crypto/ASSEMBLY_EXCEPTION' CREATED, '/home/mark/.cache/JetBrains/Kotlin/extract.cache/5cadb5bf88-OpenJDK25U-jdk_x64_linux_hotspot_25.0.4.1_1.tar.gz.a609ba.d/jdk-25.0.4.1+1/legal/java.net.http/LICENSE' CREATED, '/home/mark/.cache/JetBrains/Kotlin/extract.cache/5cadb5bf88-OpenJDK25U-jdk_x64_linux_hotspot_25.0.4.1_1.tar.gz.a609ba.d/jdk-25.0.4.1+1/legal/java.net.http/ADDITIONAL_LICENSE_INFO' CREATED, '/home/mark/.cache/JetBrains/Kotlin/extract.cache/5cadb5bf88-OpenJDK25U-jdk_x64_linux_hotspot_25.0.4.1_1.tar.gz.a609ba.d/jdk-25.0.4.1+1/legal/java.net.http/ASSEMBLY_EXCEPTION' CREATED, '/home/mark/.cache/JetBrains/Kotlin/extract.cache/5cadb5bf88-OpenJDK25U-jdk_x64_linux_hotspot_25.0.4.1_1.tar.gz.a609ba.d/jdk-25.0.4.1+1/legal/jdk.jfr/LICENSE' CREATED, '/home/mark/.cache/JetBrains/Kotlin/extract.cache/5cadb5bf88-OpenJDK25U-jdk_x64_linux_hotspot_25.0.4.1_1.tar.gz.a609ba.d/jdk-25.0.4.1+1/legal/jdk.jfr/ADDITIONAL_LICENSE_INFO' CREATED, '/home/mark/.cache/JetBrains/Kotlin/extract.cache/5cadb5bf88-OpenJDK25U-jdk_x64_linux_hotspot_25.0.4.1_1.tar.gz.a609ba.d/jdk-25.0.4.1+1/legal/jdk.jfr/ASSEMBLY_EXCEPTION' CREATED, '/home/mark/.cache/JetBrains/Kotlin/extract.cache/5cadb5bf88-OpenJDK25U-jdk_x64_linux_hotspot_25.0.4.1_1.tar.gz.a609ba.d/jdk-25.0.4.1+1/legal/java.rmi/LICENSE' CREATED, '/home/mark/.cache/JetBrains/Kotlin/extract.cache/5cadb5bf88-OpenJDK25U-jdk_x64_linux_hotspot_25.0.4.1_1.tar.gz.a609ba.d/jdk-25.0.4.1+1/legal/java.rmi/ADDITIONAL_LICENSE_INFO' CREATED, '/home/mark/.cache/JetBrains/Kotlin/extract.cache/5cadb5bf88-OpenJDK25U-jdk_x64_linux_hotspot_25.0.4.1_1.tar.gz.a609ba.d/jdk-25.0.4.1+1/legal/java.rmi/ASSEMBLY_EXCEPTION' CREATED, '/home/mark/.cache/JetBrains/Kotlin/extract.cache/5cadb5bf88-OpenJDK25U-jdk_x64_linux_hotspot_25.0.4.1_1.tar.gz.a609ba.d/jdk-25.0.4.1+1/legal/jdk.unsupported.desktop/LICENSE' CREATED, '/home/mark/.cache/JetBrains/Kotlin/extract.cache/5cadb5bf88-OpenJDK25U-jdk_x64_linux_hotspot_25.0.4.1_1.tar.gz.a609ba.d/jdk-25.0.4.1+1/legal/jdk.unsupported.desktop/ADDITIONAL_LICENSE_INFO' CREATED, '/home/mark/.cache/JetBrains/Kotlin/extract.cache/5cadb5bf88-OpenJDK25U-jdk_x64_linux_hotspot_25.0.4.1_1.tar.gz.a609ba.d/jdk-25.0.4.1+1/legal/jdk.unsupported.desktop/ASSEMBLY_EXCEPTION' CREATED, '/home/mark/.cache/JetBrains/Kotlin/extract.cache/5cadb5bf88-OpenJDK25U-jdk_x64_linux_hotspot_25.0.4.1_1.tar.gz.a609ba.d/jdk-25.0.4.1+1/legal/java.sql.rowset/LICENSE' CREATED, '/home/mark/.cache/JetBrains/Kotlin/extract.cache/5cadb5bf88-OpenJDK25U-jdk_x64_linux_hotspot_25.0.4.1_1.tar.gz.a609ba.d/jdk-25.0.4.1+1/legal/java.sql.rowset/ADDITIONAL_LICENSE_INFO' CREATED, '/home/mark/.cache/JetBrains/Kotlin/extract.cache/5cadb5bf88-OpenJDK25U-jdk_x64_linux_hotspot_25.0.4.1_1.tar.gz.a609ba.d/jdk-25.0.4.1+1/legal/java.sql.rowset/ASSEMBLY_EXCEPTION' CREATED, '/home/mark/.cache/JetBrains/Kotlin/extract.cache/5cadb5bf88-OpenJDK25U-jdk_x64_linux_hotspot_25.0.4.1_1.tar.gz.a609ba.d/jdk-25.0.4.1+1/legal/jdk.jconsole/LICENSE' CREATED, '/home/mark/.cache/JetBrains/Kotlin/extract.cache/5cadb5bf88-OpenJDK25U-jdk_x64_linux_hotspot_25.0.4.1_1.tar.gz.a609ba.d/jdk-25.0.4.1+1/legal/jdk.jconsole/ADDITIONAL_LICENSE_INFO' CREATED, '/home/mark/.cache/JetBrains/Kotlin/extract.cache/5cadb5bf88-OpenJDK25U-jdk_x64_linux_hotspot_25.0.4.1_1.tar.gz.a609ba.d/jdk-25.0.4.1+1/legal/jdk.jconsole/ASSEMBLY_EXCEPTION' CREATED, '/home/mark/.cache/JetBrains/Kotlin/extract.cache/5cadb5bf88-OpenJDK25U-jdk_x64_linux_hotspot_25.0.4.1_1.tar.gz.a609ba.d/jdk-25.0.4.1+1/legal/jdk.editpad/LICENSE' CREATED, '/home/mark/.cache/JetBrains/Kotlin/extract.cache/5cadb5bf88-OpenJDK25U-jdk_x64_linux_hotspot_25.0.4.1_1.tar.gz.a609ba.d/jdk-25.0.4.1+1/legal/jdk.editpad/ADDITIONAL_LICENSE_INFO' CREATED, '/home/mark/.cache/JetBrains/Kotlin/extract.cache/5cadb5bf88-OpenJDK25U-jdk_x64_linux_hotspot_25.0.4.1_1.tar.gz.a609ba.d/jdk-25.0.4.1+1/legal/jdk.editpad/ASSEMBLY_EXCEPTION' CREATED, '/home/mark/.cache/JetBrains/Kotlin/extract.cache/5cadb5bf88-OpenJDK25U-jdk_x64_linux_hotspot_25.0.4.1_1.tar.gz.a609ba.d/jdk-25.0.4.1+1/legal/java.security.sasl/LICENSE' CREATED, '/home/mark/.cache/JetBrains/Kotlin/extract.cache/5cadb5bf88-OpenJDK25U-jdk_x64_linux_hotspot_25.0.4.1_1.tar.gz.a609ba.d/jdk-25.0.4.1+1/legal/java.security.sasl/ADDITIONAL_LICENSE_INFO' CREATED, '/home/mark/.cache/JetBrains/Kotlin/extract.cache/5cadb5bf88-OpenJDK25U-jdk_x64_linux_hotspot_25.0.4.1_1.tar.gz.a609ba.d/jdk-25.0.4.1+1/legal/java.security.sasl/ASSEMBLY_EXCEPTION' CREATED, '/home/mark/.cache/JetBrains/Kotlin/extract.cache/5cadb5bf88-OpenJDK25U-jdk_x64_linux_hotspot_25.0.4.1_1.tar.gz.a609ba.d/jdk-25.0.4.1+1/legal/jdk.localedata/cldr.md' CREATED, '/home/mark/.cache/JetBrains/Kotlin/extract.cache/5cadb5bf88-OpenJDK25U-jdk_x64_linux_hotspot_25.0.4.1_1.tar.gz.a609ba.d/jdk-25.0.4.1+1/legal/jdk.localedata/LICENSE' CREATED, '/home/mark/.cache/JetBrains/Kotlin/extract.cache/5cadb5bf88-OpenJDK25U-jdk_x64_linux_hotspot_25.0.4.1_1.tar.gz.a609ba.d/jdk-25.0.4.1+1/legal/jdk.localedata/ADDITIONAL_LICENSE_INFO' CREATED, '/home/mark/.cache/JetBrains/Kotlin/extract.cache/5cadb5bf88-OpenJDK25U-jdk_x64_linux_hotspot_25.0.4.1_1.tar.gz.a609ba.d/jdk-25.0.4.1+1/legal/jdk.localedata/ASSEMBLY_EXCEPTION' CREATED, '/home/mark/.cache/JetBrains/Kotlin/extract.cache/5cadb5bf88-OpenJDK25U-jdk_x64_linux_hotspot_25.0.4.1_1.tar.gz.a609ba.d/jdk-25.0.4.1+1/legal/jdk.localedata/thaidict.md' CREATED, '/home/mark/.cache/JetBrains/Kotlin/extract.cache/5cadb5bf88-OpenJDK25U-jdk_x64_linux_hotspot_25.0.4.1_1.tar.gz.a609ba.d/jdk-25.0.4.1+1/legal/jdk.internal.jvmstat/LICENSE' CREATED, '/home/mark/.cache/JetBrains/Kotlin/extract.cache/5cadb5bf88-OpenJDK25U-jdk_x64_linux_hotspot_25.0.4.1_1.tar.gz.a609ba.d/jdk-25.0.4.1+1/legal/jdk.internal.jvmstat/ADDITIONAL_LICENSE_INFO' CREATED, '/home/mark/.cache/JetBrains/Kotlin/extract.cache/5cadb5bf88-OpenJDK25U-jdk_x64_linux_hotspot_25.0.4.1_1.tar.gz.a609ba.d/jdk-25.0.4.1+1/legal/jdk.internal.jvmstat/ASSEMBLY_EXCEPTION' CREATED, '/home/mark/.cache/JetBrains/Kotlin/extract.cache/5cadb5bf88-OpenJDK25U-jdk_x64_linux_hotspot_25.0.4.1_1.tar.gz.a609ba.d/jdk-25.0.4.1+1/legal/jdk.jshell/LICENSE' CREATED, '/home/mark/.cache/JetBrains/Kotlin/extract.cache/5cadb5bf88-OpenJDK25U-jdk_x64_linux_hotspot_25.0.4.1_1.tar.gz.a609ba.d/jdk-25.0.4.1+1/legal/jdk.jshell/ADDITIONAL_LICENSE_INFO' CREATED, '/home/mark/.cache/JetBrains/Kotlin/extract.cache/5cadb5bf88-OpenJDK25U-jdk_x64_linux_hotspot_25.0.4.1_1.tar.gz.a609ba.d/jdk-25.0.4.1+1/legal/jdk.jshell/ASSEMBLY_EXCEPTION' CREATED, '/home/mark/.cache/JetBrains/Kotlin/extract.cache/5cadb5bf88-OpenJDK25U-jdk_x64_linux_hotspot_25.0.4.1_1.tar.gz.a609ba.d/jdk-25.0.4.1+1/legal/java.transaction.xa/LICENSE' CREATED, '/home/mark/.cache/JetBrains/Kotlin/extract.cache/5cadb5bf88-OpenJDK25U-jdk_x64_linux_hotspot_25.0.4.1_1.tar.gz.a609ba.d/jdk-25.0.4.1+1/legal/java.transaction.xa/ADDITIONAL_LICENSE_INFO' CREATED, '/home/mark/.cache/JetBrains/Kotlin/extract.cache/5cadb5bf88-OpenJDK25U-jdk_x64_linux_hotspot_25.0.4.1_1.tar.gz.a609ba.d/jdk-25.0.4.1+1/legal/java.transaction.xa/ASSEMBLY_EXCEPTION' CREATED, '/home/mark/.cache/JetBrains/Kotlin/extract.cache/5cadb5bf88-OpenJDK25U-jdk_x64_linux_hotspot_25.0.4.1_1.tar.gz.a609ba.d/jdk-25.0.4.1+1/legal/java.compiler/LICENSE' CREATED, '/home/mark/.cache/JetBrains/Kotlin/extract.cache/5cadb5bf88-OpenJDK25U-jdk_x64_linux_hotspot_25.0.4.1_1.tar.gz.a609ba.d/jdk-25.0.4.1+1/legal/java.compiler/ADDITIONAL_LICENSE_INFO' CREATED, '/home/mark/.cache/JetBrains/Kotlin/extract.cache/5cadb5bf88-OpenJDK25U-jdk_x64_linux_hotspot_25.0.4.1_1.tar.gz.a609ba.d/jdk-25.0.4.1+1/legal/java.compiler/ASSEMBLY_EXCEPTION' CREATED, '/home/mark/.cache/JetBrains/Kotlin/extract.cache/5cadb5bf88-OpenJDK25U-jdk_x64_linux_hotspot_25.0.4.1_1.tar.gz.a609ba.d/jdk-25.0.4.1+1/legal/jdk.jcmd/LICENSE' CREATED, '/home/mark/.cache/JetBrains/Kotlin/extract.cache/5cadb5bf88-OpenJDK25U-jdk_x64_linux_hotspot_25.0.4.1_1.tar.gz.a609ba.d/jdk-25.0.4.1+1/legal/jdk.jcmd/ADDITIONAL_LICENSE_INFO' CREATED, '/home/mark/.cache/JetBrains/Kotlin/extract.cache/5cadb5bf88-OpenJDK25U-jdk_x64_linux_hotspot_25.0.4.1_1.tar.gz.a609ba.d/jdk-25.0.4.1+1/legal/jdk.jcmd/ASSEMBLY_EXCEPTION' CREATED, '/home/mark/.cache/JetBrains/Kotlin/extract.cache/5cadb5bf88-OpenJDK25U-jdk_x64_linux_hotspot_25.0.4.1_1.tar.gz.a609ba.d/jdk-25.0.4.1+1/legal/jdk.internal.ed/LICENSE' CREATED, '/home/mark/.cache/JetBrains/Kotlin/extract.cache/5cadb5bf88-OpenJDK25U-jdk_x64_linux_hotspot_25.0.4.1_1.tar.gz.a609ba.d/jdk-25.0.4.1+1/legal/jdk.internal.ed/ADDITIONAL_LICENSE_INFO' CREATED, '/home/mark/.cache/JetBrains/Kotlin/extract.cache/5cadb5bf88-OpenJDK25U-jdk_x64_linux_hotspot_25.0.4.1_1.tar.gz.a609ba.d/jdk-25.0.4.1+1/legal/jdk.internal.ed/ASSEMBLY_EXCEPTION' CREATED, '/home/mark/.cache/JetBrains/Kotlin/extract.cache/5cadb5bf88-OpenJDK25U-jdk_x64_linux_hotspot_25.0.4.1_1.tar.gz.a609ba.d/jdk-25.0.4.1+1/legal/java.xml/LICENSE' CREATED, '/home/mark/.cache/JetBrains/Kotlin/extract.cache/5cadb5bf88-OpenJDK25U-jdk_x64_linux_hotspot_25.0.4.1_1.tar.gz.a609ba.d/jdk-25.0.4.1+1/legal/java.xml/xhtml11schema.md' CREATED, '/home/mark/.cache/JetBrains/Kotlin/extract.cache/5cadb5bf88-OpenJDK25U-jdk_x64_linux_hotspot_25.0.4.1_1.tar.gz.a609ba.d/jdk-25.0.4.1+1/legal/java.xml/xhtml10.md' CREATED, '/home/mark/.cache/JetBrains/Kotlin/extract.cache/5cadb5bf88-OpenJDK25U-jdk_x64_linux_hotspot_25.0.4.1_1.tar.gz.a609ba.d/jdk-25.0.4.1+1/legal/java.xml/xhtml11.md' CREATED, '/home/mark/.cache/JetBrains/Kotlin/extract.cache/5cadb5bf88-OpenJDK25U-jdk_x64_linux_hotspot_25.0.4.1_1.tar.gz.a609ba.d/jdk-25.0.4.1+1/legal/java.xml/xmlspec.md' CREATED, '/home/mark/.cache/JetBrains/Kotlin/extract.cache/5cadb5bf88-OpenJDK25U-jdk_x64_linux_hotspot_25.0.4.1_1.tar.gz.a609ba.d/jdk-25.0.4.1+1/legal/java.xml/ADDITIONAL_LICENSE_INFO' CREATED, '/home/mark/.cache/JetBrains/Kotlin/extract.cache/5cadb5bf88-OpenJDK25U-jdk_x64_linux_hotspot_25.0.4.1_1.tar.gz.a609ba.d/jdk-25.0.4.1+1/legal/java.xml/xmlxsd.md' CREATED, '/home/mark/.cache/JetBrains/Kotlin/extract.cache/5cadb5bf88-OpenJDK25U-jdk_x64_linux_hotspot_25.0.4.1_1.tar.gz.a609ba.d/jdk-25.0.4.1+1/legal/java.xml/jcup.md' CREATED, '/home/mark/.cache/JetBrains/Kotlin/extract.cache/5cadb5bf88-OpenJDK25U-jdk_x64_linux_hotspot_25.0.4.1_1.tar.gz.a609ba.d/jdk-25.0.4.1+1/legal/java.xml/ASSEMBLY_EXCEPTION' CREATED, '/home/mark/.cache/JetBrains/Kotlin/extract.cache/5cadb5bf88-OpenJDK25U-jdk_x64_linux_hotspot_25.0.4.1_1.tar.gz.a609ba.d/jdk-25.0.4.1+1/legal/java.xml/xerces.md' CREATED, '/home/mark/.cache/JetBrains/Kotlin/extract.cache/5cadb5bf88-OpenJDK25U-jdk_x64_linux_hotspot_25.0.4.1_1.tar.gz.a609ba.d/jdk-25.0.4.1+1/legal/java.xml/schema10part2.md' CREATED, '/home/mark/.cache/JetBrains/Kotlin/extract.cache/5cadb5bf88-OpenJDK25U-jdk_x64_linux_hotspot_25.0.4.1_1.tar.gz.a609ba.d/jdk-25.0.4.1+1/legal/java.xml/dom.md' CREATED, '/home/mark/.cache/JetBrains/Kotlin/extract.cache/5cadb5bf88-OpenJDK25U-jdk_x64_linux_hotspot_25.0.4.1_1.tar.gz.a609ba.d/jdk-25.0.4.1+1/legal/java.xml/bcel.md' CREATED, '/home/mark/.cache/JetBrains/Kotlin/extract.cache/5cadb5bf88-OpenJDK25U-jdk_x64_linux_hotspot_25.0.4.1_1.tar.gz.a609ba.d/jdk-25.0.4.1+1/legal/java.xml/xhtml10schema.md' CREATED, '/home/mark/.cache/JetBrains/Kotlin/extract.cache/5cadb5bf88-OpenJDK25U-jdk_x64_linux_hotspot_25.0.4.1_1.tar.gz.a609ba.d/jdk-25.0.4.1+1/legal/java.xml/xalan.md' CREATED, '/home/mark/.cache/JetBrains/Kotlin/extract.cache/5cadb5bf88-OpenJDK25U-jdk_x64_linux_hotspot_25.0.4.1_1.tar.gz.a609ba.d/jdk-25.0.4.1+1/legal/java.xml/schema10part1.md' CREATED, '/home/mark/.cache/JetBrains/Kotlin/extract.cache/5cadb5bf88-OpenJDK25U-jdk_x64_linux_hotspot_25.0.4.1_1.tar.gz.a609ba.d/jdk-25.0.4.1+1/legal/java.instrument/LICENSE' CREATED, '/home/mark/.cache/JetBrains/Kotlin/extract.cache/5cadb5bf88-OpenJDK25U-jdk_x64_linux_hotspot_25.0.4.1_1.tar.gz.a609ba.d/jdk-25.0.4.1+1/legal/java.instrument/ADDITIONAL_LICENSE_INFO' CREATED, '/home/mark/.cache/JetBrains/Kotlin/extract.cache/5cadb5bf88-OpenJDK25U-jdk_x64_linux_hotspot_25.0.4.1_1.tar.gz.a609ba.d/jdk-25.0.4.1+1/legal/java.instrument/ASSEMBLY_EXCEPTION' CREATED, '/home/mark/.cache/JetBrains/Kotlin/extract.cache/5cadb5bf88-OpenJDK25U-jdk_x64_linux_hotspot_25.0.4.1_1.tar.gz.a609ba.d/jdk-25.0.4.1+1/legal/java.smartcardio/LICENSE' CREATED, '/home/mark/.cache/JetBrains/Kotlin/extract.cache/5cadb5bf88-OpenJDK25U-jdk_x64_linux_hotspot_25.0.4.1_1.tar.gz.a609ba.d/jdk-25.0.4.1+1/legal/java.smartcardio/ADDITIONAL_LICENSE_INFO' CREATED, '/home/mark/.cache/JetBrains/Kotlin/extract.cache/5cadb5bf88-OpenJDK25U-jdk_x64_linux_hotspot_25.0.4.1_1.tar.gz.a609ba.d/jdk-25.0.4.1+1/legal/java.smartcardio/pcsclite.md' CREATED, '/home/mark/.cache/JetBrains/Kotlin/extract.cache/5cadb5bf88-OpenJDK25U-jdk_x64_linux_hotspot_25.0.4.1_1.tar.gz.a609ba.d/jdk-25.0.4.1+1/legal/java.smartcardio/ASSEMBLY_EXCEPTION' CREATED, '/home/mark/.cache/JetBrains/Kotlin/extract.cache/5cadb5bf88-OpenJDK25U-jdk_x64_linux_hotspot_25.0.4.1_1.tar.gz.a609ba.d/jdk-25.0.4.1+1/legal/jdk.jsobject/LICENSE' CREATED, '/home/mark/.cache/JetBrains/Kotlin/extract.cache/5cadb5bf88-OpenJDK25U-jdk_x64_linux_hotspot_25.0.4.1_1.tar.gz.a609ba.d/jdk-25.0.4.1+1/legal/jdk.jsobject/ADDITIONAL_LICENSE_INFO' CREATED, '/home/mark/.cache/JetBrains/Kotlin/extract.cache/5cadb5bf88-OpenJDK25U-jdk_x64_linux_hotspot_25.0.4.1_1.tar.gz.a609ba.d/jdk-25.0.4.1+1/legal/jdk.jsobject/ASSEMBLY_EXCEPTION' CREATED, '/home/mark/.cache/JetBrains/Kotlin/extract.cache/5cadb5bf88-OpenJDK25U-jdk_x64_linux_hotspot_25.0.4.1_1.tar.gz.a609ba.d/jdk-25.0.4.1+1/legal/jdk.jartool/LICENSE' CREATED, '/home/mark/.cache/JetBrains/Kotlin/extract.cache/5cadb5bf88-OpenJDK25U-jdk_x64_linux_hotspot_25.0.4.1_1.tar.gz.a609ba.d/jdk-25.0.4.1+1/legal/jdk.jartool/ADDITIONAL_LICENSE_INFO' CREATED, '/home/mark/.cache/JetBrains/Kotlin/extract.cache/5cadb5bf88-OpenJDK25U-jdk_x64_linux_hotspot_25.0.4.1_1.tar.gz.a609ba.d/jdk-25.0.4.1+1/legal/jdk.jartool/ASSEMBLY_EXCEPTION' CREATED, '/home/mark/.cache/JetBrains/Kotlin/extract.cache/5cadb5bf88-OpenJDK25U-jdk_x64_linux_hotspot_25.0.4.1_1.tar.gz.a609ba.d/jdk-25.0.4.1+1/legal/java.base/cldr.md' CREATED, '/home/mark/.cache/JetBrains/Kotlin/extract.cache/5cadb5bf88-OpenJDK25U-jdk_x64_linux_hotspot_25.0.4.1_1.tar.gz.a609ba.d/jdk-25.0.4.1+1/legal/java.base/LICENSE' CREATED, '/home/mark/.cache/JetBrains/Kotlin/extract.cache/5cadb5bf88-OpenJDK25U-jdk_x64_linux_hotspot_25.0.4.1_1.tar.gz.a609ba.d/jdk-25.0.4.1+1/legal/java.base/aes.md' CREATED, '/home/mark/.cache/JetBrains/Kotlin/extract.cache/5cadb5bf88-OpenJDK25U-jdk_x64_linux_hotspot_25.0.4.1_1.tar.gz.a609ba.d/jdk-25.0.4.1+1/legal/java.base/public_suffix.md' CREATED, '/home/mark/.cache/JetBrains/Kotlin/extract.cache/5cadb5bf88-OpenJDK25U-jdk_x64_linux_hotspot_25.0.4.1_1.tar.gz.a609ba.d/jdk-25.0.4.1+1/legal/java.base/siphash.md' CREATED, '/home/mark/.cache/JetBrains/Kotlin/extract.cache/5cadb5bf88-OpenJDK25U-jdk_x64_linux_hotspot_25.0.4.1_1.tar.gz.a609ba.d/jdk-25.0.4.1+1/legal/java.base/unicode.md' CREATED, '/home/mark/.cache/JetBrains/Kotlin/extract.cache/5cadb5bf88-OpenJDK25U-jdk_x64_linux_hotspot_25.0.4.1_1.tar.gz.a609ba.d/jdk-25.0.4.1+1/legal/java.base/ADDITIONAL_LICENSE_INFO' CREATED, '/home/mark/.cache/JetBrains/Kotlin/extract.cache/5cadb5bf88-OpenJDK25U-jdk_x64_linux_hotspot_25.0.4.1_1.tar.gz.a609ba.d/jdk-25.0.4.1+1/legal/java.base/ASSEMBLY_EXCEPTION' CREATED, '/home/mark/.cache/JetBrains/Kotlin/extract.cache/5cadb5bf88-OpenJDK25U-jdk_x64_linux_hotspot_25.0.4.1_1.tar.gz.a609ba.d/jdk-25.0.4.1+1/legal/java.base/zlib.md' CREATED, '/home/mark/.cache/JetBrains/Kotlin/extract.cache/5cadb5bf88-OpenJDK25U-jdk_x64_linux_hotspot_25.0.4.1_1.tar.gz.a609ba.d/jdk-25.0.4.1+1/legal/java.base/gcc.md' CREATED, '/home/mark/.cache/JetBrains/Kotlin/extract.cache/5cadb5bf88-OpenJDK25U-jdk_x64_linux_hotspot_25.0.4.1_1.tar.gz.a609ba.d/jdk-25.0.4.1+1/legal/java.base/c-libutl.md' CREATED, '/home/mark/.cache/JetBrains/Kotlin/extract.cache/5cadb5bf88-OpenJDK25U-jdk_x64_linux_hotspot_25.0.4.1_1.tar.gz.a609ba.d/jdk-25.0.4.1+1/legal/java.base/icu.md' CREATED, '/home/mark/.cache/JetBrains/Kotlin/extract.cache/5cadb5bf88-OpenJDK25U-jdk_x64_linux_hotspot_25.0.4.1_1.tar.gz.a609ba.d/jdk-25.0.4.1+1/legal/jdk.httpserver/LICENSE' CREATED, '/home/mark/.cache/JetBrains/Kotlin/extract.cache/5cadb5bf88-OpenJDK25U-jdk_x64_linux_hotspot_25.0.4.1_1.tar.gz.a609ba.d/jdk-25.0.4.1+1/legal/jdk.httpserver/ADDITIONAL_LICENSE_INFO' CREATED, '/home/mark/.cache/JetBrains/Kotlin/extract.cache/5cadb5bf88-OpenJDK25U-jdk_x64_linux_hotspot_25.0.4.1_1.tar.gz.a609ba.d/jdk-25.0.4.1+1/legal/jdk.httpserver/ASSEMBLY_EXCEPTION' CREATED, '/home/mark/.cache/JetBrains/Kotlin/extract.cache/5cadb5bf88-OpenJDK25U-jdk_x64_linux_hotspot_25.0.4.1_1.tar.gz.a609ba.d/jdk-25.0.4.1+1/legal/jdk.graal.compiler/LICENSE' CREATED, '/home/mark/.cache/JetBrains/Kotlin/extract.cache/5cadb5bf88-OpenJDK25U-jdk_x64_linux_hotspot_25.0.4.1_1.tar.gz.a609ba.d/jdk-25.0.4.1+1/legal/jdk.graal.compiler/ADDITIONAL_LICENSE_INFO' CREATED, '/home/mark/.cache/JetBrains/Kotlin/extract.cache/5cadb5bf88-OpenJDK25U-jdk_x64_linux_hotspot_25.0.4.1_1.tar.gz.a609ba.d/jdk-25.0.4.1+1/legal/jdk.graal.compiler/ASSEMBLY_EXCEPTION' CREATED, '/home/mark/.cache/JetBrains/Kotlin/extract.cache/5cadb5bf88-OpenJDK25U-jdk_x64_linux_hotspot_25.0.4.1_1.tar.gz.a609ba.d/jdk-25.0.4.1+1/legal/java.scripting/LICENSE' CREATED, '/home/mark/.cache/JetBrains/Kotlin/extract.cache/5cadb5bf88-OpenJDK25U-jdk_x64_linux_hotspot_25.0.4.1_1.tar.gz.a609ba.d/jdk-25.0.4.1+1/legal/java.scripting/ADDITIONAL_LICENSE_INFO' CREATED, '/home/mark/.cache/JetBrains/Kotlin/extract.cache/5cadb5bf88-OpenJDK25U-jdk_x64_linux_hotspot_25.0.4.1_1.tar.gz.a609ba.d/jdk-25.0.4.1+1/legal/java.scripting/ASSEMBLY_EXCEPTION' CREATED, '/home/mark/.cache/JetBrains/Kotlin/extract.cache/5cadb5bf88-OpenJDK25U-jdk_x64_linux_hotspot_25.0.4.1_1.tar.gz.a609ba.d/jdk-25.0.4.1+1/legal/jdk.zipfs/LICENSE' CREATED, '/home/mark/.cache/JetBrains/Kotlin/extract.cache/5cadb5bf88-OpenJDK25U-jdk_x64_linux_hotspot_25.0.4.1_1.tar.gz.a609ba.d/jdk-25.0.4.1+1/legal/jdk.zipfs/ADDITIONAL_LICENSE_INFO' CREATED, '/home/mark/.cache/JetBrains/Kotlin/extract.cache/5cadb5bf88-OpenJDK25U-jdk_x64_linux_hotspot_25.0.4.1_1.tar.gz.a609ba.d/jdk-25.0.4.1+1/legal/jdk.zipfs/ASSEMBLY_EXCEPTION' CREATED, '/home/mark/.cache/JetBrains/Kotlin/extract.cache/5cadb5bf88-OpenJDK25U-jdk_x64_linux_hotspot_25.0.4.1_1.tar.gz.a609ba.d/jdk-25.0.4.1+1/legal/jdk.jdi/LICENSE' CREATED, '/home/mark/.cache/JetBrains/Kotlin/extract.cache/5cadb5bf88-OpenJDK25U-jdk_x64_linux_hotspot_25.0.4.1_1.tar.gz.a609ba.d/jdk-25.0.4.1+1/legal/jdk.jdi/ADDITIONAL_LICENSE_INFO' CREATED, '/home/mark/.cache/JetBrains/Kotlin/extract.cache/5cadb5bf88-OpenJDK25U-jdk_x64_linux_hotspot_25.0.4.1_1.tar.gz.a609ba.d/jdk-25.0.4.1+1/legal/jdk.jdi/ASSEMBLY_EXCEPTION' CREATED, '/home/mark/.cache/JetBrains/Kotlin/extract.cache/5cadb5bf88-OpenJDK25U-jdk_x64_linux_hotspot_25.0.4.1_1.tar.gz.a609ba.d/jdk-25.0.4.1+1/legal/java.management/LICENSE' CREATED, '/home/mark/.cache/JetBrains/Kotlin/extract.cache/5cadb5bf88-OpenJDK25U-jdk_x64_linux_hotspot_25.0.4.1_1.tar.gz.a609ba.d/jdk-25.0.4.1+1/legal/java.management/ADDITIONAL_LICENSE_INFO' CREATED, '/home/mark/.cache/JetBrains/Kotlin/extract.cache/5cadb5bf88-OpenJDK25U-jdk_x64_linux_hotspot_25.0.4.1_1.tar.gz.a609ba.d/jdk-25.0.4.1+1/legal/java.management/ASSEMBLY_EXCEPTION' CREATED, '/home/mark/.cache/JetBrains/Kotlin/extract.cache/5cadb5bf88-OpenJDK25U-jdk_x64_linux_hotspot_25.0.4.1_1.tar.gz.a609ba.d/jdk-25.0.4.1+1/NOTICE' CREATED, '/home/mark/.cache/JetBrains/Kotlin/extract.cache/5cadb5bf88-OpenJDK25U-jdk_x64_linux_hotspot_25.0.4.1_1.tar.gz.a609ba.d/jdk-25.0.4.1+1/man/man1/jdeps.1' CREATED, '/home/mark/.cache/JetBrains/Kotlin/extract.cache/5cadb5bf88-OpenJDK25U-jdk_x64_linux_hotspot_25.0.4.1_1.tar.gz.a609ba.d/jdk-25.0.4.1+1/man/man1/jnativescan.1' CREATED, '/home/mark/.cache/JetBrains/Kotlin/extract.cache/5cadb5bf88-OpenJDK25U-jdk_x64_linux_hotspot_25.0.4.1_1.tar.gz.a609ba.d/jdk-25.0.4.1+1/man/man1/jar.1' CREATED, '/home/mark/.cache/JetBrains/Kotlin/extract.cache/5cadb5bf88-OpenJDK25U-jdk_x64_linux_hotspot_25.0.4.1_1.tar.gz.a609ba.d/jdk-25.0.4.1+1/man/man1/jhsdb.1' CREATED, '/home/mark/.cache/JetBrains/Kotlin/extract.cache/5cadb5bf88-OpenJDK25U-jdk_x64_linux_hotspot_25.0.4.1_1.tar.gz.a609ba.d/jdk-25.0.4.1+1/man/man1/jarsigner.1' CREATED, '/home/mark/.cache/JetBrains/Kotlin/extract.cache/5cadb5bf88-OpenJDK25U-jdk_x64_linux_hotspot_25.0.4.1_1.tar.gz.a609ba.d/jdk-25.0.4.1+1/man/man1/jshell.1' CREATED, '/home/mark/.cache/JetBrains/Kotlin/extract.cache/5cadb5bf88-OpenJDK25U-jdk_x64_linux_hotspot_25.0.4.1_1.tar.gz.a609ba.d/jdk-25.0.4.1+1/man/man1/java.1' CREATED, '/home/mark/.cache/JetBrains/Kotlin/extract.cache/5cadb5bf88-OpenJDK25U-jdk_x64_linux_hotspot_25.0.4.1_1.tar.gz.a609ba.d/jdk-25.0.4.1+1/man/man1/jstat.1' CREATED, '/home/mark/.cache/JetBrains/Kotlin/extract.cache/5cadb5bf88-OpenJDK25U-jdk_x64_linux_hotspot_25.0.4.1_1.tar.gz.a609ba.d/jdk-25.0.4.1+1/man/man1/jwebserver.1' CREATED, '/home/mark/.cache/JetBrains/Kotlin/extract.cache/5cadb5bf88-OpenJDK25U-jdk_x64_linux_hotspot_25.0.4.1_1.tar.gz.a609ba.d/jdk-25.0.4.1+1/man/man1/javac.1' CREATED, '/home/mark/.cache/JetBrains/Kotlin/extract.cache/5cadb5bf88-OpenJDK25U-jdk_x64_linux_hotspot_25.0.4.1_1.tar.gz.a609ba.d/jdk-25.0.4.1+1/man/man1/jpackage.1' CREATED, '/home/mark/.cache/JetBrains/Kotlin/extract.cache/5cadb5bf88-OpenJDK25U-jdk_x64_linux_hotspot_25.0.4.1_1.tar.gz.a609ba.d/jdk-25.0.4.1+1/man/man1/keytool.1' CREATED, '/home/mark/.cache/JetBrains/Kotlin/extract.cache/5cadb5bf88-OpenJDK25U-jdk_x64_linux_hotspot_25.0.4.1_1.tar.gz.a609ba.d/jdk-25.0.4.1+1/man/man1/rmiregistry.1' CREATED, '/home/mark/.cache/JetBrains/Kotlin/extract.cache/5cadb5bf88-OpenJDK25U-jdk_x64_linux_hotspot_25.0.4.1_1.tar.gz.a609ba.d/jdk-25.0.4.1+1/man/man1/jfr.1' CREATED, '/home/mark/.cache/JetBrains/Kotlin/extract.cache/5cadb5bf88-OpenJDK25U-jdk_x64_linux_hotspot_25.0.4.1_1.tar.gz.a609ba.d/jdk-25.0.4.1+1/man/man1/jstatd.1' CREATED, '/home/mark/.cache/JetBrains/Kotlin/extract.cache/5cadb5bf88-OpenJDK25U-jdk_x64_linux_hotspot_25.0.4.1_1.tar.gz.a609ba.d/jdk-25.0.4.1+1/man/man1/jdb.1' CREATED, '/home/mark/.cache/JetBrains/Kotlin/extract.cache/5cadb5bf88-OpenJDK25U-jdk_x64_linux_hotspot_25.0.4.1_1.tar.gz.a609ba.d/jdk-25.0.4.1+1/man/man1/jmod.1' CREATED, '/home/mark/.cache/JetBrains/Kotlin/extract.cache/5cadb5bf88-OpenJDK25U-jdk_x64_linux_hotspot_25.0.4.1_1.tar.gz.a609ba.d/jdk-25.0.4.1+1/man/man1/jmap.1' CREATED, '/home/mark/.cache/JetBrains/Kotlin/extract.cache/5cadb5bf88-OpenJDK25U-jdk_x64_linux_hotspot_25.0.4.1_1.tar.gz.a609ba.d/jdk-25.0.4.1+1/man/man1/jinfo.1' CREATED, '/home/mark/.cache/JetBrains/Kotlin/extract.cache/5cadb5bf88-OpenJDK25U-jdk_x64_linux_hotspot_25.0.4.1_1.tar.gz.a609ba.d/jdk-25.0.4.1+1/man/man1/jlink.1' CREATED, '/home/mark/.cache/JetBrains/Kotlin/extract.cache/5cadb5bf88-OpenJDK25U-jdk_x64_linux_hotspot_25.0.4.1_1.tar.gz.a609ba.d/jdk-25.0.4.1+1/man/man1/jstack.1' CREATED, '/home/mark/.cache/JetBrains/Kotlin/extract.cache/5cadb5bf88-OpenJDK25U-jdk_x64_linux_hotspot_25.0.4.1_1.tar.gz.a609ba.d/jdk-25.0.4.1+1/man/man1/javadoc.1' CREATED, '/home/mark/.cache/JetBrains/Kotlin/extract.cache/5cadb5bf88-OpenJDK25U-jdk_x64_linux_hotspot_25.0.4.1_1.tar.gz.a609ba.d/jdk-25.0.4.1+1/man/man1/serialver.1' CREATED, '/home/mark/.cache/JetBrains/Kotlin/extract.cache/5cadb5bf88-OpenJDK25U-jdk_x64_linux_hotspot_25.0.4.1_1.tar.gz.a609ba.d/jdk-25.0.4.1+1/man/man1/jconsole.1' CREATED, '/home/mark/.cache/JetBrains/Kotlin/extract.cache/5cadb5bf88-OpenJDK25U-jdk_x64_linux_hotspot_25.0.4.1_1.tar.gz.a609ba.d/jdk-25.0.4.1+1/man/man1/jrunscript.1' CREATED, '/home/mark/.cache/JetBrains/Kotlin/extract.cache/5cadb5bf88-OpenJDK25U-jdk_x64_linux_hotspot_25.0.4.1_1.tar.gz.a609ba.d/jdk-25.0.4.1+1/man/man1/jps.1' CREATED, '/home/mark/.cache/JetBrains/Kotlin/extract.cache/5cadb5bf88-OpenJDK25U-jdk_x64_linux_hotspot_25.0.4.1_1.tar.gz.a609ba.d/jdk-25.0.4.1+1/man/man1/javap.1' CREATED, '/home/mark/.cache/JetBrains/Kotlin/extract.cache/5cadb5bf88-OpenJDK25U-jdk_x64_linux_hotspot_25.0.4.1_1.tar.gz.a609ba.d/jdk-25.0.4.1+1/man/man1/jdeprscan.1' CREATED, '/home/mark/.cache/JetBrains/Kotlin/extract.cache/5cadb5bf88-OpenJDK25U-jdk_x64_linux_hotspot_25.0.4.1_1.tar.gz.a609ba.d/jdk-25.0.4.1+1/man/man1/jcmd.1' CREATED, '/home/mark/.cache/JetBrains/Kotlin/extract.cache/5cadb5bf88-OpenJDK25U-jdk_x64_linux_hotspot_25.0.4.1_1.tar.gz.a609ba.d/jdk-25.0.4.1+1/bin/jarsigner' CREATED, '/home/mark/.cache/JetBrains/Kotlin/extract.cache/5cadb5bf88-OpenJDK25U-jdk_x64_linux_hotspot_25.0.4.1_1.tar.gz.a609ba.d/jdk-25.0.4.1+1/bin/javap' CREATED, '/home/mark/.cache/JetBrains/Kotlin/extract.cache/5cadb5bf88-OpenJDK25U-jdk_x64_linux_hotspot_25.0.4.1_1.tar.gz.a609ba.d/jdk-25.0.4.1+1/bin/jdb' CREATED, '/home/mark/.cache/JetBrains/Kotlin/extract.cache/5cadb5bf88-OpenJDK25U-jdk_x64_linux_hotspot_25.0.4.1_1.tar.gz.a609ba.d/jdk-25.0.4.1+1/bin/serialver' CREATED, '/home/mark/.cache/JetBrains/Kotlin/extract.cache/5cadb5bf88-OpenJDK25U-jdk_x64_linux_hotspot_25.0.4.1_1.tar.gz.a609ba.d/jdk-25.0.4.1+1/bin/jimage' CREATED, '/home/mark/.cache/JetBrains/Kotlin/extract.cache/5cadb5bf88-OpenJDK25U-jdk_x64_linux_hotspot_25.0.4.1_1.tar.gz.a609ba.d/jdk-25.0.4.1+1/bin/java' CREATED, '/home/mark/.cache/JetBrains/Kotlin/extract.cache/5cadb5bf88-OpenJDK25U-jdk_x64_linux_hotspot_25.0.4.1_1.tar.gz.a609ba.d/jdk-25.0.4.1+1/bin/jmod' CREATED, '/home/mark/.cache/JetBrains/Kotlin/extract.cache/5cadb5bf88-OpenJDK25U-jdk_x64_linux_hotspot_25.0.4.1_1.tar.gz.a609ba.d/jdk-25.0.4.1+1/bin/jrunscript' CREATED, '/home/mark/.cache/JetBrains/Kotlin/extract.cache/5cadb5bf88-OpenJDK25U-jdk_x64_linux_hotspot_25.0.4.1_1.tar.gz.a609ba.d/jdk-25.0.4.1+1/bin/jstack' CREATED, '/home/mark/.cache/JetBrains/Kotlin/extract.cache/5cadb5bf88-OpenJDK25U-jdk_x64_linux_hotspot_25.0.4.1_1.tar.gz.a609ba.d/jdk-25.0.4.1+1/bin/jconsole' CREATED, '/home/mark/.cache/JetBrains/Kotlin/extract.cache/5cadb5bf88-OpenJDK25U-jdk_x64_linux_hotspot_25.0.4.1_1.tar.gz.a609ba.d/jdk-25.0.4.1+1/bin/jar' CREATED, '/home/mark/.cache/JetBrains/Kotlin/extract.cache/5cadb5bf88-OpenJDK25U-jdk_x64_linux_hotspot_25.0.4.1_1.tar.gz.a609ba.d/jdk-25.0.4.1+1/bin/jcmd' CREATED, '/home/mark/.cache/JetBrains/Kotlin/extract.cache/5cadb5bf88-OpenJDK25U-jdk_x64_linux_hotspot_25.0.4.1_1.tar.gz.a609ba.d/jdk-25.0.4.1+1/bin/jps' CREATED, '/home/mark/.cache/JetBrains/Kotlin/extract.cache/5cadb5bf88-OpenJDK25U-jdk_x64_linux_hotspot_25.0.4.1_1.tar.gz.a609ba.d/jdk-25.0.4.1+1/bin/rmiregistry' CREATED, '/home/mark/.cache/JetBrains/Kotlin/extract.cache/5cadb5bf88-OpenJDK25U-jdk_x64_linux_hotspot_25.0.4.1_1.tar.gz.a609ba.d/jdk-25.0.4.1+1/bin/jfr' CREATED, '/home/mark/.cache/JetBrains/Kotlin/extract.cache/5cadb5bf88-OpenJDK25U-jdk_x64_linux_hotspot_25.0.4.1_1.tar.gz.a609ba.d/jdk-25.0.4.1+1/bin/jinfo' CREATED, '/home/mark/.cache/JetBrains/Kotlin/extract.cache/5cadb5bf88-OpenJDK25U-jdk_x64_linux_hotspot_25.0.4.1_1.tar.gz.a609ba.d/jdk-25.0.4.1+1/bin/jstatd' CREATED, '/home/mark/.cache/JetBrains/Kotlin/extract.cache/5cadb5bf88-OpenJDK25U-jdk_x64_linux_hotspot_25.0.4.1_1.tar.gz.a609ba.d/jdk-25.0.4.1+1/bin/jdeps' CREATED, '/home/mark/.cache/JetBrains/Kotlin/extract.cache/5cadb5bf88-OpenJDK25U-jdk_x64_linux_hotspot_25.0.4.1_1.tar.gz.a609ba.d/jdk-25.0.4.1+1/bin/jdeprscan' CREATED, '/home/mark/.cache/JetBrains/Kotlin/extract.cache/5cadb5bf88-OpenJDK25U-jdk_x64_linux_hotspot_25.0.4.1_1.tar.gz.a609ba.d/jdk-25.0.4.1+1/bin/jshell' CREATED, '/home/mark/.cache/JetBrains/Kotlin/extract.cache/5cadb5bf88-OpenJDK25U-jdk_x64_linux_hotspot_25.0.4.1_1.tar.gz.a609ba.d/jdk-25.0.4.1+1/bin/jnativescan' CREATED, '/home/mark/.cache/JetBrains/Kotlin/extract.cache/5cadb5bf88-OpenJDK25U-jdk_x64_linux_hotspot_25.0.4.1_1.tar.gz.a609ba.d/jdk-25.0.4.1+1/bin/jmap' CREATED, '/home/mark/.cache/JetBrains/Kotlin/extract.cache/5cadb5bf88-OpenJDK25U-jdk_x64_linux_hotspot_25.0.4.1_1.tar.gz.a609ba.d/jdk-25.0.4.1+1/bin/javac' CREATED, '/home/mark/.cache/JetBrains/Kotlin/extract.cache/5cadb5bf88-OpenJDK25U-jdk_x64_linux_hotspot_25.0.4.1_1.tar.gz.a609ba.d/jdk-25.0.4.1+1/bin/jstat' CREATED, '/home/mark/.cache/JetBrains/Kotlin/extract.cache/5cadb5bf88-OpenJDK25U-jdk_x64_linux_hotspot_25.0.4.1_1.tar.gz.a609ba.d/jdk-25.0.4.1+1/bin/jlink' CREATED, '/home/mark/.cache/JetBrains/Kotlin/extract.cache/5cadb5bf88-OpenJDK25U-jdk_x64_linux_hotspot_25.0.4.1_1.tar.gz.a609ba.d/jdk-25.0.4.1+1/bin/jpackage' CREATED, '/home/mark/.cache/JetBrains/Kotlin/extract.cache/5cadb5bf88-OpenJDK25U-jdk_x64_linux_hotspot_25.0.4.1_1.tar.gz.a609ba.d/jdk-25.0.4.1+1/bin/javadoc' CREATED, '/home/mark/.cache/JetBrains/Kotlin/extract.cache/5cadb5bf88-OpenJDK25U-jdk_x64_linux_hotspot_25.0.4.1_1.tar.gz.a609ba.d/jdk-25.0.4.1+1/bin/keytool' CREATED, '/home/mark/.cache/JetBrains/Kotlin/extract.cache/5cadb5bf88-OpenJDK25U-jdk_x64_linux_hotspot_25.0.4.1_1.tar.gz.a609ba.d/jdk-25.0.4.1+1/bin/jwebserver' CREATED, '/home/mark/.cache/JetBrains/Kotlin/extract.cache/5cadb5bf88-OpenJDK25U-jdk_x64_linux_hotspot_25.0.4.1_1.tar.gz.a609ba.d/jdk-25.0.4.1+1/bin/jhsdb' CREATED
00:37.145 DEBUG :shared:compileJvm        IncrementalCache          [inc] building ':shared:compileJvm'
00:37.146 INFO  :shared:compileJvm        Slf4jExtensionsKt         Compiling module 'shared' for platform 'jvm'...
00:37.148 DEBUG :shared:compileJvm        JvmCompileTask            Compiling Kotlin/JVM sources for module 'shared'...
00:37.150 DEBUG :shared:compileJvm        IncrementalCache          [inc] building 'resolve-org.jetbrains.kotlin-kotlin-build-tools-impl-2.4.20'
00:37.270 DEBUG :shared:compileJvm        DependencyFileImpl        Not found URL: https://repo1.maven.org/maven2/org/jetbrains/kotlin/kotlin-build-tools-impl/2.4.20/kotlin-build-tools-impl-2.4.20.pom.sha512
00:37.391 DEBUG :shared:compileJvm        DependencyFileImpl        Not found URL: https://packages.jetbrains.team/maven/p/kt/bootstrap/org/jetbrains/kotlin/kotlin-build-tools-impl/2.4.20/kotlin-build-tools-impl-2.4.20.pom.sha512
00:37.449 DEBUG :shared:compileJvm        DependencyFileImpl        Not found URL: https://repo1.maven.org/maven2/org/jetbrains/kotlin/kotlin-build-tools-impl/2.4.20/kotlin-build-tools-impl-2.4.20.pom.sha256
00:37.570 DEBUG :shared:compileJvm        DependencyFileImpl        Not found URL: https://packages.jetbrains.team/maven/p/kt/bootstrap/org/jetbrains/kotlin/kotlin-build-tools-impl/2.4.20/kotlin-build-tools-impl-2.4.20.pom.sha256
00:37.635 DEBUG :shared:compileJvm        DependencyFileImpl        Downloaded https://repo1.maven.org/maven2/org/jetbrains/kotlin/kotlin-build-tools-impl/2.4.20/kotlin-build-tools-impl-2.4.20.pom.sha1 for the dependency org.jetbrains.kotlin:kotlin-build-tools-impl:2.4.20
00:37.704 DEBUG :shared:compileJvm        DependencyFileImpl        Downloaded https://repo1.maven.org/maven2/org/jetbrains/kotlin/kotlin-build-tools-impl/2.4.20/kotlin-build-tools-impl-2.4.20.pom for the dependency org.jetbrains.kotlin:kotlin-build-tools-impl:2.4.20
00:37.770 DEBUG :shared:compileJvm        DependencyFileImpl        Not found URL: https://repo1.maven.org/maven2/org/jetbrains/kotlin/kotlin-build-tools-api/2.4.20/kotlin-build-tools-api-2.4.20.pom.sha512
00:37.771 DEBUG :shared:compileJvm        DependencyFileImpl        Not found URL: https://repo1.maven.org/maven2/org/jetbrains/kotlin/kotlin-compiler-embeddable/2.4.20/kotlin-compiler-embeddable-2.4.20.pom.sha512
00:37.771 DEBUG :shared:compileJvm        DependencyFileImpl        Not found URL: https://repo1.maven.org/maven2/org/jetbrains/kotlin/kotlin-tooling-core/2.4.20/kotlin-tooling-core-2.4.20.pom.sha512
00:37.777 DEBUG :shared:compileJvm        DependencyFileImpl        Not found URL: https://repo1.maven.org/maven2/org/jetbrains/annotations/13.0/annotations-13.0.pom.sha512
00:37.779 DEBUG :shared:compileJvm        DependencyFileImpl        Not found URL: https://repo1.maven.org/maven2/org/jetbrains/kotlin/kotlin-compiler-runner/2.4.20/kotlin-compiler-runner-2.4.20.pom.sha512
00:37.783 DEBUG :shared:compileJvm        DependencyFileImpl        Not found URL: https://repo1.maven.org/maven2/org/jetbrains/kotlin/kotlin-build-tools-cri-impl/2.4.20/kotlin-build-tools-cri-impl-2.4.20.pom.sha512
00:37.887 DEBUG :shared:compileJvm        DependencyFileImpl        Not found URL: https://packages.jetbrains.team/maven/p/kt/bootstrap/org/jetbrains/kotlin/kotlin-build-tools-api/2.4.20/kotlin-build-tools-api-2.4.20.pom.sha512
00:37.890 DEBUG :shared:compileJvm        DependencyFileImpl        Not found URL: https://packages.jetbrains.team/maven/p/kt/bootstrap/org/jetbrains/kotlin/kotlin-tooling-core/2.4.20/kotlin-tooling-core-2.4.20.pom.sha512
00:37.890 DEBUG :shared:compileJvm        DependencyFileImpl        Not found URL: https://packages.jetbrains.team/maven/p/kt/bootstrap/org/jetbrains/kotlin/kotlin-compiler-embeddable/2.4.20/kotlin-compiler-embeddable-2.4.20.pom.sha512
00:37.895 DEBUG :shared:compileJvm        DependencyFileImpl        Not found URL: https://packages.jetbrains.team/maven/p/kt/bootstrap/org/jetbrains/annotations/13.0/annotations-13.0.pom.sha512
00:37.896 DEBUG :shared:compileJvm        DependencyFileImpl        Not found URL: https://packages.jetbrains.team/maven/p/kt/bootstrap/org/jetbrains/kotlin/kotlin-compiler-runner/2.4.20/kotlin-compiler-runner-2.4.20.pom.sha512
00:37.900 DEBUG :shared:compileJvm        DependencyFileImpl        Not found URL: https://packages.jetbrains.team/maven/p/kt/bootstrap/org/jetbrains/kotlin/kotlin-build-tools-cri-impl/2.4.20/kotlin-build-tools-cri-impl-2.4.20.pom.sha512
00:37.946 DEBUG :shared:compileJvm        DependencyFileImpl        Not found URL: https://repo1.maven.org/maven2/org/jetbrains/kotlin/kotlin-tooling-core/2.4.20/kotlin-tooling-core-2.4.20.pom.sha256
00:37.947 DEBUG :shared:compileJvm        DependencyFileImpl        Not found URL: https://repo1.maven.org/maven2/org/jetbrains/kotlin/kotlin-compiler-embeddable/2.4.20/kotlin-compiler-embeddable-2.4.20.pom.sha256
00:37.953 DEBUG :shared:compileJvm        DependencyFileImpl        Not found URL: https://repo1.maven.org/maven2/org/jetbrains/kotlin/kotlin-compiler-runner/2.4.20/kotlin-compiler-runner-2.4.20.pom.sha256
00:37.954 DEBUG :shared:compileJvm        DependencyFileImpl        Not found URL: https://repo1.maven.org/maven2/org/jetbrains/kotlin/kotlin-build-tools-api/2.4.20/kotlin-build-tools-api-2.4.20.pom.sha256
00:37.959 DEBUG :shared:compileJvm        DependencyFileImpl        Not found URL: https://repo1.maven.org/maven2/org/jetbrains/annotations/13.0/annotations-13.0.pom.sha256
00:37.973 DEBUG :shared:compileJvm        DependencyFileImpl        Not found URL: https://repo1.maven.org/maven2/org/jetbrains/kotlin/kotlin-build-tools-cri-impl/2.4.20/kotlin-build-tools-cri-impl-2.4.20.pom.sha256
00:38.064 DEBUG :shared:compileJvm        DependencyFileImpl        Not found URL: https://packages.jetbrains.team/maven/p/kt/bootstrap/org/jetbrains/kotlin/kotlin-tooling-core/2.4.20/kotlin-tooling-core-2.4.20.pom.sha256
00:38.064 DEBUG :shared:compileJvm        DependencyFileImpl        Not found URL: https://packages.jetbrains.team/maven/p/kt/bootstrap/org/jetbrains/kotlin/kotlin-compiler-embeddable/2.4.20/kotlin-compiler-embeddable-2.4.20.pom.sha256
00:38.074 DEBUG :shared:compileJvm        DependencyFileImpl        Not found URL: https://packages.jetbrains.team/maven/p/kt/bootstrap/org/jetbrains/kotlin/kotlin-build-tools-api/2.4.20/kotlin-build-tools-api-2.4.20.pom.sha256
00:38.074 DEBUG :shared:compileJvm        DependencyFileImpl        Not found URL: https://packages.jetbrains.team/maven/p/kt/bootstrap/org/jetbrains/kotlin/kotlin-compiler-runner/2.4.20/kotlin-compiler-runner-2.4.20.pom.sha256
00:38.077 DEBUG :shared:compileJvm        DependencyFileImpl        Not found URL: https://packages.jetbrains.team/maven/p/kt/bootstrap/org/jetbrains/annotations/13.0/annotations-13.0.pom.sha256
00:38.090 DEBUG :shared:compileJvm        DependencyFileImpl        Not found URL: https://packages.jetbrains.team/maven/p/kt/bootstrap/org/jetbrains/kotlin/kotlin-build-tools-cri-impl/2.4.20/kotlin-build-tools-cri-impl-2.4.20.pom.sha256
00:38.132 DEBUG :shared:compileJvm        DependencyFileImpl        Downloaded https://repo1.maven.org/maven2/org/jetbrains/kotlin/kotlin-tooling-core/2.4.20/kotlin-tooling-core-2.4.20.pom.sha1 for the dependency org.jetbrains.kotlin:kotlin-tooling-core:2.4.20
00:38.133 DEBUG :shared:compileJvm        DependencyFileImpl        Downloaded https://repo1.maven.org/maven2/org/jetbrains/annotations/13.0/annotations-13.0.pom.sha1 for the dependency org.jetbrains:annotations:13.0
00:38.134 DEBUG :shared:compileJvm        DependencyFileImpl        Downloaded https://repo1.maven.org/maven2/org/jetbrains/kotlin/kotlin-compiler-embeddable/2.4.20/kotlin-compiler-embeddable-2.4.20.pom.sha1 for the dependency org.jetbrains.kotlin:kotlin-compiler-embeddable:2.4.20
00:38.140 DEBUG :shared:compileJvm        DependencyFileImpl        Downloaded https://repo1.maven.org/maven2/org/jetbrains/kotlin/kotlin-compiler-runner/2.4.20/kotlin-compiler-runner-2.4.20.pom.sha1 for the dependency org.jetbrains.kotlin:kotlin-compiler-runner:2.4.20
00:38.143 DEBUG :shared:compileJvm        DependencyFileImpl        Downloaded https://repo1.maven.org/maven2/org/jetbrains/kotlin/kotlin-build-tools-api/2.4.20/kotlin-build-tools-api-2.4.20.pom.sha1 for the dependency org.jetbrains.kotlin:kotlin-build-tools-api:2.4.20
00:38.150 DEBUG :shared:compileJvm        DependencyFileImpl        Downloaded https://repo1.maven.org/maven2/org/jetbrains/kotlin/kotlin-build-tools-cri-impl/2.4.20/kotlin-build-tools-cri-impl-2.4.20.pom.sha1 for the dependency org.jetbrains.kotlin:kotlin-build-tools-cri-impl:2.4.20
00:38.166 DEBUG :shared:compileJvm        DependencyFileImpl        Downloaded https://repo1.maven.org/maven2/org/jetbrains/annotations/13.0/annotations-13.0.pom for the dependency org.jetbrains:annotations:13.0
00:38.170 DEBUG :shared:compileJvm        DependencyFileImpl        Downloaded https://repo1.maven.org/maven2/org/jetbrains/kotlin/kotlin-compiler-embeddable/2.4.20/kotlin-compiler-embeddable-2.4.20.pom for the dependency org.jetbrains.kotlin:kotlin-compiler-embeddable:2.4.20
00:38.199 DEBUG :shared:compileJvm        DependencyFileImpl        Downloaded https://repo1.maven.org/maven2/org/jetbrains/kotlin/kotlin-compiler-runner/2.4.20/kotlin-compiler-runner-2.4.20.pom for the dependency org.jetbrains.kotlin:kotlin-compiler-runner:2.4.20
00:38.205 DEBUG :shared:compileJvm        DependencyFileImpl        Downloaded https://repo1.maven.org/maven2/org/jetbrains/kotlin/kotlin-tooling-core/2.4.20/kotlin-tooling-core-2.4.20.pom for the dependency org.jetbrains.kotlin:kotlin-tooling-core:2.4.20
00:38.216 DEBUG :shared:compileJvm        DependencyFileImpl        Downloaded https://repo1.maven.org/maven2/org/jetbrains/kotlin/kotlin-build-tools-cri-impl/2.4.20/kotlin-build-tools-cri-impl-2.4.20.pom for the dependency org.jetbrains.kotlin:kotlin-build-tools-cri-impl:2.4.20
00:38.220 DEBUG :shared:compileJvm        DependencyFileImpl        Downloaded https://repo1.maven.org/maven2/org/jetbrains/kotlin/kotlin-build-tools-api/2.4.20/kotlin-build-tools-api-2.4.20.pom for the dependency org.jetbrains.kotlin:kotlin-build-tools-api:2.4.20
00:38.242 DEBUG :shared:compileJvm        DependencyFileImpl        Not found URL: https://repo1.maven.org/maven2/org/jetbrains/kotlin/kotlin-script-runtime/2.4.20/kotlin-script-runtime-2.4.20.pom.sha512
00:38.242 DEBUG :shared:compileJvm        DependencyFileImpl        Not found URL: https://repo1.maven.org/maven2/org/jetbrains/kotlin/kotlin-daemon-embeddable/2.4.20/kotlin-daemon-embeddable-2.4.20.pom.sha512
00:38.249 DEBUG :shared:compileJvm        DependencyFileImpl        Not found URL: https://repo1.maven.org/maven2/org/jetbrains/kotlin/kotlin-reflect/1.6.10/kotlin-reflect-1.6.10.pom.sha512
00:38.249 DEBUG :shared:compileJvm        DependencyFileImpl        Downloaded https://repo1.maven.org/maven2/org/jetbrains/kotlinx/kotlinx-coroutines-core-jvm/1.8.0/kotlinx-coroutines-core-jvm-1.8.0.pom.sha512 for the dependency org.jetbrains.kotlinx:kotlinx-coroutines-core-jvm:1.8.0
00:38.269 DEBUG :shared:compileJvm        DependencyFileImpl        Not found URL: https://repo1.maven.org/maven2/org/jetbrains/kotlin/kotlin-daemon-client/2.4.20/kotlin-daemon-client-2.4.20.pom.sha512
00:38.306 DEBUG :shared:compileJvm        DependencyFileImpl        Downloaded https://repo1.maven.org/maven2/org/jetbrains/kotlinx/kotlinx-coroutines-core-jvm/1.8.0/kotlinx-coroutines-core-jvm-1.8.0.pom for the dependency org.jetbrains.kotlinx:kotlinx-coroutines-core-jvm:1.8.0
00:38.362 DEBUG :shared:compileJvm        DependencyFileImpl        Not found URL: https://packages.jetbrains.team/maven/p/kt/bootstrap/org/jetbrains/kotlin/kotlin-script-runtime/2.4.20/kotlin-script-runtime-2.4.20.pom.sha512
00:38.364 DEBUG :shared:compileJvm        DependencyFileImpl        Not found URL: https://packages.jetbrains.team/maven/p/kt/bootstrap/org/jetbrains/kotlin/kotlin-reflect/1.6.10/kotlin-reflect-1.6.10.pom.sha512
00:38.365 DEBUG :shared:compileJvm        DependencyFileImpl        Not found URL: https://packages.jetbrains.team/maven/p/kt/bootstrap/org/jetbrains/kotlin/kotlin-daemon-embeddable/2.4.20/kotlin-daemon-embeddable-2.4.20.pom.sha512
00:38.372 DEBUG :shared:compileJvm        DependencyFileImpl        Downloaded https://repo1.maven.org/maven2/org/jetbrains/kotlinx/kotlinx-coroutines-core-jvm/1.8.0/kotlinx-coroutines-core-jvm-1.8.0.module.sha512 for the dependency org.jetbrains.kotlinx:kotlinx-coroutines-core-jvm:1.8.0
00:38.385 DEBUG :shared:compileJvm        DependencyFileImpl        Not found URL: https://packages.jetbrains.team/maven/p/kt/bootstrap/org/jetbrains/kotlin/kotlin-daemon-client/2.4.20/kotlin-daemon-client-2.4.20.pom.sha512
00:38.425 DEBUG :shared:compileJvm        DependencyFileImpl        Not found URL: https://repo1.maven.org/maven2/org/jetbrains/kotlin/kotlin-reflect/1.6.10/kotlin-reflect-1.6.10.pom.sha256
00:38.425 DEBUG :shared:compileJvm        DependencyFileImpl        Not found URL: https://repo1.maven.org/maven2/org/jetbrains/kotlin/kotlin-daemon-embeddable/2.4.20/kotlin-daemon-embeddable-2.4.20.pom.sha256
00:38.426 DEBUG :shared:compileJvm        DependencyFileImpl        Downloaded https://repo1.maven.org/maven2/org/jetbrains/kotlinx/kotlinx-coroutines-core-jvm/1.8.0/kotlinx-coroutines-core-jvm-1.8.0.module for the dependency org.jetbrains.kotlinx:kotlinx-coroutines-core-jvm:1.8.0
00:38.428 DEBUG :shared:compileJvm        DependencyFileImpl        Not found URL: https://repo1.maven.org/maven2/org/jetbrains/kotlin/kotlin-script-runtime/2.4.20/kotlin-script-runtime-2.4.20.pom.sha256
00:38.449 DEBUG :shared:compileJvm        DependencyFileImpl        Not found URL: https://repo1.maven.org/maven2/org/jetbrains/kotlin/kotlin-daemon-client/2.4.20/kotlin-daemon-client-2.4.20.pom.sha256
00:38.489 DEBUG :shared:compileJvm        DependencyFileImpl        Downloaded https://repo1.maven.org/maven2/org/jetbrains/kotlinx/kotlinx-coroutines-bom/1.8.0/kotlinx-coroutines-bom-1.8.0.pom.sha512 for the dependency org.jetbrains.kotlinx:kotlinx-coroutines-bom:1.8.0
00:38.520 DEBUG :shared:compileJvm        DependencyFileImpl        Downloaded https://repo1.maven.org/maven2/org/jetbrains/kotlinx/kotlinx-coroutines-bom/1.8.0/kotlinx-coroutines-bom-1.8.0.pom for the dependency org.jetbrains.kotlinx:kotlinx-coroutines-bom:1.8.0
00:38.545 DEBUG :shared:compileJvm        DependencyFileImpl        Not found URL: https://packages.jetbrains.team/maven/p/kt/bootstrap/org/jetbrains/kotlin/kotlin-daemon-embeddable/2.4.20/kotlin-daemon-embeddable-2.4.20.pom.sha256
00:38.545 DEBUG :shared:compileJvm        DependencyFileImpl        Not found URL: https://packages.jetbrains.team/maven/p/kt/bootstrap/org/jetbrains/kotlin/kotlin-reflect/1.6.10/kotlin-reflect-1.6.10.pom.sha256
00:38.558 DEBUG :shared:compileJvm        DependencyFileImpl        Not found URL: https://packages.jetbrains.team/maven/p/kt/bootstrap/org/jetbrains/kotlin/kotlin-script-runtime/2.4.20/kotlin-script-runtime-2.4.20.pom.sha256
00:38.565 DEBUG :shared:compileJvm        DependencyFileImpl        Not found URL: https://packages.jetbrains.team/maven/p/kt/bootstrap/org/jetbrains/kotlin/kotlin-daemon-client/2.4.20/kotlin-daemon-client-2.4.20.pom.sha256
00:38.601 DEBUG :shared:compileJvm        DependencyFileImpl        Downloaded https://repo1.maven.org/maven2/org/jetbrains/kotlin/kotlin-reflect/1.6.10/kotlin-reflect-1.6.10.pom.sha1 for the dependency org.jetbrains.kotlin:kotlin-reflect:1.6.10
00:38.614 DEBUG :shared:compileJvm        DependencyFileImpl        Downloaded https://repo1.maven.org/maven2/org/jetbrains/kotlin/kotlin-daemon-embeddable/2.4.20/kotlin-daemon-embeddable-2.4.20.pom.sha1 for the dependency org.jetbrains.kotlin:kotlin-daemon-embeddable:2.4.20
00:38.618 DEBUG :shared:compileJvm        DependencyFileImpl        Downloaded https://repo1.maven.org/maven2/org/jetbrains/kotlin/kotlin-script-runtime/2.4.20/kotlin-script-runtime-2.4.20.pom.sha1 for the dependency org.jetbrains.kotlin:kotlin-script-runtime:2.4.20
00:38.622 DEBUG :shared:compileJvm        DependencyFileImpl        Downloaded https://repo1.maven.org/maven2/org/jetbrains/kotlin/kotlin-daemon-client/2.4.20/kotlin-daemon-client-2.4.20.pom.sha1 for the dependency org.jetbrains.kotlin:kotlin-daemon-client:2.4.20
00:38.631 DEBUG :shared:compileJvm        DependencyFileImpl        Downloaded https://repo1.maven.org/maven2/org/jetbrains/kotlin/kotlin-reflect/1.6.10/kotlin-reflect-1.6.10.pom for the dependency org.jetbrains.kotlin:kotlin-reflect:1.6.10
00:38.684 DEBUG :shared:compileJvm        DependencyFileImpl        Downloaded https://repo1.maven.org/maven2/org/jetbrains/kotlin/kotlin-daemon-embeddable/2.4.20/kotlin-daemon-embeddable-2.4.20.pom for the dependency org.jetbrains.kotlin:kotlin-daemon-embeddable:2.4.20
00:38.689 DEBUG :shared:compileJvm        DependencyFileImpl        Downloaded https://repo1.maven.org/maven2/org/jetbrains/kotlin/kotlin-daemon-client/2.4.20/kotlin-daemon-client-2.4.20.pom for the dependency org.jetbrains.kotlin:kotlin-daemon-client:2.4.20
00:38.702 DEBUG :shared:compileJvm        DependencyFileImpl        Downloaded https://repo1.maven.org/maven2/org/jetbrains/kotlin/kotlin-script-runtime/2.4.20/kotlin-script-runtime-2.4.20.pom for the dependency org.jetbrains.kotlin:kotlin-script-runtime:2.4.20
00:38.768 DEBUG :shared:compileJvm        DependencyFileImpl        Not found URL: https://repo1.maven.org/maven2/org/jetbrains/kotlin/kotlin-compiler-embeddable/2.4.20/kotlin-compiler-embeddable-2.4.20.jar.sha512
00:38.768 DEBUG :shared:compileJvm        DependencyFileImpl        Not found URL: https://repo1.maven.org/maven2/org/jetbrains/kotlin/kotlin-daemon-embeddable/2.4.20/kotlin-daemon-embeddable-2.4.20.jar.sha512
00:38.771 DEBUG :shared:compileJvm        DependencyFileImpl        Not found URL: https://repo1.maven.org/maven2/org/jetbrains/kotlin/kotlin-build-tools-cri-impl/2.4.20/kotlin-build-tools-cri-impl-2.4.20.jar.sha512
00:38.774 DEBUG :shared:compileJvm        DependencyFileImpl        Not found URL: https://repo1.maven.org/maven2/org/jetbrains/kotlin/kotlin-build-tools-api/2.4.20/kotlin-build-tools-api-2.4.20.jar.sha512
00:38.780 DEBUG :shared:compileJvm        DependencyFileImpl        Not found URL: https://repo1.maven.org/maven2/org/jetbrains/kotlin/kotlin-reflect/1.6.10/kotlin-reflect-1.6.10.jar.sha512
00:38.789 DEBUG :shared:compileJvm        DependencyFileImpl        Not found URL: https://repo1.maven.org/maven2/org/jetbrains/kotlin/kotlin-daemon-client/2.4.20/kotlin-daemon-client-2.4.20.jar.sha512
00:38.789 DEBUG :shared:compileJvm        DependencyFileImpl        Not found URL: https://repo1.maven.org/maven2/org/jetbrains/kotlin/kotlin-tooling-core/2.4.20/kotlin-tooling-core-2.4.20.jar.sha512
00:38.796 DEBUG :shared:compileJvm        DependencyFileImpl        Not found URL: https://repo1.maven.org/maven2/org/jetbrains/kotlin/kotlin-compiler-runner/2.4.20/kotlin-compiler-runner-2.4.20.jar.sha512
00:38.796 DEBUG :shared:compileJvm        DependencyFileImpl        Not found URL: https://repo1.maven.org/maven2/org/jetbrains/kotlin/kotlin-build-tools-impl/2.4.20/kotlin-build-tools-impl-2.4.20.jar.sha512
00:38.835 DEBUG :shared:compileJvm        DependencyFileImpl        Not found URL: https://repo1.maven.org/maven2/org/jetbrains/kotlin/kotlin-script-runtime/2.4.20/kotlin-script-runtime-2.4.20.jar.sha512
00:38.890 DEBUG :shared:compileJvm        DependencyFileImpl        Not found URL: https://packages.jetbrains.team/maven/p/kt/bootstrap/org/jetbrains/kotlin/kotlin-daemon-embeddable/2.4.20/kotlin-daemon-embeddable-2.4.20.jar.sha512
00:38.897 DEBUG :shared:compileJvm        DependencyFileImpl        Not found URL: https://packages.jetbrains.team/maven/p/kt/bootstrap/org/jetbrains/kotlin/kotlin-build-tools-cri-impl/2.4.20/kotlin-build-tools-cri-impl-2.4.20.jar.sha512
00:38.902 DEBUG :shared:compileJvm        DependencyFileImpl        Not found URL: https://packages.jetbrains.team/maven/p/kt/bootstrap/org/jetbrains/kotlin/kotlin-build-tools-api/2.4.20/kotlin-build-tools-api-2.4.20.jar.sha512
00:38.909 DEBUG :shared:compileJvm        DependencyFileImpl        Not found URL: https://packages.jetbrains.team/maven/p/kt/bootstrap/org/jetbrains/kotlin/kotlin-reflect/1.6.10/kotlin-reflect-1.6.10.jar.sha512
00:38.909 DEBUG :shared:compileJvm        DependencyFileImpl        Downloaded https://repo1.maven.org/maven2/org/jetbrains/kotlinx/kotlinx-coroutines-core-jvm/1.8.0/kotlinx-coroutines-core-jvm-1.8.0.jar for the dependency org.jetbrains.kotlinx:kotlinx-coroutines-core-jvm:1.8.0
00:38.909 DEBUG :shared:compileJvm        DependencyFileImpl        Not found URL: https://packages.jetbrains.team/maven/p/kt/bootstrap/org/jetbrains/kotlin/kotlin-daemon-client/2.4.20/kotlin-daemon-client-2.4.20.jar.sha512
00:38.911 DEBUG :shared:compileJvm        DependencyFileImpl        Not found URL: https://packages.jetbrains.team/maven/p/kt/bootstrap/org/jetbrains/kotlin/kotlin-tooling-core/2.4.20/kotlin-tooling-core-2.4.20.jar.sha512
00:38.913 DEBUG :shared:compileJvm        DependencyFileImpl        Not found URL: https://packages.jetbrains.team/maven/p/kt/bootstrap/org/jetbrains/kotlin/kotlin-compiler-runner/2.4.20/kotlin-compiler-runner-2.4.20.jar.sha512
00:38.916 DEBUG :shared:compileJvm        DependencyFileImpl        Not found URL: https://packages.jetbrains.team/maven/p/kt/bootstrap/org/jetbrains/kotlin/kotlin-compiler-embeddable/2.4.20/kotlin-compiler-embeddable-2.4.20.jar.sha512
00:38.952 DEBUG :shared:compileJvm        DependencyFileImpl        Not found URL: https://repo1.maven.org/maven2/org/jetbrains/kotlin/kotlin-daemon-embeddable/2.4.20/kotlin-daemon-embeddable-2.4.20.jar.sha256
00:38.952 DEBUG :shared:compileJvm        DependencyFileImpl        Not found URL: https://packages.jetbrains.team/maven/p/kt/bootstrap/org/jetbrains/kotlin/kotlin-build-tools-impl/2.4.20/kotlin-build-tools-impl-2.4.20.jar.sha512
00:38.956 DEBUG :shared:compileJvm        DependencyFileImpl        Not found URL: https://repo1.maven.org/maven2/org/jetbrains/kotlin/kotlin-build-tools-cri-impl/2.4.20/kotlin-build-tools-cri-impl-2.4.20.jar.sha256
00:38.965 DEBUG :shared:compileJvm        DependencyFileImpl        Not found URL: https://repo1.maven.org/maven2/org/jetbrains/kotlin/kotlin-build-tools-api/2.4.20/kotlin-build-tools-api-2.4.20.jar.sha256
00:38.969 DEBUG :shared:compileJvm        DependencyFileImpl        Not found URL: https://repo1.maven.org/maven2/org/jetbrains/kotlin/kotlin-daemon-client/2.4.20/kotlin-daemon-client-2.4.20.jar.sha256
00:38.971 DEBUG :shared:compileJvm        DependencyFileImpl        Not found URL: https://repo1.maven.org/maven2/org/jetbrains/kotlin/kotlin-tooling-core/2.4.20/kotlin-tooling-core-2.4.20.jar.sha256
00:38.972 DEBUG :shared:compileJvm        DependencyFileImpl        Not found URL: https://repo1.maven.org/maven2/org/jetbrains/kotlin/kotlin-compiler-runner/2.4.20/kotlin-compiler-runner-2.4.20.jar.sha256
00:38.974 DEBUG :shared:compileJvm        DependencyFileImpl        Not found URL: https://repo1.maven.org/maven2/org/jetbrains/kotlin/kotlin-reflect/1.6.10/kotlin-reflect-1.6.10.jar.sha256
00:38.978 DEBUG :shared:compileJvm        DependencyFileImpl        Not found URL: https://repo1.maven.org/maven2/org/jetbrains/kotlin/kotlin-compiler-embeddable/2.4.20/kotlin-compiler-embeddable-2.4.20.jar.sha256
00:39.007 DEBUG :shared:compileJvm        DependencyFileImpl        Not found URL: https://repo1.maven.org/maven2/org/jetbrains/kotlin/kotlin-build-tools-impl/2.4.20/kotlin-build-tools-impl-2.4.20.jar.sha256
00:39.010 DEBUG :shared:compileJvm        DependencyFileImpl        Not found URL: https://packages.jetbrains.team/maven/p/kt/bootstrap/org/jetbrains/kotlin/kotlin-script-runtime/2.4.20/kotlin-script-runtime-2.4.20.jar.sha512
00:39.070 DEBUG :shared:compileJvm        DependencyFileImpl        Not found URL: https://repo1.maven.org/maven2/org/jetbrains/kotlin/kotlin-script-runtime/2.4.20/kotlin-script-runtime-2.4.20.jar.sha256
00:39.074 DEBUG :shared:compileJvm        DependencyFileImpl        Not found URL: https://packages.jetbrains.team/maven/p/kt/bootstrap/org/jetbrains/kotlin/kotlin-build-tools-cri-impl/2.4.20/kotlin-build-tools-cri-impl-2.4.20.jar.sha256
00:39.079 DEBUG :shared:compileJvm        DependencyFileImpl        Not found URL: https://packages.jetbrains.team/maven/p/kt/bootstrap/org/jetbrains/kotlin/kotlin-daemon-embeddable/2.4.20/kotlin-daemon-embeddable-2.4.20.jar.sha256
00:39.083 DEBUG :shared:compileJvm        DependencyFileImpl        Not found URL: https://packages.jetbrains.team/maven/p/kt/bootstrap/org/jetbrains/kotlin/kotlin-build-tools-api/2.4.20/kotlin-build-tools-api-2.4.20.jar.sha256
00:39.086 DEBUG :shared:compileJvm        DependencyFileImpl        Not found URL: https://packages.jetbrains.team/maven/p/kt/bootstrap/org/jetbrains/kotlin/kotlin-daemon-client/2.4.20/kotlin-daemon-client-2.4.20.jar.sha256
00:39.086 DEBUG :shared:compileJvm        DependencyFileImpl        Not found URL: https://packages.jetbrains.team/maven/p/kt/bootstrap/org/jetbrains/kotlin/kotlin-tooling-core/2.4.20/kotlin-tooling-core-2.4.20.jar.sha256
00:39.089 DEBUG :shared:compileJvm        DependencyFileImpl        Not found URL: https://packages.jetbrains.team/maven/p/kt/bootstrap/org/jetbrains/kotlin/kotlin-compiler-runner/2.4.20/kotlin-compiler-runner-2.4.20.jar.sha256
00:39.092 DEBUG :shared:compileJvm        DependencyFileImpl        Not found URL: https://packages.jetbrains.team/maven/p/kt/bootstrap/org/jetbrains/kotlin/kotlin-reflect/1.6.10/kotlin-reflect-1.6.10.jar.sha256
00:39.099 DEBUG :shared:compileJvm        DependencyFileImpl        Not found URL: https://packages.jetbrains.team/maven/p/kt/bootstrap/org/jetbrains/kotlin/kotlin-compiler-embeddable/2.4.20/kotlin-compiler-embeddable-2.4.20.jar.sha256
00:39.132 DEBUG :shared:compileJvm        DependencyFileImpl        Not found URL: https://packages.jetbrains.team/maven/p/kt/bootstrap/org/jetbrains/kotlin/kotlin-build-tools-impl/2.4.20/kotlin-build-tools-impl-2.4.20.jar.sha256
00:39.140 DEBUG :shared:compileJvm        DependencyFileImpl        Downloaded https://repo1.maven.org/maven2/org/jetbrains/kotlin/kotlin-build-tools-api/2.4.20/kotlin-build-tools-api-2.4.20.jar.sha1 for the dependency org.jetbrains.kotlin:kotlin-build-tools-api:2.4.20
00:39.146 DEBUG :shared:compileJvm        DependencyFileImpl        Downloaded https://repo1.maven.org/maven2/org/jetbrains/kotlin/kotlin-daemon-embeddable/2.4.20/kotlin-daemon-embeddable-2.4.20.jar.sha1 for the dependency org.jetbrains.kotlin:kotlin-daemon-embeddable:2.4.20
00:39.150 DEBUG :shared:compileJvm        DependencyFileImpl        Downloaded https://repo1.maven.org/maven2/org/jetbrains/kotlin/kotlin-build-tools-cri-impl/2.4.20/kotlin-build-tools-cri-impl-2.4.20.jar.sha1 for the dependency org.jetbrains.kotlin:kotlin-build-tools-cri-impl:2.4.20
00:39.150 DEBUG :shared:compileJvm        DependencyFileImpl        Downloaded https://repo1.maven.org/maven2/org/jetbrains/kotlin/kotlin-tooling-core/2.4.20/kotlin-tooling-core-2.4.20.jar.sha1 for the dependency org.jetbrains.kotlin:kotlin-tooling-core:2.4.20
00:39.154 DEBUG :shared:compileJvm        DependencyFileImpl        Downloaded https://repo1.maven.org/maven2/org/jetbrains/kotlin/kotlin-compiler-embeddable/2.4.20/kotlin-compiler-embeddable-2.4.20.jar.sha1 for the dependency org.jetbrains.kotlin:kotlin-compiler-embeddable:2.4.20
00:39.156 DEBUG :shared:compileJvm        DependencyFileImpl        Downloaded https://repo1.maven.org/maven2/org/jetbrains/kotlin/kotlin-daemon-client/2.4.20/kotlin-daemon-client-2.4.20.jar.sha1 for the dependency org.jetbrains.kotlin:kotlin-daemon-client:2.4.20
00:39.158 DEBUG :shared:compileJvm        DependencyFileImpl        Downloaded https://repo1.maven.org/maven2/org/jetbrains/kotlin/kotlin-reflect/1.6.10/kotlin-reflect-1.6.10.jar.sha1 for the dependency org.jetbrains.kotlin:kotlin-reflect:1.6.10
00:39.164 DEBUG :shared:compileJvm        DependencyFileImpl        Downloaded https://repo1.maven.org/maven2/org/jetbrains/kotlin/kotlin-compiler-runner/2.4.20/kotlin-compiler-runner-2.4.20.jar.sha1 for the dependency org.jetbrains.kotlin:kotlin-compiler-runner:2.4.20
00:39.189 DEBUG :shared:compileJvm        DependencyFileImpl        Not found URL: https://packages.jetbrains.team/maven/p/kt/bootstrap/org/jetbrains/kotlin/kotlin-script-runtime/2.4.20/kotlin-script-runtime-2.4.20.jar.sha256
00:39.195 DEBUG :shared:compileJvm        DependencyFileImpl        Downloaded https://repo1.maven.org/maven2/org/jetbrains/kotlin/kotlin-build-tools-impl/2.4.20/kotlin-build-tools-impl-2.4.20.jar.sha1 for the dependency org.jetbrains.kotlin:kotlin-build-tools-impl:2.4.20
00:39.297 DEBUG :shared:compileJvm        DependencyFileImpl        Downloaded https://repo1.maven.org/maven2/org/jetbrains/kotlin/kotlin-tooling-core/2.4.20/kotlin-tooling-core-2.4.20.jar for the dependency org.jetbrains.kotlin:kotlin-tooling-core:2.4.20
00:39.388 DEBUG :shared:compileJvm        DependencyFileImpl        Downloaded https://repo1.maven.org/maven2/org/jetbrains/kotlin/kotlin-compiler-runner/2.4.20/kotlin-compiler-runner-2.4.20.jar for the dependency org.jetbrains.kotlin:kotlin-compiler-runner:2.4.20
00:39.388 DEBUG :shared:compileJvm        DependencyFileImpl        Downloaded https://repo1.maven.org/maven2/org/jetbrains/kotlin/kotlin-build-tools-api/2.4.20/kotlin-build-tools-api-2.4.20.jar for the dependency org.jetbrains.kotlin:kotlin-build-tools-api:2.4.20
00:39.411 DEBUG :shared:compileJvm        DependencyFileImpl        Downloaded https://repo1.maven.org/maven2/org/jetbrains/kotlin/kotlin-script-runtime/2.4.20/kotlin-script-runtime-2.4.20.jar.sha1 for the dependency org.jetbrains.kotlin:kotlin-script-runtime:2.4.20
00:39.462 DEBUG :shared:compileJvm        DependencyFileImpl        Downloaded https://repo1.maven.org/maven2/org/jetbrains/kotlin/kotlin-daemon-client/2.4.20/kotlin-daemon-client-2.4.20.jar for the dependency org.jetbrains.kotlin:kotlin-daemon-client:2.4.20
00:39.504 DEBUG :shared:compileJvm        DependencyFileImpl        Downloaded https://repo1.maven.org/maven2/org/jetbrains/kotlin/kotlin-daemon-embeddable/2.4.20/kotlin-daemon-embeddable-2.4.20.jar for the dependency org.jetbrains.kotlin:kotlin-daemon-embeddable:2.4.20
00:39.510 DEBUG :shared:compileJvm        DependencyFileImpl        Downloaded https://repo1.maven.org/maven2/org/jetbrains/kotlin/kotlin-build-tools-cri-impl/2.4.20/kotlin-build-tools-cri-impl-2.4.20.jar for the dependency org.jetbrains.kotlin:kotlin-build-tools-cri-impl:2.4.20
00:39.553 DEBUG :shared:compileJvm        DependencyFileImpl        Downloaded https://repo1.maven.org/maven2/org/jetbrains/kotlin/kotlin-script-runtime/2.4.20/kotlin-script-runtime-2.4.20.jar for the dependency org.jetbrains.kotlin:kotlin-script-runtime:2.4.20
00:40.165 DEBUG :shared:compileJvm        DependencyFileImpl        Downloaded https://repo1.maven.org/maven2/org/jetbrains/kotlin/kotlin-reflect/1.6.10/kotlin-reflect-1.6.10.jar for the dependency org.jetbrains.kotlin:kotlin-reflect:1.6.10
00:40.263 DEBUG :shared:compileJvm        DependencyFileImpl        Downloaded https://repo1.maven.org/maven2/org/jetbrains/kotlin/kotlin-build-tools-impl/2.4.20/kotlin-build-tools-impl-2.4.20.jar for the dependency org.jetbrains.kotlin:kotlin-build-tools-impl:2.4.20
00:44.934 DEBUG :shared:compileJvm        DependencyFileImpl        Downloaded https://repo1.maven.org/maven2/org/jetbrains/kotlin/kotlin-compiler-embeddable/2.4.20/kotlin-compiler-embeddable-2.4.20.jar for the dependency org.jetbrains.kotlin:kotlin-compiler-embeddable:2.4.20
00:44.953 DEBUG :shared:compileJvm        IncrementalCache          [inc] 'resolve-org.jetbrains.kotlin-kotlin-build-tools-impl-2.4.20' changes: '/home/mark/.cache/JetBrains/Kotlin/.m2.cache/org/jetbrains/kotlin/kotlin-build-tools-impl/2.4.20/kotlin-build-tools-impl-2.4.20.jar' CREATED, '/home/mark/.cache/JetBrains/Kotlin/.m2.cache/org/jetbrains/kotlin/kotlin-build-tools-api/2.4.20/kotlin-build-tools-api-2.4.20.jar' CREATED, '/home/mark/.cache/JetBrains/Kotlin/.m2.cache/org/jetbrains/kotlin/kotlin-stdlib/2.4.20/kotlin-stdlib-2.4.20.jar' CREATED, '/home/mark/.cache/JetBrains/Kotlin/.m2.cache/org/jetbrains/kotlin/kotlin-build-tools-cri-impl/2.4.20/kotlin-build-tools-cri-impl-2.4.20.jar' CREATED, '/home/mark/.cache/JetBrains/Kotlin/.m2.cache/org/jetbrains/kotlin/kotlin-tooling-core/2.4.20/kotlin-tooling-core-2.4.20.jar' CREATED, '/home/mark/.cache/JetBrains/Kotlin/.m2.cache/org/jetbrains/kotlin/kotlin-compiler-embeddable/2.4.20/kotlin-compiler-embeddable-2.4.20.jar' CREATED, '/home/mark/.cache/JetBrains/Kotlin/.m2.cache/org/jetbrains/kotlin/kotlin-compiler-runner/2.4.20/kotlin-compiler-runner-2.4.20.jar' CREATED, '/home/mark/.cache/JetBrains/Kotlin/.m2.cache/org/jetbrains/annotations/23.0.0/annotations-23.0.0.jar' CREATED, '/home/mark/.cache/JetBrains/Kotlin/.m2.cache/org/jetbrains/kotlin/kotlin-script-runtime/2.4.20/kotlin-script-runtime-2.4.20.jar' CREATED, '/home/mark/.cache/JetBrains/Kotlin/.m2.cache/org/jetbrains/kotlin/kotlin-reflect/1.6.10/kotlin-reflect-1.6.10.jar' CREATED, '/home/mark/.cache/JetBrains/Kotlin/.m2.cache/org/jetbrains/kotlin/kotlin-daemon-embeddable/2.4.20/kotlin-daemon-embeddable-2.4.20.jar' CREATED, '/home/mark/.cache/JetBrains/Kotlin/.m2.cache/org/jetbrains/kotlinx/kotlinx-coroutines-core-jvm/1.8.0/kotlinx-coroutines-core-jvm-1.8.0.jar' CREATED, '/home/mark/.cache/JetBrains/Kotlin/.m2.cache/org/jetbrains/kotlin/kotlin-daemon-client/2.4.20/kotlin-daemon-client-2.4.20.jar' CREATED
00:44.969 DEBUG :shared:compileJvm        IncrementalCache          [inc] building 'resolve-org.jetbrains.kotlin-kotlin-compose-compiler-plugin-embeddable-2.4.20'
00:45.114 DEBUG :shared:compileJvm        DependencyFileImpl        Not found URL: https://repo1.maven.org/maven2/org/jetbrains/kotlin/kotlin-compose-compiler-plugin-embeddable/2.4.20/kotlin-compose-compiler-plugin-embeddable-2.4.20.pom.sha512
00:45.305 DEBUG :shared:compileJvm        DependencyFileImpl        Not found URL: https://maven.google.com/org/jetbrains/kotlin/kotlin-compose-compiler-plugin-embeddable/2.4.20/kotlin-compose-compiler-plugin-embeddable-2.4.20.pom.sha512
00:45.429 DEBUG :shared:compileJvm        DependencyFileImpl        Not found URL: https://packages.jetbrains.team/maven/p/amper/compose-hot-reload/org/jetbrains/kotlin/kotlin-compose-compiler-plugin-embeddable/2.4.20/kotlin-compose-compiler-plugin-embeddable-2.4.20.pom.sha512
00:45.548 DEBUG :shared:compileJvm        DependencyFileImpl        Not found URL: https://repo1.maven.org/maven2/org/jetbrains/kotlin/kotlin-compose-compiler-plugin-embeddable/2.4.20/kotlin-compose-compiler-plugin-embeddable-2.4.20.pom.sha256
00:45.691 DEBUG :shared:compileJvm        DependencyFileImpl        Not found URL: https://maven.google.com/org/jetbrains/kotlin/kotlin-compose-compiler-plugin-embeddable/2.4.20/kotlin-compose-compiler-plugin-embeddable-2.4.20.pom.sha256
00:45.973 DEBUG :shared:compileJvm        DependencyFileImpl        Not found URL: https://packages.jetbrains.team/maven/p/amper/compose-hot-reload/org/jetbrains/kotlin/kotlin-compose-compiler-plugin-embeddable/2.4.20/kotlin-compose-compiler-plugin-embeddable-2.4.20.pom.sha256
00:46.043 DEBUG :shared:compileJvm        DependencyFileImpl        Downloaded https://repo1.maven.org/maven2/org/jetbrains/kotlin/kotlin-compose-compiler-plugin-embeddable/2.4.20/kotlin-compose-compiler-plugin-embeddable-2.4.20.pom.sha1 for the dependency org.jetbrains.kotlin:kotlin-compose-compiler-plugin-embeddable:2.4.20
00:46.107 DEBUG :shared:compileJvm        DependencyFileImpl        Downloaded https://repo1.maven.org/maven2/org/jetbrains/kotlin/kotlin-compose-compiler-plugin-embeddable/2.4.20/kotlin-compose-compiler-plugin-embeddable-2.4.20.pom for the dependency org.jetbrains.kotlin:kotlin-compose-compiler-plugin-embeddable:2.4.20
00:46.253 DEBUG :shared:compileJvm        DependencyFileImpl        Not found URL: https://repo1.maven.org/maven2/org/jetbrains/kotlin/kotlin-compose-compiler-plugin-embeddable/2.4.20/kotlin-compose-compiler-plugin-embeddable-2.4.20.jar.sha512
00:46.392 DEBUG :shared:compileJvm        DependencyFileImpl        Not found URL: https://maven.google.com/org/jetbrains/kotlin/kotlin-compose-compiler-plugin-embeddable/2.4.20/kotlin-compose-compiler-plugin-embeddable-2.4.20.jar.sha512
00:46.561 DEBUG :shared:compileJvm        DependencyFileImpl        Not found URL: https://packages.jetbrains.team/maven/p/amper/compose-hot-reload/org/jetbrains/kotlin/kotlin-compose-compiler-plugin-embeddable/2.4.20/kotlin-compose-compiler-plugin-embeddable-2.4.20.jar.sha512
00:46.697 DEBUG :shared:compileJvm        DependencyFileImpl        Not found URL: https://repo1.maven.org/maven2/org/jetbrains/kotlin/kotlin-compose-compiler-plugin-embeddable/2.4.20/kotlin-compose-compiler-plugin-embeddable-2.4.20.jar.sha256
00:46.845 DEBUG :shared:compileJvm        DependencyFileImpl        Not found URL: https://maven.google.com/org/jetbrains/kotlin/kotlin-compose-compiler-plugin-embeddable/2.4.20/kotlin-compose-compiler-plugin-embeddable-2.4.20.jar.sha256
00:46.961 DEBUG :shared:compileJvm        DependencyFileImpl        Not found URL: https://packages.jetbrains.team/maven/p/amper/compose-hot-reload/org/jetbrains/kotlin/kotlin-compose-compiler-plugin-embeddable/2.4.20/kotlin-compose-compiler-plugin-embeddable-2.4.20.jar.sha256
00:47.030 DEBUG :shared:compileJvm        DependencyFileImpl        Downloaded https://repo1.maven.org/maven2/org/jetbrains/kotlin/kotlin-compose-compiler-plugin-embeddable/2.4.20/kotlin-compose-compiler-plugin-embeddable-2.4.20.jar.sha1 for the dependency org.jetbrains.kotlin:kotlin-compose-compiler-plugin-embeddable:2.4.20
00:47.170 DEBUG :shared:compileJvm        DependencyFileImpl        Downloaded https://repo1.maven.org/maven2/org/jetbrains/kotlin/kotlin-compose-compiler-plugin-embeddable/2.4.20/kotlin-compose-compiler-plugin-embeddable-2.4.20.jar for the dependency org.jetbrains.kotlin:kotlin-compose-compiler-plugin-embeddable:2.4.20
00:47.172 DEBUG :shared:compileJvm        IncrementalCache          [inc] 'resolve-org.jetbrains.kotlin-kotlin-compose-compiler-plugin-embeddable-2.4.20' changes: '/home/mark/.cache/JetBrains/Kotlin/.m2.cache/org/jetbrains/kotlin/kotlin-compose-compiler-plugin-embeddable/2.4.20/kotlin-compose-compiler-plugin-embeddable-2.4.20.jar' CREATED
00:47.186 DEBUG :shared:compileJvm        IncrementalCache          [inc] building 'kotlin-jvm-classpath-snapshotting-annotations-23.0.0.jar-c611a068f002f38d2089a42bf872dbb4f1c9e672af3ffe01c5b8204b8617ede8'
00:47.186 DEBUG :shared:compileJvm        IncrementalCache          [inc] building 'kotlin-jvm-classpath-snapshotting-runtime-desktop-1.12.1.jar-619446945838a7a378b16bb7266d5fdaf21e47eb35615a71a3d43f45d880dc92'
00:47.186 DEBUG :shared:compileJvm        IncrementalCache          [inc] building 'kotlin-jvm-classpath-snapshotting-components-resources-desktop-1.12.1.jar-3f318b71de8b50144e115540aa45e01b594aabe3373aba7f1edb611a2c176e7c'
00:47.186 DEBUG :shared:compileJvm        IncrementalCache          [inc] building 'kotlin-jvm-classpath-snapshotting-animation-desktop-1.12.1.jar-e7f939cf01c4d218cd9234d9411c0b3ab16eda210f134b549c836807eb71481e'
00:47.186 DEBUG :shared:compileJvm        IncrementalCache          [inc] building 'kotlin-jvm-classpath-snapshotting-foundation-desktop-1.12.1.jar-cdb5ff75807ec6ff6f11d40e3f2e8e473863363a6682592c5016bfd51c2c53b6'
00:47.186 DEBUG :shared:compileJvm        IncrementalCache          [inc] building 'kotlin-jvm-classpath-snapshotting-collection-jvm-1.5.0.jar-f5fba867836491ef4d79106c87d9c0312920e15b3c337153bc4961811bb4ab42'
00:47.186 DEBUG :shared:compileJvm        IncrementalCache          [inc] building 'kotlin-jvm-classpath-snapshotting-ui-tooling-preview-desktop-1.12.1.jar-08595ac93ce4f24d960097914a58e8b6861496cc9d76da733e7e6f20b909b31b'
00:47.186 DEBUG :shared:compileJvm        IncrementalCache          [inc] building 'kotlin-jvm-classpath-snapshotting-runtime-desktop-1.12.1.jar-643fa37e237e2cb39d9a8bdeef8e1618a9073ef434ca1576b763f995d4d59e85'
00:47.186 DEBUG :shared:compileJvm        IncrementalCache          [inc] building 'kotlin-jvm-classpath-snapshotting-hot-reload-runtime-api-jvm-1.2.0.jar-51d3641bae080cf030252f79146d22b978026a8ed26ee836b980ddc6a44a7c9f'
00:47.186 DEBUG :shared:compileJvm        IncrementalCache          [inc] building 'kotlin-jvm-classpath-snapshotting-kotlin-stdlib-2.4.20.jar-3e0403e7bc108453ab9b1d5ad012ba578556d832e6a108578b4fdf53ca97e670'
00:47.186 DEBUG :shared:compileJvm        IncrementalCache          [inc] building 'kotlin-jvm-classpath-snapshotting-ui-desktop-1.12.1.jar-84ff18df284fd607d7569616f03679b241fb5eb9d6bd3630a75f503858822f5a'
00:47.186 DEBUG :shared:compileJvm        IncrementalCache          [inc] building 'kotlin-jvm-classpath-snapshotting-lifecycle-viewmodel-compose-desktop-2.11.0.jar-ce0498be95df30f0c1f3f961f05b96c6e0f07f18788615e038927fd7e3e69c9d'
00:47.186 DEBUG :shared:compileJvm        IncrementalCache          [inc] building 'kotlin-jvm-classpath-snapshotting-material3-desktop-1.12.0-alpha03.jar-d61006fb486aca5655d57bda164ce5d76602c1adc31d979691cdeb9b655d5635'
00:47.186 DEBUG :shared:compileJvm        IncrementalCache          [inc] building 'kotlin-jvm-classpath-snapshotting-lifecycle-runtime-compose-desktop-2.11.0.jar-133773c420943d2141b8a7c84a1580012990a5fa1497aa7974fcce28fd719404'
00:47.186 DEBUG :shared:compileJvm        IncrementalCache          [inc] building 'kotlin-jvm-classpath-snapshotting-skiko-awt-0.150.1.jar-7dc6726589ca12d30e681d7efc8c4ea82513df080ffe500011ab729d34c5434e'
00:47.186 DEBUG :shared:compileJvm        IncrementalCache          [inc] building 'kotlin-jvm-classpath-snapshotting-graphics-shapes-desktop-1.1.0.jar-213c55fb5365763b069ef342ae694532be2f64167247fd0e7909cb767654470e'
00:47.281 DEBUG :shared:compileJvm        IncrementalCache          [inc] 'kotlin-jvm-classpath-snapshotting-lifecycle-runtime-compose-desktop-2.11.0.jar-133773c420943d2141b8a7c84a1580012990a5fa1497aa7974fcce28fd719404' changes: '/home/mark/Nextcloud/Documents/School/2026 - Fall/SWE/tmp/build/ic-cache/classpath-snapshots/lifecycle-runtime-compose-desktop-2.11.0.jar-133773c420943d2141b8a7c84a1580012990a5fa1497aa7974fcce28fd719404.abi' CREATED
00:47.281 DEBUG :shared:compileJvm        IncrementalCache          [inc] 'kotlin-jvm-classpath-snapshotting-lifecycle-viewmodel-compose-desktop-2.11.0.jar-ce0498be95df30f0c1f3f961f05b96c6e0f07f18788615e038927fd7e3e69c9d' changes: '/home/mark/Nextcloud/Documents/School/2026 - Fall/SWE/tmp/build/ic-cache/classpath-snapshots/lifecycle-viewmodel-compose-desktop-2.11.0.jar-ce0498be95df30f0c1f3f961f05b96c6e0f07f18788615e038927fd7e3e69c9d.abi' CREATED
00:47.281 DEBUG :shared:compileJvm        IncrementalCache          [inc] building 'kotlin-jvm-classpath-snapshotting-foundation-layout-desktop-1.12.1.jar-cefd75e089733bd3c77a7cf23cdd614df43017ec42c827801cb9bf8c38d58ff3'
00:47.282 DEBUG :shared:compileJvm        IncrementalCache          [inc] building 'kotlin-jvm-classpath-snapshotting-material-ripple-desktop-1.12.0-beta01.jar-b6d4833bccd9696ac9de136546cd52c33c62dc045d15ff47f5af36f62afae335'
00:47.282 DEBUG :shared:compileJvm        IncrementalCache          [inc] 'kotlin-jvm-classpath-snapshotting-runtime-desktop-1.12.1.jar-619446945838a7a378b16bb7266d5fdaf21e47eb35615a71a3d43f45d880dc92' changes: '/home/mark/Nextcloud/Documents/School/2026 - Fall/SWE/tmp/build/ic-cache/classpath-snapshots/runtime-desktop-1.12.1.jar-619446945838a7a378b16bb7266d5fdaf21e47eb35615a71a3d43f45d880dc92.abi' CREATED
00:47.282 DEBUG :shared:compileJvm        IncrementalCache          [inc] building 'kotlin-jvm-classpath-snapshotting-ui-text-desktop-1.12.1.jar-0f68b03589098ea14ca05ce8b3875bc550ec4dfde14487fd82301177343e7177'
00:47.331 DEBUG :shared:compileJvm        IncrementalCache          [inc] 'kotlin-jvm-classpath-snapshotting-annotations-23.0.0.jar-c611a068f002f38d2089a42bf872dbb4f1c9e672af3ffe01c5b8204b8617ede8' changes: '/home/mark/Nextcloud/Documents/School/2026 - Fall/SWE/tmp/build/ic-cache/classpath-snapshots/annotations-23.0.0.jar-c611a068f002f38d2089a42bf872dbb4f1c9e672af3ffe01c5b8204b8617ede8.abi' CREATED
00:47.331 DEBUG :shared:compileJvm        IncrementalCache          [inc] building 'kotlin-jvm-classpath-snapshotting-annotation-jvm-1.9.1.jar-c988ea3d20c9d13e9aa5e92beed19e880515846e6dfeb5c7ec3cc81fe56d4bc3'
00:47.352 DEBUG :shared:compileJvm        IncrementalCache          [inc] 'kotlin-jvm-classpath-snapshotting-hot-reload-runtime-api-jvm-1.2.0.jar-51d3641bae080cf030252f79146d22b978026a8ed26ee836b980ddc6a44a7c9f' changes: '/home/mark/Nextcloud/Documents/School/2026 - Fall/SWE/tmp/build/ic-cache/classpath-snapshots/hot-reload-runtime-api-jvm-1.2.0.jar-51d3641bae080cf030252f79146d22b978026a8ed26ee836b980ddc6a44a7c9f.abi' CREATED
00:47.353 DEBUG :shared:compileJvm        IncrementalCache          [inc] building 'kotlin-jvm-classpath-snapshotting-runtime-retain-desktop-1.12.1.jar-581aa0a1d899d8fa10b2b8d4bba4f598811a835456915b1eabe5b5458c7edccd'
00:47.379 DEBUG :shared:compileJvm        IncrementalCache          [inc] 'kotlin-jvm-classpath-snapshotting-ui-tooling-preview-desktop-1.12.1.jar-08595ac93ce4f24d960097914a58e8b6861496cc9d76da733e7e6f20b909b31b' changes: '/home/mark/Nextcloud/Documents/School/2026 - Fall/SWE/tmp/build/ic-cache/classpath-snapshots/ui-tooling-preview-desktop-1.12.1.jar-08595ac93ce4f24d960097914a58e8b6861496cc9d76da733e7e6f20b909b31b.abi' CREATED
00:47.380 DEBUG :shared:compileJvm        IncrementalCache          [inc] building 'kotlin-jvm-classpath-snapshotting-savedstate-compose-desktop-1.4.0.jar-3d58ae837260932d6ed411fe9c8f58f7bdbbb2a2c9f61348af4f98576c946901'
00:47.387 DEBUG :shared:compileJvm        IncrementalCache          [inc] 'kotlin-jvm-classpath-snapshotting-annotation-jvm-1.9.1.jar-c988ea3d20c9d13e9aa5e92beed19e880515846e6dfeb5c7ec3cc81fe56d4bc3' changes: '/home/mark/Nextcloud/Documents/School/2026 - Fall/SWE/tmp/build/ic-cache/classpath-snapshots/annotation-jvm-1.9.1.jar-c988ea3d20c9d13e9aa5e92beed19e880515846e6dfeb5c7ec3cc81fe56d4bc3.abi' CREATED
00:47.389 DEBUG :shared:compileJvm        IncrementalCache          [inc] 'kotlin-jvm-classpath-snapshotting-material-ripple-desktop-1.12.0-beta01.jar-b6d4833bccd9696ac9de136546cd52c33c62dc045d15ff47f5af36f62afae335' changes: '/home/mark/Nextcloud/Documents/School/2026 - Fall/SWE/tmp/build/ic-cache/classpath-snapshots/material-ripple-desktop-1.12.0-beta01.jar-b6d4833bccd9696ac9de136546cd52c33c62dc045d15ff47f5af36f62afae335.abi' CREATED
00:47.389 DEBUG :shared:compileJvm        IncrementalCache          [inc] building 'kotlin-jvm-classpath-snapshotting-runtime-saveable-desktop-1.12.1.jar-afa8ecbce041cccee391d0d78f92ece86cc01bf81178f8b355d35163073aa2e6'
00:47.389 DEBUG :shared:compileJvm        IncrementalCache          [inc] building 'kotlin-jvm-classpath-snapshotting-ui-geometry-desktop-1.12.1.jar-8edb499980c861a88acffcb08fe4b2a4c7853f003027f74267c740c916ace724'
00:47.401 DEBUG :shared:compileJvm        IncrementalCache          [inc] 'kotlin-jvm-classpath-snapshotting-savedstate-compose-desktop-1.4.0.jar-3d58ae837260932d6ed411fe9c8f58f7bdbbb2a2c9f61348af4f98576c946901' changes: '/home/mark/Nextcloud/Documents/School/2026 - Fall/SWE/tmp/build/ic-cache/classpath-snapshots/savedstate-compose-desktop-1.4.0.jar-3d58ae837260932d6ed411fe9c8f58f7bdbbb2a2c9f61348af4f98576c946901.abi' CREATED
00:47.402 DEBUG :shared:compileJvm        IncrementalCache          [inc] building 'kotlin-jvm-classpath-snapshotting-ui-graphics-desktop-1.12.1.jar-9f55c1ac6b0f426b78b71af0c14737a3182d5d31a4dfa0c1e597e642d529fc17'
00:47.408 DEBUG :shared:compileJvm        IncrementalCache          [inc] 'kotlin-jvm-classpath-snapshotting-runtime-retain-desktop-1.12.1.jar-581aa0a1d899d8fa10b2b8d4bba4f598811a835456915b1eabe5b5458c7edccd' changes: '/home/mark/Nextcloud/Documents/School/2026 - Fall/SWE/tmp/build/ic-cache/classpath-snapshots/runtime-retain-desktop-1.12.1.jar-581aa0a1d899d8fa10b2b8d4bba4f598811a835456915b1eabe5b5458c7edccd.abi' CREATED
00:47.409 DEBUG :shared:compileJvm        IncrementalCache          [inc] building 'kotlin-jvm-classpath-snapshotting-ui-unit-desktop-1.12.1.jar-d5869cd604e1cd4bf69a20a625319782eaa8ca311aabf1ddb1e830a67d9caa0f'
00:47.409 DEBUG :shared:compileJvm        IncrementalCache          [inc] 'kotlin-jvm-classpath-snapshotting-runtime-saveable-desktop-1.12.1.jar-afa8ecbce041cccee391d0d78f92ece86cc01bf81178f8b355d35163073aa2e6' changes: '/home/mark/Nextcloud/Documents/School/2026 - Fall/SWE/tmp/build/ic-cache/classpath-snapshots/runtime-saveable-desktop-1.12.1.jar-afa8ecbce041cccee391d0d78f92ece86cc01bf81178f8b355d35163073aa2e6.abi' CREATED
00:47.410 DEBUG :shared:compileJvm        IncrementalCache          [inc] building 'kotlin-jvm-classpath-snapshotting-ui-util-desktop-1.12.1.jar-44f601e07be29a6be7b7834bd7c6b87481287fd4778a79de98e729f7cd1aaf58'
00:47.418 DEBUG :shared:compileJvm        IncrementalCache          [inc] 'kotlin-jvm-classpath-snapshotting-graphics-shapes-desktop-1.1.0.jar-213c55fb5365763b069ef342ae694532be2f64167247fd0e7909cb767654470e' changes: '/home/mark/Nextcloud/Documents/School/2026 - Fall/SWE/tmp/build/ic-cache/classpath-snapshots/graphics-shapes-desktop-1.1.0.jar-213c55fb5365763b069ef342ae694532be2f64167247fd0e7909cb767654470e.abi' CREATED
00:47.419 DEBUG :shared:compileJvm        IncrementalCache          [inc] building 'kotlin-jvm-classpath-snapshotting-hot-reload-annotations-jvm-1.2.0.jar-7763135d72bf708cff4da51d8ac13258bf964e5e5fe0ef700d51b5ff579393a2'
00:47.435 DEBUG :shared:compileJvm        IncrementalCache          [inc] 'kotlin-jvm-classpath-snapshotting-ui-geometry-desktop-1.12.1.jar-8edb499980c861a88acffcb08fe4b2a4c7853f003027f74267c740c916ace724' changes: '/home/mark/Nextcloud/Documents/School/2026 - Fall/SWE/tmp/build/ic-cache/classpath-snapshots/ui-geometry-desktop-1.12.1.jar-8edb499980c861a88acffcb08fe4b2a4c7853f003027f74267c740c916ace724.abi' CREATED
00:47.436 DEBUG :shared:compileJvm        IncrementalCache          [inc] building 'kotlin-jvm-classpath-snapshotting-lifecycle-viewmodel-compose-desktop-2.11.0.jar-75efbbea23c4092763dbe6640db9053b38d97b2b25072ae325eeb90e04e94e8c'
00:47.436 DEBUG :shared:compileJvm        IncrementalCache          [inc] 'kotlin-jvm-classpath-snapshotting-hot-reload-annotations-jvm-1.2.0.jar-7763135d72bf708cff4da51d8ac13258bf964e5e5fe0ef700d51b5ff579393a2' changes: '/home/mark/Nextcloud/Documents/School/2026 - Fall/SWE/tmp/build/ic-cache/classpath-snapshots/hot-reload-annotations-jvm-1.2.0.jar-7763135d72bf708cff4da51d8ac13258bf964e5e5fe0ef700d51b5ff579393a2.abi' CREATED
00:47.437 DEBUG :shared:compileJvm        IncrementalCache          [inc] building 'kotlin-jvm-classpath-snapshotting-lifecycle-common-jvm-2.11.0.jar-893b0b4ef05a8d86ab5c144f1b5dee6cb1d93158cd0f6783383bcdbc811cc1f2'
00:47.449 DEBUG :shared:compileJvm        IncrementalCache          [inc] 'kotlin-jvm-classpath-snapshotting-lifecycle-common-jvm-2.11.0.jar-893b0b4ef05a8d86ab5c144f1b5dee6cb1d93158cd0f6783383bcdbc811cc1f2' changes: '/home/mark/Nextcloud/Documents/School/2026 - Fall/SWE/tmp/build/ic-cache/classpath-snapshots/lifecycle-common-jvm-2.11.0.jar-893b0b4ef05a8d86ab5c144f1b5dee6cb1d93158cd0f6783383bcdbc811cc1f2.abi' CREATED
00:47.453 DEBUG :shared:compileJvm        IncrementalCache          [inc] building 'kotlin-jvm-classpath-snapshotting-lifecycle-viewmodel-desktop-2.11.0.jar-ae8a0afb97921bd6c3cec993ff5bb057cee43b2eef341dc487451a5ffbbda93d'
00:47.454 DEBUG :shared:compileJvm        IncrementalCache          [inc] 'kotlin-jvm-classpath-snapshotting-components-resources-desktop-1.12.1.jar-3f318b71de8b50144e115540aa45e01b594aabe3373aba7f1edb611a2c176e7c' changes: '/home/mark/Nextcloud/Documents/School/2026 - Fall/SWE/tmp/build/ic-cache/classpath-snapshots/components-resources-desktop-1.12.1.jar-3f318b71de8b50144e115540aa45e01b594aabe3373aba7f1edb611a2c176e7c.abi' CREATED
00:47.455 DEBUG :shared:compileJvm        IncrementalCache          [inc] building 'kotlin-jvm-classpath-snapshotting-lifecycle-viewmodel-savedstate-desktop-2.11.0.jar-b40f9bfc0b650cd33f04182ba4d9f639c77e041b42998d1bf10eedb44c314ded'
00:47.471 DEBUG :shared:compileJvm        IncrementalCache          [inc] 'kotlin-jvm-classpath-snapshotting-lifecycle-viewmodel-compose-desktop-2.11.0.jar-75efbbea23c4092763dbe6640db9053b38d97b2b25072ae325eeb90e04e94e8c' changes: '/home/mark/Nextcloud/Documents/School/2026 - Fall/SWE/tmp/build/ic-cache/classpath-snapshots/lifecycle-viewmodel-compose-desktop-2.11.0.jar-75efbbea23c4092763dbe6640db9053b38d97b2b25072ae325eeb90e04e94e8c.abi' CREATED
00:47.472 DEBUG :shared:compileJvm        IncrementalCache          [inc] building 'kotlin-jvm-classpath-snapshotting-lifecycle-runtime-compose-desktop-2.11.0.jar-1bf9f02cafb9cc9f8527cb73102b8b9aa6c14cb03f4b02d8de9cd9e65de7b347'
00:47.477 DEBUG :shared:compileJvm        IncrementalCache          [inc] 'kotlin-jvm-classpath-snapshotting-lifecycle-viewmodel-savedstate-desktop-2.11.0.jar-b40f9bfc0b650cd33f04182ba4d9f639c77e041b42998d1bf10eedb44c314ded' changes: '/home/mark/Nextcloud/Documents/School/2026 - Fall/SWE/tmp/build/ic-cache/classpath-snapshots/lifecycle-viewmodel-savedstate-desktop-2.11.0.jar-b40f9bfc0b650cd33f04182ba4d9f639c77e041b42998d1bf10eedb44c314ded.abi' CREATED
00:47.477 DEBUG :shared:compileJvm        IncrementalCache          [inc] 'kotlin-jvm-classpath-snapshotting-ui-util-desktop-1.12.1.jar-44f601e07be29a6be7b7834bd7c6b87481287fd4778a79de98e729f7cd1aaf58' changes: '/home/mark/Nextcloud/Documents/School/2026 - Fall/SWE/tmp/build/ic-cache/classpath-snapshots/ui-util-desktop-1.12.1.jar-44f601e07be29a6be7b7834bd7c6b87481287fd4778a79de98e729f7cd1aaf58.abi' CREATED
00:47.478 DEBUG :shared:compileJvm        IncrementalCache          [inc] building 'kotlin-jvm-classpath-snapshotting-runtime-annotation-jvm-1.12.1.jar-4fc20e969ad11ae1241707d7d78592c037d79f0bccf18950a1e538254e12b4ab'
00:47.479 DEBUG :shared:compileJvm        IncrementalCache          [inc] 'kotlin-jvm-classpath-snapshotting-lifecycle-viewmodel-desktop-2.11.0.jar-ae8a0afb97921bd6c3cec993ff5bb057cee43b2eef341dc487451a5ffbbda93d' changes: '/home/mark/Nextcloud/Documents/School/2026 - Fall/SWE/tmp/build/ic-cache/classpath-snapshots/lifecycle-viewmodel-desktop-2.11.0.jar-ae8a0afb97921bd6c3cec993ff5bb057cee43b2eef341dc487451a5ffbbda93d.abi' CREATED
00:47.480 DEBUG :shared:compileJvm        IncrementalCache          [inc] building 'kotlin-jvm-classpath-snapshotting-kotlinx-coroutines-core-jvm-1.11.0.jar-3e1523e6cd63e6c1bd1194cea83f24b21e6432864d96cba43f83251ba2e0bb3d'
00:47.480 DEBUG :shared:compileJvm        IncrementalCache          [inc] building 'kotlin-jvm-classpath-snapshotting-lifecycle-runtime-desktop-2.11.0.jar-b956afd2841133a7187f725bfacd90d2d246da2eaef0bddf119a417e84495242'
00:47.488 DEBUG :shared:compileJvm        IncrementalCache          [inc] 'kotlin-jvm-classpath-snapshotting-ui-unit-desktop-1.12.1.jar-d5869cd604e1cd4bf69a20a625319782eaa8ca311aabf1ddb1e830a67d9caa0f' changes: '/home/mark/Nextcloud/Documents/School/2026 - Fall/SWE/tmp/build/ic-cache/classpath-snapshots/ui-unit-desktop-1.12.1.jar-d5869cd604e1cd4bf69a20a625319782eaa8ca311aabf1ddb1e830a67d9caa0f.abi' CREATED
00:47.490 DEBUG :shared:compileJvm        IncrementalCache          [inc] 'kotlin-jvm-classpath-snapshotting-lifecycle-runtime-desktop-2.11.0.jar-b956afd2841133a7187f725bfacd90d2d246da2eaef0bddf119a417e84495242' changes: '/home/mark/Nextcloud/Documents/School/2026 - Fall/SWE/tmp/build/ic-cache/classpath-snapshots/lifecycle-runtime-desktop-2.11.0.jar-b956afd2841133a7187f725bfacd90d2d246da2eaef0bddf119a417e84495242.abi' CREATED
00:47.491 DEBUG :shared:compileJvm        IncrementalCache          [inc] building 'kotlin-jvm-classpath-snapshotting-savedstate-desktop-1.4.0.jar-0f17d1b86b95b4d85dfade26044d6b238d3d7d725ba534337667522926ab101f'
00:47.491 DEBUG :shared:compileJvm        IncrementalCache          [inc] building 'kotlin-jvm-classpath-snapshotting-animation-core-desktop-1.12.1.jar-f0768fb415f1f121a43a7a5915c26132110084c110e52ae276d710d24cdef7b5'
00:47.496 DEBUG :shared:compileJvm        IncrementalCache          [inc] 'kotlin-jvm-classpath-snapshotting-runtime-annotation-jvm-1.12.1.jar-4fc20e969ad11ae1241707d7d78592c037d79f0bccf18950a1e538254e12b4ab' changes: '/home/mark/Nextcloud/Documents/School/2026 - Fall/SWE/tmp/build/ic-cache/classpath-snapshots/runtime-annotation-jvm-1.12.1.jar-4fc20e969ad11ae1241707d7d78592c037d79f0bccf18950a1e538254e12b4ab.abi' CREATED
00:47.496 DEBUG :shared:compileJvm        IncrementalCache          [inc] building 'kotlin-jvm-classpath-snapshotting-runtime-saveable-desktop-1.12.1.jar-7dd0eff17e108278a1dadad64d056a3a8a9e06e159256b157f6f5996e93295a5'
00:47.508 DEBUG :shared:compileJvm        IncrementalCache          [inc] 'kotlin-jvm-classpath-snapshotting-lifecycle-runtime-compose-desktop-2.11.0.jar-1bf9f02cafb9cc9f8527cb73102b8b9aa6c14cb03f4b02d8de9cd9e65de7b347' changes: '/home/mark/Nextcloud/Documents/School/2026 - Fall/SWE/tmp/build/ic-cache/classpath-snapshots/lifecycle-runtime-compose-desktop-2.11.0.jar-1bf9f02cafb9cc9f8527cb73102b8b9aa6c14cb03f4b02d8de9cd9e65de7b347.abi' CREATED
00:47.509 DEBUG :shared:compileJvm        IncrementalCache          [inc] building 'kotlin-jvm-classpath-snapshotting-savedstate-compose-desktop-1.3.6.jar-24bba982034105bb74989743264599ba8597f3802d81c21f3ba8a8b07517e7da'
00:47.527 DEBUG :shared:compileJvm        IncrementalCache          [inc] 'kotlin-jvm-classpath-snapshotting-animation-desktop-1.12.1.jar-e7f939cf01c4d218cd9234d9411c0b3ab16eda210f134b549c836807eb71481e' changes: '/home/mark/Nextcloud/Documents/School/2026 - Fall/SWE/tmp/build/ic-cache/classpath-snapshots/animation-desktop-1.12.1.jar-e7f939cf01c4d218cd9234d9411c0b3ab16eda210f134b549c836807eb71481e.abi' CREATED
00:47.527 DEBUG :shared:compileJvm        IncrementalCache          [inc] building 'kotlin-jvm-classpath-snapshotting-lifecycle-common-jvm-2.11.0.jar-0817f01716da7ccfb00e42f74777b4a9a3ddd51e4efa57e4bd04ace8513e44f2'
00:47.528 DEBUG :shared:compileJvm        IncrementalCache          [inc] 'kotlin-jvm-classpath-snapshotting-savedstate-compose-desktop-1.3.6.jar-24bba982034105bb74989743264599ba8597f3802d81c21f3ba8a8b07517e7da' changes: '/home/mark/Nextcloud/Documents/School/2026 - Fall/SWE/tmp/build/ic-cache/classpath-snapshots/savedstate-compose-desktop-1.3.6.jar-24bba982034105bb74989743264599ba8597f3802d81c21f3ba8a8b07517e7da.abi' CREATED
00:47.529 DEBUG :shared:compileJvm        IncrementalCache          [inc] building 'kotlin-jvm-classpath-snapshotting-lifecycle-viewmodel-desktop-2.11.0.jar-c35771c4435af5edadce74a6ad0912326c455c0704551382a8fef93b61ff5b87'
00:47.541 DEBUG :shared:compileJvm        IncrementalCache          [inc] 'kotlin-jvm-classpath-snapshotting-runtime-saveable-desktop-1.12.1.jar-7dd0eff17e108278a1dadad64d056a3a8a9e06e159256b157f6f5996e93295a5' changes: '/home/mark/Nextcloud/Documents/School/2026 - Fall/SWE/tmp/build/ic-cache/classpath-snapshots/runtime-saveable-desktop-1.12.1.jar-7dd0eff17e108278a1dadad64d056a3a8a9e06e159256b157f6f5996e93295a5.abi' CREATED
00:47.543 DEBUG :shared:compileJvm        IncrementalCache          [inc] building 'kotlin-jvm-classpath-snapshotting-lifecycle-viewmodel-savedstate-desktop-2.11.0.jar-bf0bbd5692c547340fc98cbeb327609f3080b33def08f6bd3160444ebb282216'
00:47.550 DEBUG :shared:compileJvm        IncrementalCache          [inc] 'kotlin-jvm-classpath-snapshotting-savedstate-desktop-1.4.0.jar-0f17d1b86b95b4d85dfade26044d6b238d3d7d725ba534337667522926ab101f' changes: '/home/mark/Nextcloud/Documents/School/2026 - Fall/SWE/tmp/build/ic-cache/classpath-snapshots/savedstate-desktop-1.4.0.jar-0f17d1b86b95b4d85dfade26044d6b238d3d7d725ba534337667522926ab101f.abi' CREATED
00:47.551 DEBUG :shared:compileJvm        IncrementalCache          [inc] building 'kotlin-jvm-classpath-snapshotting-kotlinx-serialization-core-jvm-1.7.3.jar-f4b6e3451dfe88429f9f5e1964b5343587d39ee2a2c4e6088d87824efafa81dd'
00:47.555 DEBUG :shared:compileJvm        IncrementalCache          [inc] 'kotlin-jvm-classpath-snapshotting-lifecycle-common-jvm-2.11.0.jar-0817f01716da7ccfb00e42f74777b4a9a3ddd51e4efa57e4bd04ace8513e44f2' changes: '/home/mark/Nextcloud/Documents/School/2026 - Fall/SWE/tmp/build/ic-cache/classpath-snapshots/lifecycle-common-jvm-2.11.0.jar-0817f01716da7ccfb00e42f74777b4a9a3ddd51e4efa57e4bd04ace8513e44f2.abi' CREATED
00:47.556 DEBUG :shared:compileJvm        IncrementalCache          [inc] building 'kotlin-jvm-classpath-snapshotting-lifecycle-runtime-desktop-2.11.0.jar-f1630d5f2028e8d5e11028b04af87f71f97a62a4d0989d0d40de35bc45023951'
00:47.577 DEBUG :shared:compileJvm        IncrementalCache          [inc] 'kotlin-jvm-classpath-snapshotting-lifecycle-viewmodel-savedstate-desktop-2.11.0.jar-bf0bbd5692c547340fc98cbeb327609f3080b33def08f6bd3160444ebb282216' changes: '/home/mark/Nextcloud/Documents/School/2026 - Fall/SWE/tmp/build/ic-cache/classpath-snapshots/lifecycle-viewmodel-savedstate-desktop-2.11.0.jar-bf0bbd5692c547340fc98cbeb327609f3080b33def08f6bd3160444ebb282216.abi' CREATED
00:47.591 DEBUG :shared:compileJvm        IncrementalCache          [inc] 'kotlin-jvm-classpath-snapshotting-lifecycle-runtime-desktop-2.11.0.jar-f1630d5f2028e8d5e11028b04af87f71f97a62a4d0989d0d40de35bc45023951' changes: '/home/mark/Nextcloud/Documents/School/2026 - Fall/SWE/tmp/build/ic-cache/classpath-snapshots/lifecycle-runtime-desktop-2.11.0.jar-f1630d5f2028e8d5e11028b04af87f71f97a62a4d0989d0d40de35bc45023951.abi' CREATED
00:47.593 DEBUG :shared:compileJvm        IncrementalCache          [inc] building 'kotlin-jvm-classpath-snapshotting-jspecify-1.0.0.jar-3fc79634ee11f293e63a761fbfd3b248f8018d3c68d8249a72980d777f8bf13a'
00:47.594 DEBUG :shared:compileJvm        IncrementalCache          [inc] building 'kotlin-jvm-classpath-snapshotting-core-common-2.2.0.jar-0d58f5cdc5d9ade03124bfdbc23e6de87b4a2ea2bebee0086f8166ab2cadd459'
00:47.602 DEBUG :shared:compileJvm        IncrementalCache          [inc] 'kotlin-jvm-classpath-snapshotting-lifecycle-viewmodel-desktop-2.11.0.jar-c35771c4435af5edadce74a6ad0912326c455c0704551382a8fef93b61ff5b87' changes: '/home/mark/Nextcloud/Documents/School/2026 - Fall/SWE/tmp/build/ic-cache/classpath-snapshots/lifecycle-viewmodel-desktop-2.11.0.jar-c35771c4435af5edadce74a6ad0912326c455c0704551382a8fef93b61ff5b87.abi' CREATED
00:47.605 DEBUG :shared:compileJvm        IncrementalCache          [inc] 'kotlin-jvm-classpath-snapshotting-jspecify-1.0.0.jar-3fc79634ee11f293e63a761fbfd3b248f8018d3c68d8249a72980d777f8bf13a' changes: '/home/mark/Nextcloud/Documents/School/2026 - Fall/SWE/tmp/build/ic-cache/classpath-snapshots/jspecify-1.0.0.jar-3fc79634ee11f293e63a761fbfd3b248f8018d3c68d8249a72980d777f8bf13a.abi' CREATED
00:47.606 DEBUG :shared:compileJvm        IncrementalCache          [inc] 'kotlin-jvm-classpath-snapshotting-core-common-2.2.0.jar-0d58f5cdc5d9ade03124bfdbc23e6de87b4a2ea2bebee0086f8166ab2cadd459' changes: '/home/mark/Nextcloud/Documents/School/2026 - Fall/SWE/tmp/build/ic-cache/classpath-snapshots/core-common-2.2.0.jar-0d58f5cdc5d9ade03124bfdbc23e6de87b4a2ea2bebee0086f8166ab2cadd459.abi' CREATED
00:47.618 DEBUG :shared:compileJvm        IncrementalCache          [inc] 'kotlin-jvm-classpath-snapshotting-ui-graphics-desktop-1.12.1.jar-9f55c1ac6b0f426b78b71af0c14737a3182d5d31a4dfa0c1e597e642d529fc17' changes: '/home/mark/Nextcloud/Documents/School/2026 - Fall/SWE/tmp/build/ic-cache/classpath-snapshots/ui-graphics-desktop-1.12.1.jar-9f55c1ac6b0f426b78b71af0c14737a3182d5d31a4dfa0c1e597e642d529fc17.abi' CREATED
00:47.645 DEBUG :shared:compileJvm        IncrementalCache          [inc] 'kotlin-jvm-classpath-snapshotting-ui-text-desktop-1.12.1.jar-0f68b03589098ea14ca05ce8b3875bc550ec4dfde14487fd82301177343e7177' changes: '/home/mark/Nextcloud/Documents/School/2026 - Fall/SWE/tmp/build/ic-cache/classpath-snapshots/ui-text-desktop-1.12.1.jar-0f68b03589098ea14ca05ce8b3875bc550ec4dfde14487fd82301177343e7177.abi' CREATED
00:47.661 DEBUG :shared:compileJvm        IncrementalCache          [inc] 'kotlin-jvm-classpath-snapshotting-animation-core-desktop-1.12.1.jar-f0768fb415f1f121a43a7a5915c26132110084c110e52ae276d710d24cdef7b5' changes: '/home/mark/Nextcloud/Documents/School/2026 - Fall/SWE/tmp/build/ic-cache/classpath-snapshots/animation-core-desktop-1.12.1.jar-f0768fb415f1f121a43a7a5915c26132110084c110e52ae276d710d24cdef7b5.abi' CREATED
00:47.675 DEBUG :shared:compileJvm        IncrementalCache          [inc] 'kotlin-jvm-classpath-snapshotting-foundation-layout-desktop-1.12.1.jar-cefd75e089733bd3c77a7cf23cdd614df43017ec42c827801cb9bf8c38d58ff3' changes: '/home/mark/Nextcloud/Documents/School/2026 - Fall/SWE/tmp/build/ic-cache/classpath-snapshots/foundation-layout-desktop-1.12.1.jar-cefd75e089733bd3c77a7cf23cdd614df43017ec42c827801cb9bf8c38d58ff3.abi' CREATED
00:47.704 DEBUG :shared:compileJvm        IncrementalCache          [inc] 'kotlin-jvm-classpath-snapshotting-kotlinx-serialization-core-jvm-1.7.3.jar-f4b6e3451dfe88429f9f5e1964b5343587d39ee2a2c4e6088d87824efafa81dd' changes: '/home/mark/Nextcloud/Documents/School/2026 - Fall/SWE/tmp/build/ic-cache/classpath-snapshots/kotlinx-serialization-core-jvm-1.7.3.jar-f4b6e3451dfe88429f9f5e1964b5343587d39ee2a2c4e6088d87824efafa81dd.abi' CREATED
00:47.786 DEBUG :shared:compileJvm        IncrementalCache          [inc] 'kotlin-jvm-classpath-snapshotting-collection-jvm-1.5.0.jar-f5fba867836491ef4d79106c87d9c0312920e15b3c337153bc4961811bb4ab42' changes: '/home/mark/Nextcloud/Documents/School/2026 - Fall/SWE/tmp/build/ic-cache/classpath-snapshots/collection-jvm-1.5.0.jar-f5fba867836491ef4d79106c87d9c0312920e15b3c337153bc4961811bb4ab42.abi' CREATED
00:47.789 DEBUG :shared:compileJvm        IncrementalCache          [inc] 'kotlin-jvm-classpath-snapshotting-skiko-awt-0.150.1.jar-7dc6726589ca12d30e681d7efc8c4ea82513df080ffe500011ab729d34c5434e' changes: '/home/mark/Nextcloud/Documents/School/2026 - Fall/SWE/tmp/build/ic-cache/classpath-snapshots/skiko-awt-0.150.1.jar-7dc6726589ca12d30e681d7efc8c4ea82513df080ffe500011ab729d34c5434e.abi' CREATED
00:47.808 DEBUG :shared:compileJvm        IncrementalCache          [inc] 'kotlin-jvm-classpath-snapshotting-kotlinx-coroutines-core-jvm-1.11.0.jar-3e1523e6cd63e6c1bd1194cea83f24b21e6432864d96cba43f83251ba2e0bb3d' changes: '/home/mark/Nextcloud/Documents/School/2026 - Fall/SWE/tmp/build/ic-cache/classpath-snapshots/kotlinx-coroutines-core-jvm-1.11.0.jar-3e1523e6cd63e6c1bd1194cea83f24b21e6432864d96cba43f83251ba2e0bb3d.abi' CREATED
00:47.869 DEBUG :shared:compileJvm        IncrementalCache          [inc] 'kotlin-jvm-classpath-snapshotting-runtime-desktop-1.12.1.jar-643fa37e237e2cb39d9a8bdeef8e1618a9073ef434ca1576b763f995d4d59e85' changes: '/home/mark/Nextcloud/Documents/School/2026 - Fall/SWE/tmp/build/ic-cache/classpath-snapshots/runtime-desktop-1.12.1.jar-643fa37e237e2cb39d9a8bdeef8e1618a9073ef434ca1576b763f995d4d59e85.abi' CREATED
00:47.929 DEBUG :shared:compileJvm        IncrementalCache          [inc] 'kotlin-jvm-classpath-snapshotting-material3-desktop-1.12.0-alpha03.jar-d61006fb486aca5655d57bda164ce5d76602c1adc31d979691cdeb9b655d5635' changes: '/home/mark/Nextcloud/Documents/School/2026 - Fall/SWE/tmp/build/ic-cache/classpath-snapshots/material3-desktop-1.12.0-alpha03.jar-d61006fb486aca5655d57bda164ce5d76602c1adc31d979691cdeb9b655d5635.abi' CREATED
00:47.959 DEBUG :shared:compileJvm        IncrementalCache          [inc] 'kotlin-jvm-classpath-snapshotting-ui-desktop-1.12.1.jar-84ff18df284fd607d7569616f03679b241fb5eb9d6bd3630a75f503858822f5a' changes: '/home/mark/Nextcloud/Documents/School/2026 - Fall/SWE/tmp/build/ic-cache/classpath-snapshots/ui-desktop-1.12.1.jar-84ff18df284fd607d7569616f03679b241fb5eb9d6bd3630a75f503858822f5a.abi' CREATED
00:47.989 DEBUG :shared:compileJvm        IncrementalCache          [inc] 'kotlin-jvm-classpath-snapshotting-foundation-desktop-1.12.1.jar-cdb5ff75807ec6ff6f11d40e3f2e8e473863363a6682592c5016bfd51c2c53b6' changes: '/home/mark/Nextcloud/Documents/School/2026 - Fall/SWE/tmp/build/ic-cache/classpath-snapshots/foundation-desktop-1.12.1.jar-cdb5ff75807ec6ff6f11d40e3f2e8e473863363a6682592c5016bfd51c2c53b6.abi' CREATED
00:48.059 DEBUG :shared:compileJvm        IncrementalCache          [inc] 'kotlin-jvm-classpath-snapshotting-kotlin-stdlib-2.4.20.jar-3e0403e7bc108453ab9b1d5ad012ba578556d832e6a108578b4fdf53ca97e670' changes: '/home/mark/Nextcloud/Documents/School/2026 - Fall/SWE/tmp/build/ic-cache/classpath-snapshots/kotlin-stdlib-2.4.20.jar-3e0403e7bc108453ab9b1d5ad012ba578556d832e6a108578b4fdf53ca97e670.abi' CREATED
00:48.622 DEBUG :shared:compileJvm        KotlinBuildToolsApiKt     Compiling using the in-process strategy
00:48.659 DEBUG :shared:compileJvm        KotlinBuildToolsApiKt     Kotlin compiler args: -classpath /home/mark/.cache/JetBrains/Kotlin/.m2.cache/org/jetbrains/kotlin/kotlin-stdlib/2.4.20/kotlin-stdlib-2.4.20.jar:/home/mark/.cache/JetBrains/Kotlin/.m2.cache/org/jetbrains/compose/runtime/runtime-desktop/1.12.1/runtime-desktop-1.12.1.jar:/home/mark/.cache/JetBrains/Kotlin/.m2.cache/org/jetbrains/compose/foundation/foundation-desktop/1.12.1/foundation-desktop-1.12.1.jar:/home/mark/.cache/JetBrains/Kotlin/.m2.cache/org/jetbrains/compose/material3/material3-desktop/1.12.0-alpha03/material3-desktop-1.12.0-alpha03.jar:/home/mark/.cache/JetBrains/Kotlin/.m2.cache/org/jetbrains/compose/ui/ui-desktop/1.12.1/ui-desktop-1.12.1.jar:/home/mark/.cache/JetBrains/Kotlin/.m2.cache/org/jetbrains/compose/components/components-resources-desktop/1.12.1/components-resources-desktop-1.12.1.jar:/home/mark/.cache/JetBrains/Kotlin/.m2.cache/org/jetbrains/compose/ui/ui-tooling-preview-desktop/1.12.1/ui-tooling-preview-desktop-1.12.1.jar:/home/mark/.cache/JetBrains/Kotlin/.m2.cache/org/jetbrains/compose/hot-reload/hot-reload-runtime-api-jvm/1.2.0/hot-reload-runtime-api-jvm-1.2.0.jar:/home/mark/.cache/JetBrains/Kotlin/.m2.cache/org/jetbrains/androidx/lifecycle/lifecycle-viewmodel-compose-desktop/2.11.0/lifecycle-viewmodel-compose-desktop-2.11.0.jar:/home/mark/.cache/JetBrains/Kotlin/.m2.cache/org/jetbrains/androidx/lifecycle/lifecycle-runtime-compose-desktop/2.11.0/lifecycle-runtime-compose-desktop-2.11.0.jar:/home/mark/.cache/JetBrains/Kotlin/.m2.cache/org/jetbrains/annotations/23.0.0/annotations-23.0.0.jar:/home/mark/.cache/JetBrains/Kotlin/.m2.cache/androidx/compose/runtime/runtime-desktop/1.12.1/runtime-desktop-1.12.1.jar:/home/mark/.cache/JetBrains/Kotlin/.m2.cache/androidx/collection/collection-jvm/1.5.0/collection-jvm-1.5.0.jar:/home/mark/.cache/JetBrains/Kotlin/.m2.cache/org/jetbrains/compose/animation/animation-desktop/1.12.1/animation-desktop-1.12.1.jar:/home/mark/.cache/JetBrains/Kotlin/.m2.cache/org/jetbrains/skiko/skiko-awt/0.150.1/skiko-awt-0.150.1.jar:/home/mark/.cache/JetBrains/Kotlin/.m2.cache/androidx/graphics/graphics-shapes-desktop/1.1.0/graphics-shapes-desktop-1.1.0.jar:/home/mark/.cache/JetBrains/Kotlin/.m2.cache/org/jetbrains/compose/foundation/foundation-layout-desktop/1.12.1/foundation-layout-desktop-1.12.1.jar:/home/mark/.cache/JetBrains/Kotlin/.m2.cache/org/jetbrains/compose/material/material-ripple-desktop/1.12.0-beta01/material-ripple-desktop-1.12.0-beta01.jar:/home/mark/.cache/JetBrains/Kotlin/.m2.cache/org/jetbrains/compose/ui/ui-text-desktop/1.12.1/ui-text-desktop-1.12.1.jar:/home/mark/.cache/JetBrains/Kotlin/.m2.cache/androidx/annotation/annotation-jvm/1.9.1/annotation-jvm-1.9.1.jar:/home/mark/.cache/JetBrains/Kotlin/.m2.cache/androidx/compose/runtime/runtime-retain-desktop/1.12.1/runtime-retain-desktop-1.12.1.jar:/home/mark/.cache/JetBrains/Kotlin/.m2.cache/androidx/savedstate/savedstate-compose-desktop/1.4.0/savedstate-compose-desktop-1.4.0.jar:/home/mark/.cache/JetBrains/Kotlin/.m2.cache/org/jetbrains/compose/runtime/runtime-saveable-desktop/1.12.1/runtime-saveable-desktop-1.12.1.jar:/home/mark/.cache/JetBrains/Kotlin/.m2.cache/org/jetbrains/compose/ui/ui-geometry-desktop/1.12.1/ui-geometry-desktop-1.12.1.jar:/home/mark/.cache/JetBrains/Kotlin/.m2.cache/org/jetbrains/compose/ui/ui-graphics-desktop/1.12.1/ui-graphics-desktop-1.12.1.jar:/home/mark/.cache/JetBrains/Kotlin/.m2.cache/org/jetbrains/compose/ui/ui-unit-desktop/1.12.1/ui-unit-desktop-1.12.1.jar:/home/mark/.cache/JetBrains/Kotlin/.m2.cache/org/jetbrains/compose/ui/ui-util-desktop/1.12.1/ui-util-desktop-1.12.1.jar:/home/mark/.cache/JetBrains/Kotlin/.m2.cache/org/jetbrains/compose/hot-reload/hot-reload-annotations-jvm/1.2.0/hot-reload-annotations-jvm-1.2.0.jar:/home/mark/.cache/JetBrains/Kotlin/.m2.cache/androidx/lifecycle/lifecycle-viewmodel-compose-desktop/2.11.0/lifecycle-viewmodel-compose-desktop-2.11.0.jar:/home/mark/.cache/JetBrains/Kotlin/.m2.cache/org/jetbrains/androidx/lifecycle/lifecycle-common-jvm/2.11.0/lifecycle-common-jvm-2.11.0.jar:/home/mark/.cache/JetBrains/Kotlin/.m2.cache/org/jetbrains/androidx/lifecycle/lifecycle-viewmodel-desktop/2.11.0/lifecycle-viewmodel-desktop-2.11.0.jar:/home/mark/.cache/JetBrains/Kotlin/.m2.cache/org/jetbrains/androidx/lifecycle/lifecycle-viewmodel-savedstate-desktop/2.11.0/lifecycle-viewmodel-savedstate-desktop-2.11.0.jar:/home/mark/.cache/JetBrains/Kotlin/.m2.cache/androidx/lifecycle/lifecycle-runtime-compose-desktop/2.11.0/lifecycle-runtime-compose-desktop-2.11.0.jar:/home/mark/.cache/JetBrains/Kotlin/.m2.cache/org/jetbrains/androidx/lifecycle/lifecycle-runtime-desktop/2.11.0/lifecycle-runtime-desktop-2.11.0.jar:/home/mark/.cache/JetBrains/Kotlin/.m2.cache/androidx/compose/runtime/runtime-annotation-jvm/1.12.1/runtime-annotation-jvm-1.12.1.jar:/home/mark/.cache/JetBrains/Kotlin/.m2.cache/org/jetbrains/kotlinx/kotlinx-coroutines-core-jvm/1.11.0/kotlinx-coroutines-core-jvm-1.11.0.jar:/home/mark/.cache/JetBrains/Kotlin/.m2.cache/org/jetbrains/compose/animation/animation-core-desktop/1.12.1/animation-core-desktop-1.12.1.jar:/home/mark/.cache/JetBrains/Kotlin/.m2.cache/androidx/savedstate/savedstate-desktop/1.4.0/savedstate-desktop-1.4.0.jar:/home/mark/.cache/JetBrains/Kotlin/.m2.cache/androidx/compose/runtime/runtime-saveable-desktop/1.12.1/runtime-saveable-desktop-1.12.1.jar:/home/mark/.cache/JetBrains/Kotlin/.m2.cache/org/jetbrains/androidx/savedstate/savedstate-compose-desktop/1.3.6/savedstate-compose-desktop-1.3.6.jar:/home/mark/.cache/JetBrains/Kotlin/.m2.cache/androidx/lifecycle/lifecycle-common-jvm/2.11.0/lifecycle-common-jvm-2.11.0.jar:/home/mark/.cache/JetBrains/Kotlin/.m2.cache/androidx/lifecycle/lifecycle-viewmodel-desktop/2.11.0/lifecycle-viewmodel-desktop-2.11.0.jar:/home/mark/.cache/JetBrains/Kotlin/.m2.cache/androidx/lifecycle/lifecycle-viewmodel-savedstate-desktop/2.11.0/lifecycle-viewmodel-savedstate-desktop-2.11.0.jar:/home/mark/.cache/JetBrains/Kotlin/.m2.cache/org/jetbrains/kotlinx/kotlinx-serialization-core-jvm/1.7.3/kotlinx-serialization-core-jvm-1.7.3.jar:/home/mark/.cache/JetBrains/Kotlin/.m2.cache/androidx/lifecycle/lifecycle-runtime-desktop/2.11.0/lifecycle-runtime-desktop-2.11.0.jar:/home/mark/.cache/JetBrains/Kotlin/.m2.cache/org/jspecify/jspecify/1.0.0/jspecify-1.0.0.jar:/home/mark/.cache/JetBrains/Kotlin/.m2.cache/androidx/arch/core/core-common/2.2.0/core-common-2.2.0.jar -d /home/mark/Nextcloud/Documents/School/2026 - Fall/SWE/tmp/build/artifacts/CompiledJvmArtifact/sharedjvm/kotlin-output -jdk-home /home/mark/.cache/JetBrains/Kotlin/extract.cache/5cadb5bf88-OpenJDK25U-jdk_x64_linux_hotspot_25.0.4.1_1.tar.gz.a609ba.d/jdk-25.0.4.1+1 -Xjdk-release=25 -module-name shared -no-stdlib -Xfragment-refines=jvm:common -Xfragment-sources=common:/home/mark/Nextcloud/Documents/School/2026 - Fall/SWE/tmp/shared/src/Greeting.kt,common:/home/mark/Nextcloud/Documents/School/2026 - Fall/SWE/tmp/shared/src/Platform.kt,common:/home/mark/Nextcloud/Documents/School/2026 - Fall/SWE/tmp/shared/src/App.kt,common:/home/mark/Nextcloud/Documents/School/2026 - Fall/SWE/tmp/build/generated/shared/common/src/compose/resources/commonResClass/com/swe/studyplanner/resources/Res.kt,common:/home/mark/Nextcloud/Documents/School/2026 - Fall/SWE/tmp/build/generated/shared/common/src/compose/resources/collectors/com/swe/studyplanner/resources/ExpectResourceCollectors.kt,common:/home/mark/Nextcloud/Documents/School/2026 - Fall/SWE/tmp/build/generated/shared/common/src/compose/resources/accessors/com/swe/studyplanner/resources/Drawable0.common.kt,jvm:/home/mark/Nextcloud/Documents/School/2026 - Fall/SWE/tmp/shared/src@jvm/Platform.jvm.kt,jvm:/home/mark/Nextcloud/Documents/School/2026 - Fall/SWE/tmp/build/generated/shared/jvm/src/compose/resources/collectors/com/swe/studyplanner/resources/ActualResourceCollectors.kt -Xfragments=common,jvm -Xenable-incremental-compilation -Xmulti-platform -Xplugin=/home/mark/.cache/JetBrains/Kotlin/.m2.cache/org/jetbrains/kotlin/kotlin-compose-compiler-plugin-embeddable/2.4.20/kotlin-compose-compiler-plugin-embeddable-2.4.20.jar -P plugin:androidx.compose.compiler.plugins.kotlin:generateFunctionKeyMetaAnnotations=true,plugin:androidx.compose.compiler.plugins.kotlin:sourceInformation=true
00:48.663 DEBUG :shared:compileJvm        KotlinBuildToolsApiKt     Source changes: ToBeComputed
00:48.664 DEBUG :shared:compileJvm        KotlinBuildToolsApiKt     Configuration inputs: ConfigurationInputs(icConfigurationInputsSnapshot={rootProjectDir=/home/mark/Nextcloud/Documents/School/2026 - Fall/SWE/tmp, moduleBuildDir=/home/mark/Nextcloud/Documents/School/2026 - Fall/SWE/tmp/build, outputDirs=null, useFirRunner=false, unsafeIncrementalCompilationForMultiplatform=false, monotonousIncrementalCompileSetExpansion=true, usePreciseJavaTracking=false, kotlinSourceFileExtensions=kt,kts, kotlinVersion=2.4.20}, compilerArgumentsInputsSnapshot=[-P, -Xfragment-refines=jvm:common, -Xfragment-sources=common:/home/mark/Nextcloud/Documents/School/2026 - Fall/SWE/tmp/shared/src/Greeting.kt,common:/home/mark/Nextcloud/Documents/School/2026 - Fall/SWE/tmp/shared/src/Platform.kt,common:/home/mark/Nextcloud/Documents/School/2026 - Fall/SWE/tmp/shared/src/App.kt,common:/home/mark/Nextcloud/Documents/School/2026 - Fall/SWE/tmp/build/generated/shared/common/src/compose/resources/commonResClass/com/swe/studyplanner/resources/Res.kt,common:/home/mark/Nextcloud/Documents/School/2026 - Fall/SWE/tmp/build/generated/shared/common/src/compose/resources/collectors/com/swe/studyplanner/resources/ExpectResourceCollectors.kt,common:/home/mark/Nextcloud/Documents/School/2026 - Fall/SWE/tmp/build/generated/shared/common/src/compose/resources/accessors/com/swe/studyplanner/resources/Drawable0.common.kt,jvm:/home/mark/Nextcloud/Documents/School/2026 - Fall/SWE/tmp/shared/src@jvm/Platform.jvm.kt,jvm:/home/mark/Nextcloud/Documents/School/2026 - Fall/SWE/tmp/build/generated/shared/jvm/src/compose/resources/collectors/com/swe/studyplanner/resources/ActualResourceCollectors.kt, -Xfragments=common,jvm, -Xjdk-release=25, -Xmulti-platform, -Xplugin=/home/mark/.cache/JetBrains/Kotlin/.m2.cache/org/jetbrains/kotlin/kotlin-compose-compiler-plugin-embeddable/2.4.20/kotlin-compose-compiler-plugin-embeddable-2.4.20.jar, -classpath, -jdk-home, -module-name, -no-stdlib, /home/mark/.cache/JetBrains/Kotlin/.m2.cache/org/jetbrains/kotlin/kotlin-stdlib/2.4.20/kotlin-stdlib-2.4.20.jar:/home/mark/.cache/JetBrains/Kotlin/.m2.cache/org/jetbrains/compose/runtime/runtime-desktop/1.12.1/runtime-desktop-1.12.1.jar:/home/mark/.cache/JetBrains/Kotlin/.m2.cache/org/jetbrains/compose/foundation/foundation-desktop/1.12.1/foundation-desktop-1.12.1.jar:/home/mark/.cache/JetBrains/Kotlin/.m2.cache/org/jetbrains/compose/material3/material3-desktop/1.12.0-alpha03/material3-desktop-1.12.0-alpha03.jar:/home/mark/.cache/JetBrains/Kotlin/.m2.cache/org/jetbrains/compose/ui/ui-desktop/1.12.1/ui-desktop-1.12.1.jar:/home/mark/.cache/JetBrains/Kotlin/.m2.cache/org/jetbrains/compose/components/components-resources-desktop/1.12.1/components-resources-desktop-1.12.1.jar:/home/mark/.cache/JetBrains/Kotlin/.m2.cache/org/jetbrains/compose/ui/ui-tooling-preview-desktop/1.12.1/ui-tooling-preview-desktop-1.12.1.jar:/home/mark/.cache/JetBrains/Kotlin/.m2.cache/org/jetbrains/compose/hot-reload/hot-reload-runtime-api-jvm/1.2.0/hot-reload-runtime-api-jvm-1.2.0.jar:/home/mark/.cache/JetBrains/Kotlin/.m2.cache/org/jetbrains/androidx/lifecycle/lifecycle-viewmodel-compose-desktop/2.11.0/lifecycle-viewmodel-compose-desktop-2.11.0.jar:/home/mark/.cache/JetBrains/Kotlin/.m2.cache/org/jetbrains/androidx/lifecycle/lifecycle-runtime-compose-desktop/2.11.0/lifecycle-runtime-compose-desktop-2.11.0.jar:/home/mark/.cache/JetBrains/Kotlin/.m2.cache/org/jetbrains/annotations/23.0.0/annotations-23.0.0.jar:/home/mark/.cache/JetBrains/Kotlin/.m2.cache/androidx/compose/runtime/runtime-desktop/1.12.1/runtime-desktop-1.12.1.jar:/home/mark/.cache/JetBrains/Kotlin/.m2.cache/androidx/collection/collection-jvm/1.5.0/collection-jvm-1.5.0.jar:/home/mark/.cache/JetBrains/Kotlin/.m2.cache/org/jetbrains/compose/animation/animation-desktop/1.12.1/animation-desktop-1.12.1.jar:/home/mark/.cache/JetBrains/Kotlin/.m2.cache/org/jetbrains/skiko/skiko-awt/0.150.1/skiko-awt-0.150.1.jar:/home/mark/.cache/JetBrains/Kotlin/.m2.cache/androidx/graphics/graphics-shapes-desktop/1.1.0/graphics-shapes-desktop-1.1.0.jar:/home/mark/.cache/JetBrains/Kotlin/.m2.cache/org/jetbrains/compose/foundation/foundation-layout-desktop/1.12.1/foundation-layout-desktop-1.12.1.jar:/home/mark/.cache/JetBrains/Kotlin/.m2.cache/org/jetbrains/compose/material/material-ripple-desktop/1.12.0-beta01/material-ripple-desktop-1.12.0-beta01.jar:/home/mark/.cache/JetBrains/Kotlin/.m2.cache/org/jetbrains/compose/ui/ui-text-desktop/1.12.1/ui-text-desktop-1.12.1.jar:/home/mark/.cache/JetBrains/Kotlin/.m2.cache/androidx/annotation/annotation-jvm/1.9.1/annotation-jvm-1.9.1.jar:/home/mark/.cache/JetBrains/Kotlin/.m2.cache/androidx/compose/runtime/runtime-retain-desktop/1.12.1/runtime-retain-desktop-1.12.1.jar:/home/mark/.cache/JetBrains/Kotlin/.m2.cache/androidx/savedstate/savedstate-compose-desktop/1.4.0/savedstate-compose-desktop-1.4.0.jar:/home/mark/.cache/JetBrains/Kotlin/.m2.cache/org/jetbrains/compose/runtime/runtime-saveable-desktop/1.12.1/runtime-saveable-desktop-1.12.1.jar:/home/mark/.cache/JetBrains/Kotlin/.m2.cache/org/jetbrains/compose/ui/ui-geometry-desktop/1.12.1/ui-geometry-desktop-1.12.1.jar:/home/mark/.cache/JetBrains/Kotlin/.m2.cache/org/jetbrains/compose/ui/ui-graphics-desktop/1.12.1/ui-graphics-desktop-1.12.1.jar:/home/mark/.cache/JetBrains/Kotlin/.m2.cache/org/jetbrains/compose/ui/ui-unit-desktop/1.12.1/ui-unit-desktop-1.12.1.jar:/home/mark/.cache/JetBrains/Kotlin/.m2.cache/org/jetbrains/compose/ui/ui-util-desktop/1.12.1/ui-util-desktop-1.12.1.jar:/home/mark/.cache/JetBrains/Kotlin/.m2.cache/org/jetbrains/compose/hot-reload/hot-reload-annotations-jvm/1.2.0/hot-reload-annotations-jvm-1.2.0.jar:/home/mark/.cache/JetBrains/Kotlin/.m2.cache/androidx/lifecycle/lifecycle-viewmodel-compose-desktop/2.11.0/lifecycle-viewmodel-compose-desktop-2.11.0.jar:/home/mark/.cache/JetBrains/Kotlin/.m2.cache/org/jetbrains/androidx/lifecycle/lifecycle-common-jvm/2.11.0/lifecycle-common-jvm-2.11.0.jar:/home/mark/.cache/JetBrains/Kotlin/.m2.cache/org/jetbrains/androidx/lifecycle/lifecycle-viewmodel-desktop/2.11.0/lifecycle-viewmodel-desktop-2.11.0.jar:/home/mark/.cache/JetBrains/Kotlin/.m2.cache/org/jetbrains/androidx/lifecycle/lifecycle-viewmodel-savedstate-desktop/2.11.0/lifecycle-viewmodel-savedstate-desktop-2.11.0.jar:/home/mark/.cache/JetBrains/Kotlin/.m2.cache/androidx/lifecycle/lifecycle-runtime-compose-desktop/2.11.0/lifecycle-runtime-compose-desktop-2.11.0.jar:/home/mark/.cache/JetBrains/Kotlin/.m2.cache/org/jetbrains/androidx/lifecycle/lifecycle-runtime-desktop/2.11.0/lifecycle-runtime-desktop-2.11.0.jar:/home/mark/.cache/JetBrains/Kotlin/.m2.cache/androidx/compose/runtime/runtime-annotation-jvm/1.12.1/runtime-annotation-jvm-1.12.1.jar:/home/mark/.cache/JetBrains/Kotlin/.m2.cache/org/jetbrains/kotlinx/kotlinx-coroutines-core-jvm/1.11.0/kotlinx-coroutines-core-jvm-1.11.0.jar:/home/mark/.cache/JetBrains/Kotlin/.m2.cache/org/jetbrains/compose/animation/animation-core-desktop/1.12.1/animation-core-desktop-1.12.1.jar:/home/mark/.cache/JetBrains/Kotlin/.m2.cache/androidx/savedstate/savedstate-desktop/1.4.0/savedstate-desktop-1.4.0.jar:/home/mark/.cache/JetBrains/Kotlin/.m2.cache/androidx/compose/runtime/runtime-saveable-desktop/1.12.1/runtime-saveable-desktop-1.12.1.jar:/home/mark/.cache/JetBrains/Kotlin/.m2.cache/org/jetbrains/androidx/savedstate/savedstate-compose-desktop/1.3.6/savedstate-compose-desktop-1.3.6.jar:/home/mark/.cache/JetBrains/Kotlin/.m2.cache/androidx/lifecycle/lifecycle-common-jvm/2.11.0/lifecycle-common-jvm-2.11.0.jar:/home/mark/.cache/JetBrains/Kotlin/.m2.cache/androidx/lifecycle/lifecycle-viewmodel-desktop/2.11.0/lifecycle-viewmodel-desktop-2.11.0.jar:/home/mark/.cache/JetBrains/Kotlin/.m2.cache/androidx/lifecycle/lifecycle-viewmodel-savedstate-desktop/2.11.0/lifecycle-viewmodel-savedstate-desktop-2.11.0.jar:/home/mark/.cache/JetBrains/Kotlin/.m2.cache/org/jetbrains/kotlinx/kotlinx-serialization-core-jvm/1.7.3/kotlinx-serialization-core-jvm-1.7.3.jar:/home/mark/.cache/JetBrains/Kotlin/.m2.cache/androidx/lifecycle/lifecycle-runtime-desktop/2.11.0/lifecycle-runtime-desktop-2.11.0.jar:/home/mark/.cache/JetBrains/Kotlin/.m2.cache/org/jspecify/jspecify/1.0.0/jspecify-1.0.0.jar:/home/mark/.cache/JetBrains/Kotlin/.m2.cache/androidx/arch/core/core-common/2.2.0/core-common-2.2.0.jar, /home/mark/.cache/JetBrains/Kotlin/extract.cache/5cadb5bf88-OpenJDK25U-jdk_x64_linux_hotspot_25.0.4.1_1.tar.gz.a609ba.d/jdk-25.0.4.1+1, plugin:androidx.compose.compiler.plugins.kotlin:generateFunctionKeyMetaAnnotations=true,plugin:androidx.compose.compiler.plugins.kotlin:sourceInformation=true, shared])
00:48.683 INFO  :shared:compileJvm        KotlinBuildToolsApiKt     Non-incremental compilation will be performed: Unknown inputs changes
00:48.683 DEBUG :shared:compileJvm        KotlinBuildToolsApiKt     Cleaning 2 output directories
00:52.132 DEBUG :shared:compileJvm        KotlinBuildToolsApiKt     [KOTLIN] compile iteration: shared/src/Greeting.kt, shared/src/Platform.kt, shared/src/App.kt, shared/src@jvm/Platform.jvm.kt, build/generated/shared/common/src/compose/resources/commonResClass/com/swe/studyplanner/resources/Res.kt, build/generated/shared/common/src/compose/resources/collectors/com/swe/studyplanner/resources/ExpectResourceCollectors.kt, build/generated/shared/common/src/compose/resources/accessors/com/swe/studyplanner/resources/Drawable0.common.kt, build/generated/shared/jvm/src/compose/resources/collectors/com/swe/studyplanner/resources/ActualResourceCollectors.kt
00:52.133 DEBUG :shared:compileJvm        KotlinBuildToolsApiKt     Compile iteration:
00:52.133 DEBUG :shared:compileJvm        KotlinBuildToolsApiKt       shared/src/Greeting.kt
00:52.133 DEBUG :shared:compileJvm        KotlinBuildToolsApiKt       shared/src/Platform.kt
00:52.133 DEBUG :shared:compileJvm        KotlinBuildToolsApiKt       shared/src/App.kt
00:52.133 DEBUG :shared:compileJvm        KotlinBuildToolsApiKt       shared/src@jvm/Platform.jvm.kt
00:52.133 DEBUG :shared:compileJvm        KotlinBuildToolsApiKt       build/generated/shared/common/src/compose/resources/commonResClass/com/swe/studyplanner/resources/Res.kt
00:52.133 DEBUG :shared:compileJvm        KotlinBuildToolsApiKt       build/generated/shared/common/src/compose/resources/collectors/com/swe/studyplanner/resources/ExpectResourceCollectors.kt
00:52.133 DEBUG :shared:compileJvm        KotlinBuildToolsApiKt       build/generated/shared/common/src/compose/resources/accessors/com/swe/studyplanner/resources/Drawable0.common.kt
00:52.133 DEBUG :shared:compileJvm        KotlinBuildToolsApiKt       build/generated/shared/jvm/src/compose/resources/collectors/com/swe/studyplanner/resources/ActualResourceCollectors.kt
00:52.134 DEBUG :shared:compileJvm        KotlinBuildToolsApiKt     Using Kotlin home directory <no_path>
00:52.134 DEBUG :shared:compileJvm        KotlinBuildToolsApiKt     Exception on loading scripting plugin: java.lang.ClassNotFoundException: org.jetbrains.kotlin.scripting.compiler.plugin.ScriptingK2CompilerPluginRegistrar
00:52.134 DEBUG :shared:compileJvm        KotlinBuildToolsApiKt     Scripting plugin will not be loaded: not all required jars are present in the classpath (missing files: [./kotlin-scripting-compiler.jar, ./kotlin-scripting-compiler-impl.jar, ./kotlin-scripting-common.jar, ./kotlin-scripting-jvm.jar])
00:52.134 DEBUG :shared:compileJvm        KotlinBuildToolsApiKt     Configuring the compilation environment
00:52.134 DEBUG :shared:compileJvm        KotlinBuildToolsApiKt     Using JDK home directory /home/mark/.cache/JetBrains/Kotlin/extract.cache/5cadb5bf88-OpenJDK25U-jdk_x64_linux_hotspot_25.0.4.1_1.tar.gz.a609ba.d/jdk-25.0.4.1+1
00:52.134 DEBUG :shared:compileJvm        KotlinBuildToolsApiKt     Loading modules: [java.se, jdk.accessibility, jdk.attach, jdk.compiler, jdk.dynalink, jdk.httpserver, jdk.incubator.vector, jdk.jartool, jdk.javadoc, jdk.jconsole, jdk.jdi, jdk.jfr, jdk.jshell, jdk.jsobject, jdk.management, jdk.management.jfr, jdk.net, jdk.nio.mapmode, jdk.sctp, jdk.security.auth, jdk.security.jgss, jdk.unsupported, jdk.unsupported.desktop, jdk.xml.dom, java.base, java.compiler, java.datatransfer, java.desktop, java.xml, java.instrument, java.logging, java.management, java.management.rmi, java.rmi, java.naming, java.net.http, java.prefs, java.scripting, java.security.jgss, java.security.sasl, java.sql, java.transaction.xa, java.sql.rowset, java.xml.crypto, jdk.internal.jvmstat, jdk.internal.opt, jdk.zipfs, jdk.internal.md, jdk.management.agent, jdk.jdwp.agent, jdk.internal.ed, jdk.internal.le]
00:52.134 DEBUG :shared:compileJvm        KotlinBuildToolsApiKt     Output:
/home/mark/Nextcloud/Documents/School/2026 - Fall/SWE/tmp/build/artifacts/CompiledJvmArtifact/sharedjvm/kotlin-output/com/swe/studyplanner/resources/ActualResourceCollectorsKt.class
Sources:
/home/mark/Nextcloud/Documents/School/2026 - Fall/SWE/tmp/build/generated/shared/jvm/src/compose/resources/collectors/com/swe/studyplanner/resources/ActualResourceCollectors.kt
00:52.134 DEBUG :shared:compileJvm        KotlinBuildToolsApiKt     Output:
/home/mark/Nextcloud/Documents/School/2026 - Fall/SWE/tmp/build/artifacts/CompiledJvmArtifact/sharedjvm/kotlin-output/com/swe/studyplanner/JVMPlatform.class
Sources:
/home/mark/Nextcloud/Documents/School/2026 - Fall/SWE/tmp/shared/src@jvm/Platform.jvm.kt
00:52.134 DEBUG :shared:compileJvm        KotlinBuildToolsApiKt     Output:
/home/mark/Nextcloud/Documents/School/2026 - Fall/SWE/tmp/build/artifacts/CompiledJvmArtifact/sharedjvm/kotlin-output/com/swe/studyplanner/Platform_jvmKt.class
Sources:
/home/mark/Nextcloud/Documents/School/2026 - Fall/SWE/tmp/shared/src@jvm/Platform.jvm.kt
00:52.134 DEBUG :shared:compileJvm        KotlinBuildToolsApiKt     Output:
/home/mark/Nextcloud/Documents/School/2026 - Fall/SWE/tmp/build/artifacts/CompiledJvmArtifact/sharedjvm/kotlin-output/com/swe/studyplanner/resources/CommonDrawable0.class
Sources:
/home/mark/Nextcloud/Documents/School/2026 - Fall/SWE/tmp/build/generated/shared/common/src/compose/resources/accessors/com/swe/studyplanner/resources/Drawable0.common.kt
00:52.134 DEBUG :shared:compileJvm        KotlinBuildToolsApiKt     Output:
/home/mark/Nextcloud/Documents/School/2026 - Fall/SWE/tmp/build/artifacts/CompiledJvmArtifact/sharedjvm/kotlin-output/com/swe/studyplanner/resources/Drawable0_commonKt.class
Sources:
/home/mark/Nextcloud/Documents/School/2026 - Fall/SWE/tmp/build/generated/shared/common/src/compose/resources/accessors/com/swe/studyplanner/resources/Drawable0.common.kt
00:52.134 DEBUG :shared:compileJvm        KotlinBuildToolsApiKt     Output:
/home/mark/Nextcloud/Documents/School/2026 - Fall/SWE/tmp/build/artifacts/CompiledJvmArtifact/sharedjvm/kotlin-output/com/swe/studyplanner/resources/Res.class
Sources:
/home/mark/Nextcloud/Documents/School/2026 - Fall/SWE/tmp/build/generated/shared/common/src/compose/resources/commonResClass/com/swe/studyplanner/resources/Res.kt
00:52.134 DEBUG :shared:compileJvm        KotlinBuildToolsApiKt     Output:
/home/mark/Nextcloud/Documents/School/2026 - Fall/SWE/tmp/build/artifacts/CompiledJvmArtifact/sharedjvm/kotlin-output/com/swe/studyplanner/resources/Res$drawable.class
Sources:
/home/mark/Nextcloud/Documents/School/2026 - Fall/SWE/tmp/build/generated/shared/common/src/compose/resources/commonResClass/com/swe/studyplanner/resources/Res.kt
00:52.134 DEBUG :shared:compileJvm        KotlinBuildToolsApiKt     Output:
/home/mark/Nextcloud/Documents/School/2026 - Fall/SWE/tmp/build/artifacts/CompiledJvmArtifact/sharedjvm/kotlin-output/com/swe/studyplanner/resources/Res$string.class
Sources:
/home/mark/Nextcloud/Documents/School/2026 - Fall/SWE/tmp/build/generated/shared/common/src/compose/resources/commonResClass/com/swe/studyplanner/resources/Res.kt
00:52.134 DEBUG :shared:compileJvm        KotlinBuildToolsApiKt     Output:
/home/mark/Nextcloud/Documents/School/2026 - Fall/SWE/tmp/build/artifacts/CompiledJvmArtifact/sharedjvm/kotlin-output/com/swe/studyplanner/resources/Res$array.class
Sources:
/home/mark/Nextcloud/Documents/School/2026 - Fall/SWE/tmp/build/generated/shared/common/src/compose/resources/commonResClass/com/swe/studyplanner/resources/Res.kt
00:52.134 DEBUG :shared:compileJvm        KotlinBuildToolsApiKt     Output:
/home/mark/Nextcloud/Documents/School/2026 - Fall/SWE/tmp/build/artifacts/CompiledJvmArtifact/sharedjvm/kotlin-output/com/swe/studyplanner/resources/Res$plurals.class
Sources:
/home/mark/Nextcloud/Documents/School/2026 - Fall/SWE/tmp/build/generated/shared/common/src/compose/resources/commonResClass/com/swe/studyplanner/resources/Res.kt
00:52.134 DEBUG :shared:compileJvm        KotlinBuildToolsApiKt     Output:
/home/mark/Nextcloud/Documents/School/2026 - Fall/SWE/tmp/build/artifacts/CompiledJvmArtifact/sharedjvm/kotlin-output/com/swe/studyplanner/resources/Res$font.class
Sources:
/home/mark/Nextcloud/Documents/School/2026 - Fall/SWE/tmp/build/generated/shared/common/src/compose/resources/commonResClass/com/swe/studyplanner/resources/Res.kt
00:52.134 DEBUG :shared:compileJvm        KotlinBuildToolsApiKt     Output:
/home/mark/Nextcloud/Documents/School/2026 - Fall/SWE/tmp/build/artifacts/CompiledJvmArtifact/sharedjvm/kotlin-output/com/swe/studyplanner/ComposableSingletons$AppKt.class
Sources:
/home/mark/Nextcloud/Documents/School/2026 - Fall/SWE/tmp/shared/src/App.kt
00:52.134 DEBUG :shared:compileJvm        KotlinBuildToolsApiKt     Output:
/home/mark/Nextcloud/Documents/School/2026 - Fall/SWE/tmp/build/artifacts/CompiledJvmArtifact/sharedjvm/kotlin-output/com/swe/studyplanner/AppKt.class
Sources:
/home/mark/Nextcloud/Documents/School/2026 - Fall/SWE/tmp/shared/src/App.kt
00:52.134 DEBUG :shared:compileJvm        KotlinBuildToolsApiKt     Output:
/home/mark/Nextcloud/Documents/School/2026 - Fall/SWE/tmp/build/artifacts/CompiledJvmArtifact/sharedjvm/kotlin-output/com/swe/studyplanner/Greeting.class
Sources:
/home/mark/Nextcloud/Documents/School/2026 - Fall/SWE/tmp/shared/src/Greeting.kt
00:52.134 DEBUG :shared:compileJvm        KotlinBuildToolsApiKt     Output:
/home/mark/Nextcloud/Documents/School/2026 - Fall/SWE/tmp/build/artifacts/CompiledJvmArtifact/sharedjvm/kotlin-output/com/swe/studyplanner/Platform.class
Sources:
/home/mark/Nextcloud/Documents/School/2026 - Fall/SWE/tmp/shared/src/Platform.kt
00:52.134 DEBUG :shared:compileJvm        KotlinBuildToolsApiKt     Output:
/home/mark/Nextcloud/Documents/School/2026 - Fall/SWE/tmp/build/artifacts/CompiledJvmArtifact/sharedjvm/kotlin-output/META-INF/shared.kotlin_module
Sources:
/home/mark/Nextcloud/Documents/School/2026 - Fall/SWE/tmp/build/generated/shared/jvm/src/compose/resources/collectors/com/swe/studyplanner/resources/ActualResourceCollectors.kt
/home/mark/Nextcloud/Documents/School/2026 - Fall/SWE/tmp/shared/src@jvm/Platform.jvm.kt
/home/mark/Nextcloud/Documents/School/2026 - Fall/SWE/tmp/build/generated/shared/common/src/compose/resources/accessors/com/swe/studyplanner/resources/Drawable0.common.kt
/home/mark/Nextcloud/Documents/School/2026 - Fall/SWE/tmp/shared/src/App.kt
/home/mark/Nextcloud/Documents/School/2026 - Fall/SWE/tmp/build/generated/shared/common/src/compose/resources/collectors/com/swe/studyplanner/resources/ExpectResourceCollectors.kt
/home/mark/Nextcloud/Documents/School/2026 - Fall/SWE/tmp/shared/src/Platform.kt
/home/mark/Nextcloud/Documents/School/2026 - Fall/SWE/tmp/build/generated/shared/common/src/compose/resources/commonResClass/com/swe/studyplanner/resources/Res.kt
/home/mark/Nextcloud/Documents/School/2026 - Fall/SWE/tmp/shared/src/Greeting.kt
00:52.261 DEBUG :shared:compileJvm        KotlinBuildToolsApiKt     [ClasspathSnapshot] Shrunk current classpath snapshot after compilation (shrink mode = NonIncremental), retained 79 / 7911 classes
00:52.283 INFO  :shared:compileJvm        MessagesKt                Compilation successful for shared [jvm]
00:52.283 DEBUG :shared:compileJvm        JvmCompileTask            Copying resources from '/home/mark/Nextcloud/Documents/School/2026 - Fall/SWE/tmp/build/artifacts/JvmResourcesDirArtifact/sharedjvm' to '/home/mark/Nextcloud/Documents/School/2026 - Fall/SWE/tmp/build/artifacts/CompiledJvmArtifact/sharedjvm/resources-output'...
00:52.309 DEBUG :shared:compileJvm        IncrementalCache          [inc] ':shared:compileJvm' changes: '/home/mark/Nextcloud/Documents/School/2026 - Fall/SWE/tmp/build/artifacts/CompiledJvmArtifact/sharedjvm/kotlin-output/META-INF/shared.kotlin_module' CREATED, '/home/mark/Nextcloud/Documents/School/2026 - Fall/SWE/tmp/build/artifacts/CompiledJvmArtifact/sharedjvm/kotlin-output/com/swe/studyplanner/Platform_jvmKt.class' CREATED, '/home/mark/Nextcloud/Documents/School/2026 - Fall/SWE/tmp/build/artifacts/CompiledJvmArtifact/sharedjvm/kotlin-output/com/swe/studyplanner/ComposableSingletons$AppKt.class' CREATED, '/home/mark/Nextcloud/Documents/School/2026 - Fall/SWE/tmp/build/artifacts/CompiledJvmArtifact/sharedjvm/kotlin-output/com/swe/studyplanner/Platform.class' CREATED, '/home/mark/Nextcloud/Documents/School/2026 - Fall/SWE/tmp/build/artifacts/CompiledJvmArtifact/sharedjvm/kotlin-output/com/swe/studyplanner/resources/Res$array.class' CREATED, '/home/mark/Nextcloud/Documents/School/2026 - Fall/SWE/tmp/build/artifacts/CompiledJvmArtifact/sharedjvm/kotlin-output/com/swe/studyplanner/resources/Res$plurals.class' CREATED, '/home/mark/Nextcloud/Documents/School/2026 - Fall/SWE/tmp/build/artifacts/CompiledJvmArtifact/sharedjvm/kotlin-output/com/swe/studyplanner/resources/Res$string.class' CREATED, '/home/mark/Nextcloud/Documents/School/2026 - Fall/SWE/tmp/build/artifacts/CompiledJvmArtifact/sharedjvm/kotlin-output/com/swe/studyplanner/resources/Drawable0_commonKt.class' CREATED, '/home/mark/Nextcloud/Documents/School/2026 - Fall/SWE/tmp/build/artifacts/CompiledJvmArtifact/sharedjvm/kotlin-output/com/swe/studyplanner/resources/Res.class' CREATED, '/home/mark/Nextcloud/Documents/School/2026 - Fall/SWE/tmp/build/artifacts/CompiledJvmArtifact/sharedjvm/kotlin-output/com/swe/studyplanner/resources/ActualResourceCollectorsKt.class' CREATED, '/home/mark/Nextcloud/Documents/School/2026 - Fall/SWE/tmp/build/artifacts/CompiledJvmArtifact/sharedjvm/kotlin-output/com/swe/studyplanner/resources/Res$drawable.class' CREATED, '/home/mark/Nextcloud/Documents/School/2026 - Fall/SWE/tmp/build/artifacts/CompiledJvmArtifact/sharedjvm/kotlin-output/com/swe/studyplanner/resources/CommonDrawable0.class' CREATED, '/home/mark/Nextcloud/Documents/School/2026 - Fall/SWE/tmp/build/artifacts/CompiledJvmArtifact/sharedjvm/kotlin-output/com/swe/studyplanner/resources/Res$font.class' CREATED, '/home/mark/Nextcloud/Documents/School/2026 - Fall/SWE/tmp/build/artifacts/CompiledJvmArtifact/sharedjvm/kotlin-output/com/swe/studyplanner/AppKt.class' CREATED, '/home/mark/Nextcloud/Documents/School/2026 - Fall/SWE/tmp/build/artifacts/CompiledJvmArtifact/sharedjvm/kotlin-output/com/swe/studyplanner/Greeting.class' CREATED, '/home/mark/Nextcloud/Documents/School/2026 - Fall/SWE/tmp/build/artifacts/CompiledJvmArtifact/sharedjvm/kotlin-output/com/swe/studyplanner/JVMPlatform.class' CREATED, '/home/mark/Nextcloud/Documents/School/2026 - Fall/SWE/tmp/build/artifacts/CompiledJvmArtifact/sharedjvm/resources-output/composeResources/com.swe.studyplanner.resources/drawable/compose-multiplatform.xml' CREATED
00:52.310 DEBUG :desktopApp:compileJvm    JvmCompileTask            compile desktopApp -- main
00:52.310 DEBUG :shared:compileJvmTest    JvmCompileTask            compile shared -- commonTest jvmTest
00:52.311 DEBUG :desktopApp:compileJvm    JdkProvider               JAVA_HOME is not set (or empty). The Kotlin Toolchain will provision a JDK instead.
00:52.311 DEBUG :shared:compileJvmTest    JdkProvider               JAVA_HOME is not set (or empty). The Kotlin Toolchain will provision a JDK instead.
00:52.311 DEBUG :shared:compileJvmTest    IncrementalCache          [inc] building ':shared:compileJvmTest'
00:52.311 DEBUG :desktopApp:compileJvm    IncrementalCache          [inc] building ':desktopApp:compileJvm'
00:52.312 INFO  :shared:compileJvmTest    Slf4jExtensionsKt         Compiling module 'shared' for platform 'jvm'...
00:52.312 INFO  :desktopApp:compileJvm    Slf4jExtensionsKt         Compiling module 'desktopApp' for platform 'jvm'...
00:52.312 DEBUG :desktopApp:compileJvm    JvmCompileTask            Compiling Kotlin/JVM sources for module 'desktopApp'...
00:52.312 DEBUG :shared:compileJvmTest    JvmCompileTask            Compiling Kotlin/JVM sources for module 'shared'...
00:52.314 DEBUG :desktopApp:compileJvm    IncrementalCache          [inc] 'resolve-org.jetbrains.kotlin-kotlin-compose-compiler-plugin-embeddable-2.4.20' is up-to-date according to state file at '/home/mark/Nextcloud/Documents/School/2026 - Fall/SWE/tmp/build/incremental.state/resolve-org.jetbrains.kotlin-kotlin-compose-compil-f4292e0c54'
00:52.314 DEBUG :shared:jarJvm            IncrementalCache          [inc] building ':shared:jarJvm'
00:52.314 DEBUG :desktopApp:compileJvm    IncrementalCache          [inc] building 'kotlin-jvm-classpath-snapshotting-desktopApp-resources-output-c296b5bed9fcd787424acad43dab915be36698ba473b2fd848469d6284caaab0'
00:52.314 DEBUG :desktopApp:compileJvm    IncrementalCache          [inc] building 'kotlin-jvm-classpath-snapshotting-logback-core-1.6.2.jar-f7df75443925c10eeec2d1dada6bf310742cda6e6cefd2cdc8c2b1d9bae590fe'
00:52.315 DEBUG :desktopApp:compileJvm    IncrementalCache          [inc] building 'kotlin-jvm-classpath-snapshotting-logback-classic-1.6.2.jar-0775a5af98b2f50656252aae9b1b621c2c1746c7535e283a7f950cf85cebd474'
00:52.314 DEBUG :desktopApp:compileJvm    IncrementalCache          [inc] building 'kotlin-jvm-classpath-snapshotting-desktopApp-kotlin-output-d7d5cb750db4fe283963b9591a6326a0073aad7c60122ee5c03f0dc56c78b7ae'
00:52.315 DEBUG :desktopApp:compileJvm    IncrementalCache          [inc] building 'kotlin-jvm-classpath-snapshotting-desktop-jvm-1.12.1.jar-ca09c636b39fcfb7abed97f3c7bac9f3e3a4d8649b6c7e46d7a3d7978b6ac7ec'
00:52.315 DEBUG :desktopApp:compileJvm    IncrementalCache          [inc] building 'kotlin-jvm-classpath-snapshotting-slf4j-api-2.0.18.jar-80d794da5d74ce876d5b1f3079c9209c2da82b8bcfbcffe73612f6a76ec09b6d'
00:52.315 DEBUG :shared:compileJvmTest    IncrementalCache          [inc] 'resolve-org.jetbrains.kotlin-kotlin-compose-compiler-plugin-embeddable-2.4.20' is up-to-date according to state file at '/home/mark/Nextcloud/Documents/School/2026 - Fall/SWE/tmp/build/incremental.state/resolve-org.jetbrains.kotlin-kotlin-compose-compil-f4292e0c54'
00:52.315 DEBUG :desktopApp:compileJvm    IncrementalCache          [inc] building 'kotlin-jvm-classpath-snapshotting-kotlinx-coroutines-swing-1.11.0.jar-408201a10ad503e38326f72cf18df23caee62c6a12475bb791980b6d7634f525'
00:52.318 DEBUG :desktopApp:compileJvm    IncrementalCache          [inc] 'kotlin-jvm-classpath-snapshotting-annotation-jvm-1.9.1.jar-c988ea3d20c9d13e9aa5e92beed19e880515846e6dfeb5c7ec3cc81fe56d4bc3' is up-to-date according to state file at '/home/mark/Nextcloud/Documents/School/2026 - Fall/SWE/tmp/build/incremental.state/kotlin-jvm-classpath-snapshotting-annotation-jvm-1-ad70097c8d'
00:52.319 DEBUG :desktopApp:compileJvm    IncrementalCache          [inc] 'kotlin-jvm-classpath-snapshotting-kotlin-stdlib-2.4.20.jar-3e0403e7bc108453ab9b1d5ad012ba578556d832e6a108578b4fdf53ca97e670' is up-to-date according to state file at '/home/mark/Nextcloud/Documents/School/2026 - Fall/SWE/tmp/build/incremental.state/kotlin-jvm-classpath-snapshotting-kotlin-stdlib-2.-1c668d51e5'
00:52.319 DEBUG :desktopApp:compileJvm    IncrementalCache          [inc] 'kotlin-jvm-classpath-snapshotting-components-resources-desktop-1.12.1.jar-3f318b71de8b50144e115540aa45e01b594aabe3373aba7f1edb611a2c176e7c' is up-to-date according to state file at '/home/mark/Nextcloud/Documents/School/2026 - Fall/SWE/tmp/build/incremental.state/kotlin-jvm-classpath-snapshotting-components-resou-768bf983af'
00:52.319 DEBUG :desktopApp:compileJvm    IncrementalCache          [inc] 'kotlin-jvm-classpath-snapshotting-ui-tooling-preview-desktop-1.12.1.jar-08595ac93ce4f24d960097914a58e8b6861496cc9d76da733e7e6f20b909b31b' is up-to-date according to state file at '/home/mark/Nextcloud/Documents/School/2026 - Fall/SWE/tmp/build/incremental.state/kotlin-jvm-classpath-snapshotting-ui-tooling-previ-e6fe6d7b9b'
00:52.319 DEBUG :desktopApp:compileJvm    IncrementalCache          [inc] building 'kotlin-jvm-classpath-snapshotting-material-desktop-1.12.1.jar-6b5b5845ab0f269ed15edbbb42bd91e2bebec76035267dcee350b7db256cbce6'
00:52.320 DEBUG :desktopApp:compileJvm    IncrementalCache          [inc] 'kotlin-jvm-classpath-snapshotting-runtime-desktop-1.12.1.jar-619446945838a7a378b16bb7266d5fdaf21e47eb35615a71a3d43f45d880dc92' is up-to-date according to state file at '/home/mark/Nextcloud/Documents/School/2026 - Fall/SWE/tmp/build/incremental.state/kotlin-jvm-classpath-snapshotting-runtime-desktop--0704398be9'
00:52.320 DEBUG :desktopApp:compileJvm    IncrementalCache          [inc] 'kotlin-jvm-classpath-snapshotting-kotlinx-coroutines-core-jvm-1.11.0.jar-3e1523e6cd63e6c1bd1194cea83f24b21e6432864d96cba43f83251ba2e0bb3d' is up-to-date according to state file at '/home/mark/Nextcloud/Documents/School/2026 - Fall/SWE/tmp/build/incremental.state/kotlin-jvm-classpath-snapshotting-kotlinx-coroutin-a7d8f011a1'
00:52.320 DEBUG :desktopApp:compileJvm    IncrementalCache          [inc] 'kotlin-jvm-classpath-snapshotting-runtime-desktop-1.12.1.jar-643fa37e237e2cb39d9a8bdeef8e1618a9073ef434ca1576b763f995d4d59e85' is up-to-date according to state file at '/home/mark/Nextcloud/Documents/School/2026 - Fall/SWE/tmp/build/incremental.state/kotlin-jvm-classpath-snapshotting-runtime-desktop--55f9dc2d91'
00:52.321 DEBUG :desktopApp:compileJvm    IncrementalCache          [inc] 'kotlin-jvm-classpath-snapshotting-annotations-23.0.0.jar-c611a068f002f38d2089a42bf872dbb4f1c9e672af3ffe01c5b8204b8617ede8' is up-to-date according to state file at '/home/mark/Nextcloud/Documents/School/2026 - Fall/SWE/tmp/build/incremental.state/kotlin-jvm-classpath-snapshotting-annotations-23.0-3949f9ef59'
00:52.323 DEBUG :desktopApp:compileJvm    IncrementalCache          [inc] 'kotlin-jvm-classpath-snapshotting-desktop-jvm-1.12.1.jar-ca09c636b39fcfb7abed97f3c7bac9f3e3a4d8649b6c7e46d7a3d7978b6ac7ec' changes: '/home/mark/Nextcloud/Documents/School/2026 - Fall/SWE/tmp/build/ic-cache/classpath-snapshots/desktop-jvm-1.12.1.jar-ca09c636b39fcfb7abed97f3c7bac9f3e3a4d8649b6c7e46d7a3d7978b6ac7ec.abi' CREATED
00:52.323 DEBUG :desktopApp:compileJvm    IncrementalCache          [inc] building 'kotlin-jvm-classpath-snapshotting-material-ripple-desktop-1.12.1.jar-063735817ed6dc05fe6e7aa332d032130c2ca6e6d7aa72bb0796a74521c6df88'
00:52.324 DEBUG :desktopApp:compileJvm    IncrementalCache          [inc] 'kotlin-jvm-classpath-snapshotting-foundation-desktop-1.12.1.jar-cdb5ff75807ec6ff6f11d40e3f2e8e473863363a6682592c5016bfd51c2c53b6' is up-to-date according to state file at '/home/mark/Nextcloud/Documents/School/2026 - Fall/SWE/tmp/build/incremental.state/kotlin-jvm-classpath-snapshotting-foundation-deskt-618f8b070a'
00:52.326 DEBUG :desktopApp:compileJvm    IncrementalCache          [inc] 'kotlin-jvm-classpath-snapshotting-collection-jvm-1.5.0.jar-f5fba867836491ef4d79106c87d9c0312920e15b3c337153bc4961811bb4ab42' is up-to-date according to state file at '/home/mark/Nextcloud/Documents/School/2026 - Fall/SWE/tmp/build/incremental.state/kotlin-jvm-classpath-snapshotting-collection-jvm-1-4caefd5320'
00:52.327 DEBUG :desktopApp:compileJvm    IncrementalCache          [inc] 'kotlin-jvm-classpath-snapshotting-runtime-annotation-jvm-1.12.1.jar-4fc20e969ad11ae1241707d7d78592c037d79f0bccf18950a1e538254e12b4ab' is up-to-date according to state file at '/home/mark/Nextcloud/Documents/School/2026 - Fall/SWE/tmp/build/incremental.state/kotlin-jvm-classpath-snapshotting-runtime-annotati-0637e43211'
00:52.327 DEBUG :desktopApp:compileJvm    IncrementalCache          [inc] 'kotlin-jvm-classpath-snapshotting-kotlinx-coroutines-swing-1.11.0.jar-408201a10ad503e38326f72cf18df23caee62c6a12475bb791980b6d7634f525' changes: '/home/mark/Nextcloud/Documents/School/2026 - Fall/SWE/tmp/build/ic-cache/classpath-snapshots/kotlinx-coroutines-swing-1.11.0.jar-408201a10ad503e38326f72cf18df23caee62c6a12475bb791980b6d7634f525.abi' CREATED
00:52.329 DEBUG :desktopApp:compileJvm    IncrementalCache          [inc] 'kotlin-jvm-classpath-snapshotting-skiko-awt-0.150.1.jar-7dc6726589ca12d30e681d7efc8c4ea82513df080ffe500011ab729d34c5434e' is up-to-date according to state file at '/home/mark/Nextcloud/Documents/School/2026 - Fall/SWE/tmp/build/incremental.state/kotlin-jvm-classpath-snapshotting-skiko-awt-0.150.-ed8f09273c'
00:52.329 DEBUG :desktopApp:compileJvm    IncrementalCache          [inc] 'kotlin-jvm-classpath-snapshotting-animation-core-desktop-1.12.1.jar-f0768fb415f1f121a43a7a5915c26132110084c110e52ae276d710d24cdef7b5' is up-to-date according to state file at '/home/mark/Nextcloud/Documents/School/2026 - Fall/SWE/tmp/build/incremental.state/kotlin-jvm-classpath-snapshotting-animation-core-d-ba9b691081'
00:52.329 DEBUG :desktopApp:compileJvm    IncrementalCache          [inc] 'kotlin-jvm-classpath-snapshotting-animation-desktop-1.12.1.jar-e7f939cf01c4d218cd9234d9411c0b3ab16eda210f134b549c836807eb71481e' is up-to-date according to state file at '/home/mark/Nextcloud/Documents/School/2026 - Fall/SWE/tmp/build/incremental.state/kotlin-jvm-classpath-snapshotting-animation-deskto-e038137851'
00:52.330 DEBUG :desktopApp:compileJvm    IncrementalCache          [inc] 'kotlin-jvm-classpath-snapshotting-ui-desktop-1.12.1.jar-84ff18df284fd607d7569616f03679b241fb5eb9d6bd3630a75f503858822f5a' is up-to-date according to state file at '/home/mark/Nextcloud/Documents/School/2026 - Fall/SWE/tmp/build/incremental.state/kotlin-jvm-classpath-snapshotting-ui-desktop-1.12.-fd447ee840'
00:52.330 DEBUG :desktopApp:compileJvm    IncrementalCache          [inc] 'kotlin-jvm-classpath-snapshotting-ui-text-desktop-1.12.1.jar-0f68b03589098ea14ca05ce8b3875bc550ec4dfde14487fd82301177343e7177' is up-to-date according to state file at '/home/mark/Nextcloud/Documents/School/2026 - Fall/SWE/tmp/build/incremental.state/kotlin-jvm-classpath-snapshotting-ui-text-desktop--d5f903bf4a'
00:52.333 DEBUG :desktopApp:compileJvm    IncrementalCache          [inc] 'kotlin-jvm-classpath-snapshotting-desktopApp-resources-output-c296b5bed9fcd787424acad43dab915be36698ba473b2fd848469d6284caaab0' changes: '/home/mark/Nextcloud/Documents/School/2026 - Fall/SWE/tmp/build/ic-cache/classpath-snapshots/desktopApp-resources-output-c296b5bed9fcd787424acad43dab915be36698ba473b2fd848469d6284caaab0.abi' CREATED
00:52.334 DEBUG :desktopApp:compileJvm    IncrementalCache          [inc] 'kotlin-jvm-classpath-snapshotting-savedstate-compose-desktop-1.4.0.jar-3d58ae837260932d6ed411fe9c8f58f7bdbbb2a2c9f61348af4f98576c946901' is up-to-date according to state file at '/home/mark/Nextcloud/Documents/School/2026 - Fall/SWE/tmp/build/incremental.state/kotlin-jvm-classpath-snapshotting-savedstate-compo-0bb9ac7d27'
00:52.335 DEBUG :desktopApp:compileJvm    IncrementalCache          [inc] 'kotlin-jvm-classpath-snapshotting-desktopApp-kotlin-output-d7d5cb750db4fe283963b9591a6326a0073aad7c60122ee5c03f0dc56c78b7ae' changes: '/home/mark/Nextcloud/Documents/School/2026 - Fall/SWE/tmp/build/ic-cache/classpath-snapshots/desktopApp-kotlin-output-d7d5cb750db4fe283963b9591a6326a0073aad7c60122ee5c03f0dc56c78b7ae.abi' CREATED
00:52.335 DEBUG :desktopApp:compileJvm    IncrementalCache          [inc] 'kotlin-jvm-classpath-snapshotting-ui-geometry-desktop-1.12.1.jar-8edb499980c861a88acffcb08fe4b2a4c7853f003027f74267c740c916ace724' is up-to-date according to state file at '/home/mark/Nextcloud/Documents/School/2026 - Fall/SWE/tmp/build/incremental.state/kotlin-jvm-classpath-snapshotting-ui-geometry-desk-0079560d17'
00:52.335 DEBUG :desktopApp:compileJvm    IncrementalCache          [inc] 'kotlin-jvm-classpath-snapshotting-runtime-saveable-desktop-1.12.1.jar-afa8ecbce041cccee391d0d78f92ece86cc01bf81178f8b355d35163073aa2e6' is up-to-date according to state file at '/home/mark/Nextcloud/Documents/School/2026 - Fall/SWE/tmp/build/incremental.state/kotlin-jvm-classpath-snapshotting-runtime-saveable-54acc8cc58'
00:52.337 DEBUG :desktopApp:compileJvm    IncrementalCache          [inc] 'kotlin-jvm-classpath-snapshotting-slf4j-api-2.0.18.jar-80d794da5d74ce876d5b1f3079c9209c2da82b8bcfbcffe73612f6a76ec09b6d' changes: '/home/mark/Nextcloud/Documents/School/2026 - Fall/SWE/tmp/build/ic-cache/classpath-snapshots/slf4j-api-2.0.18.jar-80d794da5d74ce876d5b1f3079c9209c2da82b8bcfbcffe73612f6a76ec09b6d.abi' CREATED
00:52.337 DEBUG :desktopApp:compileJvm    IncrementalCache          [inc] 'kotlin-jvm-classpath-snapshotting-ui-unit-desktop-1.12.1.jar-d5869cd604e1cd4bf69a20a625319782eaa8ca311aabf1ddb1e830a67d9caa0f' is up-to-date according to state file at '/home/mark/Nextcloud/Documents/School/2026 - Fall/SWE/tmp/build/incremental.state/kotlin-jvm-classpath-snapshotting-ui-unit-desktop--4a7dbcd9a6'
00:52.337 DEBUG :desktopApp:compileJvm    IncrementalCache          [inc] 'kotlin-jvm-classpath-snapshotting-runtime-retain-desktop-1.12.1.jar-581aa0a1d899d8fa10b2b8d4bba4f598811a835456915b1eabe5b5458c7edccd' is up-to-date according to state file at '/home/mark/Nextcloud/Documents/School/2026 - Fall/SWE/tmp/build/incremental.state/kotlin-jvm-classpath-snapshotting-runtime-retain-d-479ceb4e65'
00:52.338 DEBUG :desktopApp:compileJvm    IncrementalCache          [inc] 'kotlin-jvm-classpath-snapshotting-ui-util-desktop-1.12.1.jar-44f601e07be29a6be7b7834bd7c6b87481287fd4778a79de98e729f7cd1aaf58' is up-to-date according to state file at '/home/mark/Nextcloud/Documents/School/2026 - Fall/SWE/tmp/build/incremental.state/kotlin-jvm-classpath-snapshotting-ui-util-desktop--ec7aa7e637'
00:52.339 DEBUG :desktopApp:compileJvm    IncrementalCache          [inc] 'kotlin-jvm-classpath-snapshotting-ui-graphics-desktop-1.12.1.jar-9f55c1ac6b0f426b78b71af0c14737a3182d5d31a4dfa0c1e597e642d529fc17' is up-to-date according to state file at '/home/mark/Nextcloud/Documents/School/2026 - Fall/SWE/tmp/build/incremental.state/kotlin-jvm-classpath-snapshotting-ui-graphics-desk-cb6a79848d'
00:52.340 DEBUG :desktopApp:compileJvm    IncrementalCache          [inc] 'kotlin-jvm-classpath-snapshotting-lifecycle-runtime-compose-desktop-2.11.0.jar-133773c420943d2141b8a7c84a1580012990a5fa1497aa7974fcce28fd719404' is up-to-date according to state file at '/home/mark/Nextcloud/Documents/School/2026 - Fall/SWE/tmp/build/incremental.state/kotlin-jvm-classpath-snapshotting-lifecycle-runtim-0c256efe8f'
00:52.344 DEBUG :desktopApp:compileJvm    IncrementalCache          [inc] 'kotlin-jvm-classpath-snapshotting-foundation-layout-desktop-1.12.1.jar-cefd75e089733bd3c77a7cf23cdd614df43017ec42c827801cb9bf8c38d58ff3' is up-to-date according to state file at '/home/mark/Nextcloud/Documents/School/2026 - Fall/SWE/tmp/build/incremental.state/kotlin-jvm-classpath-snapshotting-foundation-layou-2ca00ba51e'
00:52.346 DEBUG :shared:jarJvm            IncrementalCache          [inc] ':shared:jarJvm' changes: '/home/mark/Nextcloud/Documents/School/2026 - Fall/SWE/tmp/build/tasks/_shared_jarJvm/shared-jvm.jar' CREATED
00:52.346 DEBUG :desktopApp:compileJvm    IncrementalCache          [inc] 'kotlin-jvm-classpath-snapshotting-lifecycle-runtime-compose-desktop-2.11.0.jar-1bf9f02cafb9cc9f8527cb73102b8b9aa6c14cb03f4b02d8de9cd9e65de7b347' is up-to-date according to state file at '/home/mark/Nextcloud/Documents/School/2026 - Fall/SWE/tmp/build/incremental.state/kotlin-jvm-classpath-snapshotting-lifecycle-runtim-dc199158e0'
00:52.346 DEBUG :desktopApp:compileJvm    IncrementalCache          [inc] 'kotlin-jvm-classpath-snapshotting-lifecycle-runtime-desktop-2.11.0.jar-b956afd2841133a7187f725bfacd90d2d246da2eaef0bddf119a417e84495242' is up-to-date according to state file at '/home/mark/Nextcloud/Documents/School/2026 - Fall/SWE/tmp/build/incremental.state/kotlin-jvm-classpath-snapshotting-lifecycle-runtim-db69543ad9'
00:52.346 DEBUG :desktopApp:compileJvm    IncrementalCache          [inc] 'kotlin-jvm-classpath-snapshotting-material-ripple-desktop-1.12.1.jar-063735817ed6dc05fe6e7aa332d032130c2ca6e6d7aa72bb0796a74521c6df88' changes: '/home/mark/Nextcloud/Documents/School/2026 - Fall/SWE/tmp/build/ic-cache/classpath-snapshots/material-ripple-desktop-1.12.1.jar-063735817ed6dc05fe6e7aa332d032130c2ca6e6d7aa72bb0796a74521c6df88.abi' CREATED
00:52.346 DEBUG :desktopApp:compileJvm    IncrementalCache          [inc] 'kotlin-jvm-classpath-snapshotting-savedstate-desktop-1.4.0.jar-0f17d1b86b95b4d85dfade26044d6b238d3d7d725ba534337667522926ab101f' is up-to-date according to state file at '/home/mark/Nextcloud/Documents/School/2026 - Fall/SWE/tmp/build/incremental.state/kotlin-jvm-classpath-snapshotting-savedstate-deskt-055505b1cb'
00:52.347 DEBUG :desktopApp:compileJvm    IncrementalCache          [inc] 'kotlin-jvm-classpath-snapshotting-lifecycle-runtime-desktop-2.11.0.jar-f1630d5f2028e8d5e11028b04af87f71f97a62a4d0989d0d40de35bc45023951' is up-to-date according to state file at '/home/mark/Nextcloud/Documents/School/2026 - Fall/SWE/tmp/build/incremental.state/kotlin-jvm-classpath-snapshotting-lifecycle-runtim-20623d023e'
00:52.347 DEBUG :desktopApp:compileJvm    IncrementalCache          [inc] 'kotlin-jvm-classpath-snapshotting-kotlinx-serialization-core-jvm-1.7.3.jar-f4b6e3451dfe88429f9f5e1964b5343587d39ee2a2c4e6088d87824efafa81dd' is up-to-date according to state file at '/home/mark/Nextcloud/Documents/School/2026 - Fall/SWE/tmp/build/incremental.state/kotlin-jvm-classpath-snapshotting-kotlinx-serializ-9115b0d9b9'
00:52.347 DEBUG :desktopApp:compileJvm    IncrementalCache          [inc] 'kotlin-jvm-classpath-snapshotting-logback-classic-1.6.2.jar-0775a5af98b2f50656252aae9b1b621c2c1746c7535e283a7f950cf85cebd474' changes: '/home/mark/Nextcloud/Documents/School/2026 - Fall/SWE/tmp/build/ic-cache/classpath-snapshots/logback-classic-1.6.2.jar-0775a5af98b2f50656252aae9b1b621c2c1746c7535e283a7f950cf85cebd474.abi' CREATED
00:52.348 DEBUG :shared:compileJvmTest    IncrementalCache          [inc] building 'kotlin-jvm-classpath-snapshotting-shared-test-resources-output-c296b5bed9fcd787424acad43dab915be36698ba473b2fd848469d6284caaab0'
00:52.348 DEBUG :desktopApp:compileJvm    IncrementalCache          [inc] 'kotlin-jvm-classpath-snapshotting-savedstate-compose-desktop-1.3.6.jar-24bba982034105bb74989743264599ba8597f3802d81c21f3ba8a8b07517e7da' is up-to-date according to state file at '/home/mark/Nextcloud/Documents/School/2026 - Fall/SWE/tmp/build/incremental.state/kotlin-jvm-classpath-snapshotting-savedstate-compo-3601362e8d'
00:52.348 DEBUG :shared:compileJvmTest    IncrementalCache          [inc] building 'kotlin-jvm-classpath-snapshotting-shared-test-kotlin-output-d7d5cb750db4fe283963b9591a6326a0073aad7c60122ee5c03f0dc56c78b7ae'
00:52.348 DEBUG :desktopApp:compileJvm    IncrementalCache          [inc] 'kotlin-jvm-classpath-snapshotting-core-common-2.2.0.jar-0d58f5cdc5d9ade03124bfdbc23e6de87b4a2ea2bebee0086f8166ab2cadd459' is up-to-date according to state file at '/home/mark/Nextcloud/Documents/School/2026 - Fall/SWE/tmp/build/incremental.state/kotlin-jvm-classpath-snapshotting-core-common-2.2.-9c37a80198'
00:52.349 DEBUG :desktopApp:compileJvm    IncrementalCache          [inc] 'kotlin-jvm-classpath-snapshotting-lifecycle-common-jvm-2.11.0.jar-0817f01716da7ccfb00e42f74777b4a9a3ddd51e4efa57e4bd04ace8513e44f2' is up-to-date according to state file at '/home/mark/Nextcloud/Documents/School/2026 - Fall/SWE/tmp/build/incremental.state/kotlin-jvm-classpath-snapshotting-lifecycle-common-b03b1868a1'
00:52.349 DEBUG :desktopApp:compileJvm    IncrementalCache          [inc] 'kotlin-jvm-classpath-snapshotting-runtime-saveable-desktop-1.12.1.jar-7dd0eff17e108278a1dadad64d056a3a8a9e06e159256b157f6f5996e93295a5' is up-to-date according to state file at '/home/mark/Nextcloud/Documents/School/2026 - Fall/SWE/tmp/build/incremental.state/kotlin-jvm-classpath-snapshotting-runtime-saveable-3ce8748f80'
00:52.350 DEBUG :shared:compileJvmTest    IncrementalCache          [inc] building 'kotlin-jvm-classpath-snapshotting-kotlin-test-junit5-2.4.20.jar-0d45c8d6cdf8299a00225fd4ec9112f363e002afae0747b0b3f5362fd984d1f5'
00:52.351 DEBUG :desktopApp:compileJvm    IncrementalCache          [inc] 'kotlin-jvm-classpath-snapshotting-lifecycle-common-jvm-2.11.0.jar-893b0b4ef05a8d86ab5c144f1b5dee6cb1d93158cd0f6783383bcdbc811cc1f2' is up-to-date according to state file at '/home/mark/Nextcloud/Documents/School/2026 - Fall/SWE/tmp/build/incremental.state/kotlin-jvm-classpath-snapshotting-lifecycle-common-f01d1e752e'
00:52.353 DEBUG :shared:compileJvmTest    IncrementalCache          [inc] 'kotlin-jvm-classpath-snapshotting-runtime-desktop-1.12.1.jar-619446945838a7a378b16bb7266d5fdaf21e47eb35615a71a3d43f45d880dc92' is up-to-date according to state file at '/home/mark/Nextcloud/Documents/School/2026 - Fall/SWE/tmp/build/incremental.state/kotlin-jvm-classpath-snapshotting-runtime-desktop--0704398be9'
00:52.355 DEBUG :desktopApp:compileJvm    IncrementalCache          [inc] 'kotlin-jvm-classpath-snapshotting-jspecify-1.0.0.jar-3fc79634ee11f293e63a761fbfd3b248f8018d3c68d8249a72980d777f8bf13a' is up-to-date according to state file at '/home/mark/Nextcloud/Documents/School/2026 - Fall/SWE/tmp/build/incremental.state/kotlin-jvm-classpath-snapshotting-jspecify-1.0.0.j-a82ae80762'
00:52.355 DEBUG :shared:compileJvmTest    IncrementalCache          [inc] 'kotlin-jvm-classpath-snapshotting-components-resources-desktop-1.12.1.jar-3f318b71de8b50144e115540aa45e01b594aabe3373aba7f1edb611a2c176e7c' is up-to-date according to state file at '/home/mark/Nextcloud/Documents/School/2026 - Fall/SWE/tmp/build/incremental.state/kotlin-jvm-classpath-snapshotting-components-resou-768bf983af'
00:52.355 DEBUG :shared:compileJvmTest    IncrementalCache          [inc] building 'kotlin-jvm-classpath-snapshotting-kotlin-test-2.4.20.jar-bc6efeff4e66e51af19771e73e535d406ea5dcad9554db51d6114eb45b7eb045'
00:52.356 DEBUG :shared:compileJvmTest    IncrementalCache          [inc] building 'kotlin-jvm-classpath-snapshotting-junit-jupiter-api-5.10.1.jar-c7ea205b09b14a956f046f5401bc4d16bdd6ab284024b0cc34ff6a7fbef9e095'
00:52.357 DEBUG :shared:compileJvmTest    IncrementalCache          [inc] 'kotlin-jvm-classpath-snapshotting-ui-tooling-preview-desktop-1.12.1.jar-08595ac93ce4f24d960097914a58e8b6861496cc9d76da733e7e6f20b909b31b' is up-to-date according to state file at '/home/mark/Nextcloud/Documents/School/2026 - Fall/SWE/tmp/build/incremental.state/kotlin-jvm-classpath-snapshotting-ui-tooling-previ-e6fe6d7b9b'
00:52.357 DEBUG :shared:compileJvmTest    IncrementalCache          [inc] 'kotlin-jvm-classpath-snapshotting-foundation-desktop-1.12.1.jar-cdb5ff75807ec6ff6f11d40e3f2e8e473863363a6682592c5016bfd51c2c53b6' is up-to-date according to state file at '/home/mark/Nextcloud/Documents/School/2026 - Fall/SWE/tmp/build/incremental.state/kotlin-jvm-classpath-snapshotting-foundation-deskt-618f8b070a'
00:52.357 DEBUG :shared:compileJvmTest    IncrementalCache          [inc] 'kotlin-jvm-classpath-snapshotting-hot-reload-runtime-api-jvm-1.2.0.jar-51d3641bae080cf030252f79146d22b978026a8ed26ee836b980ddc6a44a7c9f' is up-to-date according to state file at '/home/mark/Nextcloud/Documents/School/2026 - Fall/SWE/tmp/build/incremental.state/kotlin-jvm-classpath-snapshotting-hot-reload-runti-3ae3501b8d'
00:52.358 DEBUG :shared:compileJvmTest    IncrementalCache          [inc] building 'kotlin-jvm-classpath-snapshotting-junit-platform-commons-1.10.1.jar-5a54b15c0e1ba564db96a75db946fe81e98b546c667ca49cce31fddd561f2a2b'
00:52.358 DEBUG :shared:compileJvmTest    IncrementalCache          [inc] 'kotlin-jvm-classpath-snapshotting-material3-desktop-1.12.0-alpha03.jar-d61006fb486aca5655d57bda164ce5d76602c1adc31d979691cdeb9b655d5635' is up-to-date according to state file at '/home/mark/Nextcloud/Documents/School/2026 - Fall/SWE/tmp/build/incremental.state/kotlin-jvm-classpath-snapshotting-material3-deskto-3cbfe6289e'
00:52.358 DEBUG :shared:compileJvmTest    IncrementalCache          [inc] building 'kotlin-jvm-classpath-snapshotting-apiguardian-api-1.1.2.jar-f3857e671d5b509380af17eea838d69cff37ec83621a80e6088815132ee19d89'
00:52.359 DEBUG :shared:compileJvmTest    IncrementalCache          [inc] building 'kotlin-jvm-classpath-snapshotting-opentest4j-1.3.0.jar-99a2967583fe9ebc44f4021994763b27fdff48030379922b6d02db584ebe15d2'
00:52.359 DEBUG :shared:compileJvmTest    IncrementalCache          [inc] 'kotlin-jvm-classpath-snapshotting-lifecycle-viewmodel-compose-desktop-2.11.0.jar-ce0498be95df30f0c1f3f961f05b96c6e0f07f18788615e038927fd7e3e69c9d' is up-to-date according to state file at '/home/mark/Nextcloud/Documents/School/2026 - Fall/SWE/tmp/build/incremental.state/kotlin-jvm-classpath-snapshotting-lifecycle-viewmo-bab9dd571d'
00:52.359 DEBUG :shared:compileJvmTest    IncrementalCache          [inc] 'kotlin-jvm-classpath-snapshotting-lifecycle-runtime-compose-desktop-2.11.0.jar-133773c420943d2141b8a7c84a1580012990a5fa1497aa7974fcce28fd719404' is up-to-date according to state file at '/home/mark/Nextcloud/Documents/School/2026 - Fall/SWE/tmp/build/incremental.state/kotlin-jvm-classpath-snapshotting-lifecycle-runtim-0c256efe8f'
00:52.360 DEBUG :shared:compileJvmTest    IncrementalCache          [inc] 'kotlin-jvm-classpath-snapshotting-kotlin-stdlib-2.4.20.jar-3e0403e7bc108453ab9b1d5ad012ba578556d832e6a108578b4fdf53ca97e670' is up-to-date according to state file at '/home/mark/Nextcloud/Documents/School/2026 - Fall/SWE/tmp/build/incremental.state/kotlin-jvm-classpath-snapshotting-kotlin-stdlib-2.-1c668d51e5'
00:52.373 DEBUG :shared:compileJvmTest    IncrementalCache          [inc] 'kotlin-jvm-classpath-snapshotting-annotations-23.0.0.jar-c611a068f002f38d2089a42bf872dbb4f1c9e672af3ffe01c5b8204b8617ede8' is up-to-date according to state file at '/home/mark/Nextcloud/Documents/School/2026 - Fall/SWE/tmp/build/incremental.state/kotlin-jvm-classpath-snapshotting-annotations-23.0-3949f9ef59'
00:52.373 DEBUG :shared:compileJvmTest    IncrementalCache          [inc] 'kotlin-jvm-classpath-snapshotting-shared-test-resources-output-c296b5bed9fcd787424acad43dab915be36698ba473b2fd848469d6284caaab0' changes: '/home/mark/Nextcloud/Documents/School/2026 - Fall/SWE/tmp/build/ic-cache/classpath-snapshots/shared-test-resources-output-c296b5bed9fcd787424acad43dab915be36698ba473b2fd848469d6284caaab0.abi' CREATED
00:52.374 DEBUG :shared:compileJvmTest    IncrementalCache          [inc] 'kotlin-jvm-classpath-snapshotting-ui-desktop-1.12.1.jar-84ff18df284fd607d7569616f03679b241fb5eb9d6bd3630a75f503858822f5a' is up-to-date according to state file at '/home/mark/Nextcloud/Documents/School/2026 - Fall/SWE/tmp/build/incremental.state/kotlin-jvm-classpath-snapshotting-ui-desktop-1.12.-fd447ee840'
00:52.373 DEBUG :shared:compileJvmTest    IncrementalCache          [inc] 'kotlin-jvm-classpath-snapshotting-runtime-desktop-1.12.1.jar-643fa37e237e2cb39d9a8bdeef8e1618a9073ef434ca1576b763f995d4d59e85' is up-to-date according to state file at '/home/mark/Nextcloud/Documents/School/2026 - Fall/SWE/tmp/build/incremental.state/kotlin-jvm-classpath-snapshotting-runtime-desktop--55f9dc2d91'
00:52.374 DEBUG :shared:compileJvmTest    IncrementalCache          [inc] 'kotlin-jvm-classpath-snapshotting-shared-test-kotlin-output-d7d5cb750db4fe283963b9591a6326a0073aad7c60122ee5c03f0dc56c78b7ae' changes: '/home/mark/Nextcloud/Documents/School/2026 - Fall/SWE/tmp/build/ic-cache/classpath-snapshots/shared-test-kotlin-output-d7d5cb750db4fe283963b9591a6326a0073aad7c60122ee5c03f0dc56c78b7ae.abi' CREATED
00:52.376 DEBUG :shared:compileJvmTest    IncrementalCache          [inc] 'kotlin-jvm-classpath-snapshotting-collection-jvm-1.5.0.jar-f5fba867836491ef4d79106c87d9c0312920e15b3c337153bc4961811bb4ab42' is up-to-date according to state file at '/home/mark/Nextcloud/Documents/School/2026 - Fall/SWE/tmp/build/incremental.state/kotlin-jvm-classpath-snapshotting-collection-jvm-1-4caefd5320'
00:52.378 DEBUG :shared:compileJvmTest    IncrementalCache          [inc] 'kotlin-jvm-classpath-snapshotting-skiko-awt-0.150.1.jar-7dc6726589ca12d30e681d7efc8c4ea82513df080ffe500011ab729d34c5434e' is up-to-date according to state file at '/home/mark/Nextcloud/Documents/School/2026 - Fall/SWE/tmp/build/incremental.state/kotlin-jvm-classpath-snapshotting-skiko-awt-0.150.-ed8f09273c'
00:52.380 DEBUG :shared:compileJvmTest    IncrementalCache          [inc] 'kotlin-jvm-classpath-snapshotting-kotlin-test-junit5-2.4.20.jar-0d45c8d6cdf8299a00225fd4ec9112f363e002afae0747b0b3f5362fd984d1f5' changes: '/home/mark/Nextcloud/Documents/School/2026 - Fall/SWE/tmp/build/ic-cache/classpath-snapshots/kotlin-test-junit5-2.4.20.jar-0d45c8d6cdf8299a00225fd4ec9112f363e002afae0747b0b3f5362fd984d1f5.abi' CREATED
00:52.380 DEBUG :shared:compileJvmTest    IncrementalCache          [inc] 'kotlin-jvm-classpath-snapshotting-foundation-layout-desktop-1.12.1.jar-cefd75e089733bd3c77a7cf23cdd614df43017ec42c827801cb9bf8c38d58ff3' is up-to-date according to state file at '/home/mark/Nextcloud/Documents/School/2026 - Fall/SWE/tmp/build/incremental.state/kotlin-jvm-classpath-snapshotting-foundation-layou-2ca00ba51e'
00:52.380 DEBUG :shared:compileJvmTest    IncrementalCache          [inc] 'kotlin-jvm-classpath-snapshotting-material-ripple-desktop-1.12.0-beta01.jar-b6d4833bccd9696ac9de136546cd52c33c62dc045d15ff47f5af36f62afae335' is up-to-date according to state file at '/home/mark/Nextcloud/Documents/School/2026 - Fall/SWE/tmp/build/incremental.state/kotlin-jvm-classpath-snapshotting-material-ripple--1bb60e3e8e'
00:52.381 DEBUG :shared:compileJvmTest    IncrementalCache          [inc] 'kotlin-jvm-classpath-snapshotting-ui-text-desktop-1.12.1.jar-0f68b03589098ea14ca05ce8b3875bc550ec4dfde14487fd82301177343e7177' is up-to-date according to state file at '/home/mark/Nextcloud/Documents/School/2026 - Fall/SWE/tmp/build/incremental.state/kotlin-jvm-classpath-snapshotting-ui-text-desktop--d5f903bf4a'
00:52.381 DEBUG :desktopApp:compileJvm    IncrementalCache          [inc] 'kotlin-jvm-classpath-snapshotting-logback-core-1.6.2.jar-f7df75443925c10eeec2d1dada6bf310742cda6e6cefd2cdc8c2b1d9bae590fe' changes: '/home/mark/Nextcloud/Documents/School/2026 - Fall/SWE/tmp/build/ic-cache/classpath-snapshots/logback-core-1.6.2.jar-f7df75443925c10eeec2d1dada6bf310742cda6e6cefd2cdc8c2b1d9bae590fe.abi' CREATED
00:52.381 DEBUG :shared:compileJvmTest    IncrementalCache          [inc] 'kotlin-jvm-classpath-snapshotting-animation-desktop-1.12.1.jar-e7f939cf01c4d218cd9234d9411c0b3ab16eda210f134b549c836807eb71481e' is up-to-date according to state file at '/home/mark/Nextcloud/Documents/School/2026 - Fall/SWE/tmp/build/incremental.state/kotlin-jvm-classpath-snapshotting-animation-deskto-e038137851'
00:52.382 DEBUG :shared:compileJvmTest    IncrementalCache          [inc] 'kotlin-jvm-classpath-snapshotting-graphics-shapes-desktop-1.1.0.jar-213c55fb5365763b069ef342ae694532be2f64167247fd0e7909cb767654470e' is up-to-date according to state file at '/home/mark/Nextcloud/Documents/School/2026 - Fall/SWE/tmp/build/incremental.state/kotlin-jvm-classpath-snapshotting-graphics-shapes--e62997c067'
00:52.383 DEBUG :shared:compileJvmTest    IncrementalCache          [inc] 'kotlin-jvm-classpath-snapshotting-annotation-jvm-1.9.1.jar-c988ea3d20c9d13e9aa5e92beed19e880515846e6dfeb5c7ec3cc81fe56d4bc3' is up-to-date according to state file at '/home/mark/Nextcloud/Documents/School/2026 - Fall/SWE/tmp/build/incremental.state/kotlin-jvm-classpath-snapshotting-annotation-jvm-1-ad70097c8d'
00:52.383 DEBUG :shared:compileJvmTest    IncrementalCache          [inc] 'kotlin-jvm-classpath-snapshotting-runtime-retain-desktop-1.12.1.jar-581aa0a1d899d8fa10b2b8d4bba4f598811a835456915b1eabe5b5458c7edccd' is up-to-date according to state file at '/home/mark/Nextcloud/Documents/School/2026 - Fall/SWE/tmp/build/incremental.state/kotlin-jvm-classpath-snapshotting-runtime-retain-d-479ceb4e65'
00:52.384 DEBUG :shared:compileJvmTest    IncrementalCache          [inc] 'kotlin-jvm-classpath-snapshotting-savedstate-compose-desktop-1.4.0.jar-3d58ae837260932d6ed411fe9c8f58f7bdbbb2a2c9f61348af4f98576c946901' is up-to-date according to state file at '/home/mark/Nextcloud/Documents/School/2026 - Fall/SWE/tmp/build/incremental.state/kotlin-jvm-classpath-snapshotting-savedstate-compo-0bb9ac7d27'
00:52.385 DEBUG :shared:compileJvmTest    IncrementalCache          [inc] 'kotlin-jvm-classpath-snapshotting-opentest4j-1.3.0.jar-99a2967583fe9ebc44f4021994763b27fdff48030379922b6d02db584ebe15d2' changes: '/home/mark/Nextcloud/Documents/School/2026 - Fall/SWE/tmp/build/ic-cache/classpath-snapshots/opentest4j-1.3.0.jar-99a2967583fe9ebc44f4021994763b27fdff48030379922b6d02db584ebe15d2.abi' CREATED
00:52.386 DEBUG :shared:compileJvmTest    IncrementalCache          [inc] 'kotlin-jvm-classpath-snapshotting-ui-graphics-desktop-1.12.1.jar-9f55c1ac6b0f426b78b71af0c14737a3182d5d31a4dfa0c1e597e642d529fc17' is up-to-date according to state file at '/home/mark/Nextcloud/Documents/School/2026 - Fall/SWE/tmp/build/incremental.state/kotlin-jvm-classpath-snapshotting-ui-graphics-desk-cb6a79848d'
00:52.386 DEBUG :shared:compileJvmTest    IncrementalCache          [inc] 'kotlin-jvm-classpath-snapshotting-apiguardian-api-1.1.2.jar-f3857e671d5b509380af17eea838d69cff37ec83621a80e6088815132ee19d89' changes: '/home/mark/Nextcloud/Documents/School/2026 - Fall/SWE/tmp/build/ic-cache/classpath-snapshots/apiguardian-api-1.1.2.jar-f3857e671d5b509380af17eea838d69cff37ec83621a80e6088815132ee19d89.abi' CREATED
00:52.386 DEBUG :shared:compileJvmTest    IncrementalCache          [inc] 'kotlin-jvm-classpath-snapshotting-ui-geometry-desktop-1.12.1.jar-8edb499980c861a88acffcb08fe4b2a4c7853f003027f74267c740c916ace724' is up-to-date according to state file at '/home/mark/Nextcloud/Documents/School/2026 - Fall/SWE/tmp/build/incremental.state/kotlin-jvm-classpath-snapshotting-ui-geometry-desk-0079560d17'
00:52.388 DEBUG :shared:compileJvmTest    IncrementalCache          [inc] 'kotlin-jvm-classpath-snapshotting-ui-unit-desktop-1.12.1.jar-d5869cd604e1cd4bf69a20a625319782eaa8ca311aabf1ddb1e830a67d9caa0f' is up-to-date according to state file at '/home/mark/Nextcloud/Documents/School/2026 - Fall/SWE/tmp/build/incremental.state/kotlin-jvm-classpath-snapshotting-ui-unit-desktop--4a7dbcd9a6'
00:52.389 DEBUG :shared:compileJvmTest    IncrementalCache          [inc] 'kotlin-jvm-classpath-snapshotting-ui-util-desktop-1.12.1.jar-44f601e07be29a6be7b7834bd7c6b87481287fd4778a79de98e729f7cd1aaf58' is up-to-date according to state file at '/home/mark/Nextcloud/Documents/School/2026 - Fall/SWE/tmp/build/incremental.state/kotlin-jvm-classpath-snapshotting-ui-util-desktop--ec7aa7e637'
00:52.391 DEBUG :shared:compileJvmTest    IncrementalCache          [inc] 'kotlin-jvm-classpath-snapshotting-kotlin-test-2.4.20.jar-bc6efeff4e66e51af19771e73e535d406ea5dcad9554db51d6114eb45b7eb045' changes: '/home/mark/Nextcloud/Documents/School/2026 - Fall/SWE/tmp/build/ic-cache/classpath-snapshots/kotlin-test-2.4.20.jar-bc6efeff4e66e51af19771e73e535d406ea5dcad9554db51d6114eb45b7eb045.abi' CREATED
00:52.392 DEBUG :shared:compileJvmTest    IncrementalCache          [inc] 'kotlin-jvm-classpath-snapshotting-lifecycle-viewmodel-compose-desktop-2.11.0.jar-75efbbea23c4092763dbe6640db9053b38d97b2b25072ae325eeb90e04e94e8c' is up-to-date according to state file at '/home/mark/Nextcloud/Documents/School/2026 - Fall/SWE/tmp/build/incremental.state/kotlin-jvm-classpath-snapshotting-lifecycle-viewmo-4dad743f56'
00:52.392 DEBUG :shared:compileJvmTest    IncrementalCache          [inc] 'kotlin-jvm-classpath-snapshotting-runtime-saveable-desktop-1.12.1.jar-afa8ecbce041cccee391d0d78f92ece86cc01bf81178f8b355d35163073aa2e6' is up-to-date according to state file at '/home/mark/Nextcloud/Documents/School/2026 - Fall/SWE/tmp/build/incremental.state/kotlin-jvm-classpath-snapshotting-runtime-saveable-54acc8cc58'
00:52.393 DEBUG :shared:compileJvmTest    IncrementalCache          [inc] 'kotlin-jvm-classpath-snapshotting-junit-platform-commons-1.10.1.jar-5a54b15c0e1ba564db96a75db946fe81e98b546c667ca49cce31fddd561f2a2b' changes: '/home/mark/Nextcloud/Documents/School/2026 - Fall/SWE/tmp/build/ic-cache/classpath-snapshots/junit-platform-commons-1.10.1.jar-5a54b15c0e1ba564db96a75db946fe81e98b546c667ca49cce31fddd561f2a2b.abi' CREATED
00:52.392 DEBUG :shared:compileJvmTest    IncrementalCache          [inc] 'kotlin-jvm-classpath-snapshotting-lifecycle-common-jvm-2.11.0.jar-893b0b4ef05a8d86ab5c144f1b5dee6cb1d93158cd0f6783383bcdbc811cc1f2' is up-to-date according to state file at '/home/mark/Nextcloud/Documents/School/2026 - Fall/SWE/tmp/build/incremental.state/kotlin-jvm-classpath-snapshotting-lifecycle-common-f01d1e752e'
00:52.394 DEBUG :shared:compileJvmTest    IncrementalCache          [inc] 'kotlin-jvm-classpath-snapshotting-lifecycle-viewmodel-desktop-2.11.0.jar-ae8a0afb97921bd6c3cec993ff5bb057cee43b2eef341dc487451a5ffbbda93d' is up-to-date according to state file at '/home/mark/Nextcloud/Documents/School/2026 - Fall/SWE/tmp/build/incremental.state/kotlin-jvm-classpath-snapshotting-lifecycle-viewmo-ea0bef72b1'
00:52.395 DEBUG :shared:compileJvmTest    IncrementalCache          [inc] 'kotlin-jvm-classpath-snapshotting-lifecycle-runtime-compose-desktop-2.11.0.jar-1bf9f02cafb9cc9f8527cb73102b8b9aa6c14cb03f4b02d8de9cd9e65de7b347' is up-to-date according to state file at '/home/mark/Nextcloud/Documents/School/2026 - Fall/SWE/tmp/build/incremental.state/kotlin-jvm-classpath-snapshotting-lifecycle-runtim-dc199158e0'
00:52.392 DEBUG :shared:compileJvmTest    IncrementalCache          [inc] 'kotlin-jvm-classpath-snapshotting-hot-reload-annotations-jvm-1.2.0.jar-7763135d72bf708cff4da51d8ac13258bf964e5e5fe0ef700d51b5ff579393a2' is up-to-date according to state file at '/home/mark/Nextcloud/Documents/School/2026 - Fall/SWE/tmp/build/incremental.state/kotlin-jvm-classpath-snapshotting-hot-reload-annot-11d6c32574'
00:52.395 DEBUG :shared:compileJvmTest    IncrementalCache          [inc] 'kotlin-jvm-classpath-snapshotting-kotlinx-coroutines-core-jvm-1.11.0.jar-3e1523e6cd63e6c1bd1194cea83f24b21e6432864d96cba43f83251ba2e0bb3d' is up-to-date according to state file at '/home/mark/Nextcloud/Documents/School/2026 - Fall/SWE/tmp/build/incremental.state/kotlin-jvm-classpath-snapshotting-kotlinx-coroutin-a7d8f011a1'
00:52.392 DEBUG :shared:compileJvmTest    IncrementalCache          [inc] 'kotlin-jvm-classpath-snapshotting-lifecycle-viewmodel-savedstate-desktop-2.11.0.jar-b40f9bfc0b650cd33f04182ba4d9f639c77e041b42998d1bf10eedb44c314ded' is up-to-date according to state file at '/home/mark/Nextcloud/Documents/School/2026 - Fall/SWE/tmp/build/incremental.state/kotlin-jvm-classpath-snapshotting-lifecycle-viewmo-818fab9604'
00:52.396 DEBUG :shared:compileJvmTest    IncrementalCache          [inc] 'kotlin-jvm-classpath-snapshotting-lifecycle-runtime-desktop-2.11.0.jar-b956afd2841133a7187f725bfacd90d2d246da2eaef0bddf119a417e84495242' is up-to-date according to state file at '/home/mark/Nextcloud/Documents/School/2026 - Fall/SWE/tmp/build/incremental.state/kotlin-jvm-classpath-snapshotting-lifecycle-runtim-db69543ad9'
00:52.396 DEBUG :shared:compileJvmTest    IncrementalCache          [inc] 'kotlin-jvm-classpath-snapshotting-runtime-annotation-jvm-1.12.1.jar-4fc20e969ad11ae1241707d7d78592c037d79f0bccf18950a1e538254e12b4ab' is up-to-date according to state file at '/home/mark/Nextcloud/Documents/School/2026 - Fall/SWE/tmp/build/incremental.state/kotlin-jvm-classpath-snapshotting-runtime-annotati-0637e43211'
00:52.397 DEBUG :shared:compileJvmTest    IncrementalCache          [inc] 'kotlin-jvm-classpath-snapshotting-animation-core-desktop-1.12.1.jar-f0768fb415f1f121a43a7a5915c26132110084c110e52ae276d710d24cdef7b5' is up-to-date according to state file at '/home/mark/Nextcloud/Documents/School/2026 - Fall/SWE/tmp/build/incremental.state/kotlin-jvm-classpath-snapshotting-animation-core-d-ba9b691081'
00:52.398 DEBUG :shared:compileJvmTest    IncrementalCache          [inc] 'kotlin-jvm-classpath-snapshotting-lifecycle-common-jvm-2.11.0.jar-0817f01716da7ccfb00e42f74777b4a9a3ddd51e4efa57e4bd04ace8513e44f2' is up-to-date according to state file at '/home/mark/Nextcloud/Documents/School/2026 - Fall/SWE/tmp/build/incremental.state/kotlin-jvm-classpath-snapshotting-lifecycle-common-b03b1868a1'
00:52.398 DEBUG :shared:compileJvmTest    IncrementalCache          [inc] 'kotlin-jvm-classpath-snapshotting-savedstate-desktop-1.4.0.jar-0f17d1b86b95b4d85dfade26044d6b238d3d7d725ba534337667522926ab101f' is up-to-date according to state file at '/home/mark/Nextcloud/Documents/School/2026 - Fall/SWE/tmp/build/incremental.state/kotlin-jvm-classpath-snapshotting-savedstate-deskt-055505b1cb'
00:52.399 DEBUG :shared:compileJvmTest    IncrementalCache          [inc] 'kotlin-jvm-classpath-snapshotting-runtime-saveable-desktop-1.12.1.jar-7dd0eff17e108278a1dadad64d056a3a8a9e06e159256b157f6f5996e93295a5' is up-to-date according to state file at '/home/mark/Nextcloud/Documents/School/2026 - Fall/SWE/tmp/build/incremental.state/kotlin-jvm-classpath-snapshotting-runtime-saveable-3ce8748f80'
00:52.399 DEBUG :shared:compileJvmTest    IncrementalCache          [inc] 'kotlin-jvm-classpath-snapshotting-lifecycle-viewmodel-savedstate-desktop-2.11.0.jar-bf0bbd5692c547340fc98cbeb327609f3080b33def08f6bd3160444ebb282216' is up-to-date according to state file at '/home/mark/Nextcloud/Documents/School/2026 - Fall/SWE/tmp/build/incremental.state/kotlin-jvm-classpath-snapshotting-lifecycle-viewmo-0d0545da0e'
00:52.399 DEBUG :shared:compileJvmTest    IncrementalCache          [inc] 'kotlin-jvm-classpath-snapshotting-core-common-2.2.0.jar-0d58f5cdc5d9ade03124bfdbc23e6de87b4a2ea2bebee0086f8166ab2cadd459' is up-to-date according to state file at '/home/mark/Nextcloud/Documents/School/2026 - Fall/SWE/tmp/build/incremental.state/kotlin-jvm-classpath-snapshotting-core-common-2.2.-9c37a80198'
00:52.400 DEBUG :shared:compileJvmTest    IncrementalCache          [inc] 'kotlin-jvm-classpath-snapshotting-lifecycle-viewmodel-desktop-2.11.0.jar-c35771c4435af5edadce74a6ad0912326c455c0704551382a8fef93b61ff5b87' is up-to-date according to state file at '/home/mark/Nextcloud/Documents/School/2026 - Fall/SWE/tmp/build/incremental.state/kotlin-jvm-classpath-snapshotting-lifecycle-viewmo-405e9631ed'
00:52.399 DEBUG :shared:compileJvmTest    IncrementalCache          [inc] 'kotlin-jvm-classpath-snapshotting-savedstate-compose-desktop-1.3.6.jar-24bba982034105bb74989743264599ba8597f3802d81c21f3ba8a8b07517e7da' is up-to-date according to state file at '/home/mark/Nextcloud/Documents/School/2026 - Fall/SWE/tmp/build/incremental.state/kotlin-jvm-classpath-snapshotting-savedstate-compo-3601362e8d'
00:52.401 DEBUG :shared:compileJvmTest    IncrementalCache          [inc] 'kotlin-jvm-classpath-snapshotting-kotlinx-serialization-core-jvm-1.7.3.jar-f4b6e3451dfe88429f9f5e1964b5343587d39ee2a2c4e6088d87824efafa81dd' is up-to-date according to state file at '/home/mark/Nextcloud/Documents/School/2026 - Fall/SWE/tmp/build/incremental.state/kotlin-jvm-classpath-snapshotting-kotlinx-serializ-9115b0d9b9'
00:52.401 DEBUG :shared:compileJvmTest    IncrementalCache          [inc] 'kotlin-jvm-classpath-snapshotting-jspecify-1.0.0.jar-3fc79634ee11f293e63a761fbfd3b248f8018d3c68d8249a72980d777f8bf13a' is up-to-date according to state file at '/home/mark/Nextcloud/Documents/School/2026 - Fall/SWE/tmp/build/incremental.state/kotlin-jvm-classpath-snapshotting-jspecify-1.0.0.j-a82ae80762'
00:52.401 DEBUG :shared:compileJvmTest    IncrementalCache          [inc] 'kotlin-jvm-classpath-snapshotting-lifecycle-runtime-desktop-2.11.0.jar-f1630d5f2028e8d5e11028b04af87f71f97a62a4d0989d0d40de35bc45023951' is up-to-date according to state file at '/home/mark/Nextcloud/Documents/School/2026 - Fall/SWE/tmp/build/incremental.state/kotlin-jvm-classpath-snapshotting-lifecycle-runtim-20623d023e'
00:52.402 DEBUG :shared:compileJvmTest    IncrementalCache          [inc] 'kotlin-jvm-classpath-snapshotting-junit-jupiter-api-5.10.1.jar-c7ea205b09b14a956f046f5401bc4d16bdd6ab284024b0cc34ff6a7fbef9e095' changes: '/home/mark/Nextcloud/Documents/School/2026 - Fall/SWE/tmp/build/ic-cache/classpath-snapshots/junit-jupiter-api-5.10.1.jar-c7ea205b09b14a956f046f5401bc4d16bdd6ab284024b0cc34ff6a7fbef9e095.abi' CREATED
00:52.411 DEBUG :shared:compileJvmTest    KotlinBuildToolsApiKt     Compiling using the in-process strategy
00:52.416 DEBUG :desktopApp:compileJvm    IncrementalCache          [inc] 'kotlin-jvm-classpath-snapshotting-material-desktop-1.12.1.jar-6b5b5845ab0f269ed15edbbb42bd91e2bebec76035267dcee350b7db256cbce6' changes: '/home/mark/Nextcloud/Documents/School/2026 - Fall/SWE/tmp/build/ic-cache/classpath-snapshots/material-desktop-1.12.1.jar-6b5b5845ab0f269ed15edbbb42bd91e2bebec76035267dcee350b7db256cbce6.abi' CREATED
00:52.421 DEBUG :desktopApp:compileJvm    KotlinBuildToolsApiKt     Compiling using the in-process strategy
00:52.421 DEBUG :shared:compileJvmTest    KotlinBuildToolsApiKt     Kotlin compiler args: -classpath /home/mark/Nextcloud/Documents/School/2026 - Fall/SWE/tmp/build/artifacts/CompiledJvmArtifact/sharedjvm/kotlin-output:/home/mark/Nextcloud/Documents/School/2026 - Fall/SWE/tmp/build/artifacts/CompiledJvmArtifact/sharedjvm/resources-output:/home/mark/.cache/JetBrains/Kotlin/.m2.cache/org/jetbrains/kotlin/kotlin-stdlib/2.4.20/kotlin-stdlib-2.4.20.jar:/home/mark/.cache/JetBrains/Kotlin/.m2.cache/org/jetbrains/kotlin/kotlin-test-junit5/2.4.20/kotlin-test-junit5-2.4.20.jar:/home/mark/.cache/JetBrains/Kotlin/.m2.cache/org/jetbrains/compose/runtime/runtime-desktop/1.12.1/runtime-desktop-1.12.1.jar:/home/mark/.cache/JetBrains/Kotlin/.m2.cache/org/jetbrains/compose/foundation/foundation-desktop/1.12.1/foundation-desktop-1.12.1.jar:/home/mark/.cache/JetBrains/Kotlin/.m2.cache/org/jetbrains/compose/material3/material3-desktop/1.12.0-alpha03/material3-desktop-1.12.0-alpha03.jar:/home/mark/.cache/JetBrains/Kotlin/.m2.cache/org/jetbrains/compose/ui/ui-desktop/1.12.1/ui-desktop-1.12.1.jar:/home/mark/.cache/JetBrains/Kotlin/.m2.cache/org/jetbrains/compose/components/components-resources-desktop/1.12.1/components-resources-desktop-1.12.1.jar:/home/mark/.cache/JetBrains/Kotlin/.m2.cache/org/jetbrains/compose/ui/ui-tooling-preview-desktop/1.12.1/ui-tooling-preview-desktop-1.12.1.jar:/home/mark/.cache/JetBrains/Kotlin/.m2.cache/org/jetbrains/compose/hot-reload/hot-reload-runtime-api-jvm/1.2.0/hot-reload-runtime-api-jvm-1.2.0.jar:/home/mark/.cache/JetBrains/Kotlin/.m2.cache/org/jetbrains/androidx/lifecycle/lifecycle-viewmodel-compose-desktop/2.11.0/lifecycle-viewmodel-compose-desktop-2.11.0.jar:/home/mark/.cache/JetBrains/Kotlin/.m2.cache/org/jetbrains/androidx/lifecycle/lifecycle-runtime-compose-desktop/2.11.0/lifecycle-runtime-compose-desktop-2.11.0.jar:/home/mark/.cache/JetBrains/Kotlin/.m2.cache/org/jetbrains/annotations/23.0.0/annotations-23.0.0.jar:/home/mark/.cache/JetBrains/Kotlin/.m2.cache/org/jetbrains/kotlin/kotlin-test/2.4.20/kotlin-test-2.4.20.jar:/home/mark/.cache/JetBrains/Kotlin/.m2.cache/org/junit/jupiter/junit-jupiter-api/5.10.1/junit-jupiter-api-5.10.1.jar:/home/mark/.cache/JetBrains/Kotlin/.m2.cache/org/opentest4j/opentest4j/1.3.0/opentest4j-1.3.0.jar:/home/mark/.cache/JetBrains/Kotlin/.m2.cache/org/junit/platform/junit-platform-commons/1.10.1/junit-platform-commons-1.10.1.jar:/home/mark/.cache/JetBrains/Kotlin/.m2.cache/org/apiguardian/apiguardian-api/1.1.2/apiguardian-api-1.1.2.jar:/home/mark/.cache/JetBrains/Kotlin/.m2.cache/androidx/compose/runtime/runtime-desktop/1.12.1/runtime-desktop-1.12.1.jar:/home/mark/.cache/JetBrains/Kotlin/.m2.cache/androidx/collection/collection-jvm/1.5.0/collection-jvm-1.5.0.jar:/home/mark/.cache/JetBrains/Kotlin/.m2.cache/org/jetbrains/compose/animation/animation-desktop/1.12.1/animation-desktop-1.12.1.jar:/home/mark/.cache/JetBrains/Kotlin/.m2.cache/org/jetbrains/skiko/skiko-awt/0.150.1/skiko-awt-0.150.1.jar:/home/mark/.cache/JetBrains/Kotlin/.m2.cache/androidx/graphics/graphics-shapes-desktop/1.1.0/graphics-shapes-desktop-1.1.0.jar:/home/mark/.cache/JetBrains/Kotlin/.m2.cache/org/jetbrains/compose/foundation/foundation-layout-desktop/1.12.1/foundation-layout-desktop-1.12.1.jar:/home/mark/.cache/JetBrains/Kotlin/.m2.cache/org/jetbrains/compose/material/material-ripple-desktop/1.12.0-beta01/material-ripple-desktop-1.12.0-beta01.jar:/home/mark/.cache/JetBrains/Kotlin/.m2.cache/org/jetbrains/compose/ui/ui-text-desktop/1.12.1/ui-text-desktop-1.12.1.jar:/home/mark/.cache/JetBrains/Kotlin/.m2.cache/androidx/annotation/annotation-jvm/1.9.1/annotation-jvm-1.9.1.jar:/home/mark/.cache/JetBrains/Kotlin/.m2.cache/androidx/compose/runtime/runtime-retain-desktop/1.12.1/runtime-retain-desktop-1.12.1.jar:/home/mark/.cache/JetBrains/Kotlin/.m2.cache/androidx/savedstate/savedstate-compose-desktop/1.4.0/savedstate-compose-desktop-1.4.0.jar:/home/mark/.cache/JetBrains/Kotlin/.m2.cache/org/jetbrains/compose/runtime/runtime-saveable-desktop/1.12.1/runtime-saveable-desktop-1.12.1.jar:/home/mark/.cache/JetBrains/Kotlin/.m2.cache/org/jetbrains/compose/ui/ui-geometry-desktop/1.12.1/ui-geometry-desktop-1.12.1.jar:/home/mark/.cache/JetBrains/Kotlin/.m2.cache/org/jetbrains/compose/ui/ui-graphics-desktop/1.12.1/ui-graphics-desktop-1.12.1.jar:/home/mark/.cache/JetBrains/Kotlin/.m2.cache/org/jetbrains/compose/ui/ui-unit-desktop/1.12.1/ui-unit-desktop-1.12.1.jar:/home/mark/.cache/JetBrains/Kotlin/.m2.cache/org/jetbrains/compose/ui/ui-util-desktop/1.12.1/ui-util-desktop-1.12.1.jar:/home/mark/.cache/JetBrains/Kotlin/.m2.cache/org/jetbrains/compose/hot-reload/hot-reload-annotations-jvm/1.2.0/hot-reload-annotations-jvm-1.2.0.jar:/home/mark/.cache/JetBrains/Kotlin/.m2.cache/androidx/lifecycle/lifecycle-viewmodel-compose-desktop/2.11.0/lifecycle-viewmodel-compose-desktop-2.11.0.jar:/home/mark/.cache/JetBrains/Kotlin/.m2.cache/org/jetbrains/androidx/lifecycle/lifecycle-common-jvm/2.11.0/lifecycle-common-jvm-2.11.0.jar:/home/mark/.cache/JetBrains/Kotlin/.m2.cache/org/jetbrains/androidx/lifecycle/lifecycle-viewmodel-desktop/2.11.0/lifecycle-viewmodel-desktop-2.11.0.jar:/home/mark/.cache/JetBrains/Kotlin/.m2.cache/org/jetbrains/androidx/lifecycle/lifecycle-viewmodel-savedstate-desktop/2.11.0/lifecycle-viewmodel-savedstate-desktop-2.11.0.jar:/home/mark/.cache/JetBrains/Kotlin/.m2.cache/androidx/lifecycle/lifecycle-runtime-compose-desktop/2.11.0/lifecycle-runtime-compose-desktop-2.11.0.jar:/home/mark/.cache/JetBrains/Kotlin/.m2.cache/org/jetbrains/androidx/lifecycle/lifecycle-runtime-desktop/2.11.0/lifecycle-runtime-desktop-2.11.0.jar:/home/mark/.cache/JetBrains/Kotlin/.m2.cache/androidx/compose/runtime/runtime-annotation-jvm/1.12.1/runtime-annotation-jvm-1.12.1.jar:/home/mark/.cache/JetBrains/Kotlin/.m2.cache/org/jetbrains/kotlinx/kotlinx-coroutines-core-jvm/1.11.0/kotlinx-coroutines-core-jvm-1.11.0.jar:/home/mark/.cache/JetBrains/Kotlin/.m2.cache/org/jetbrains/compose/animation/animation-core-desktop/1.12.1/animation-core-desktop-1.12.1.jar:/home/mark/.cache/JetBrains/Kotlin/.m2.cache/androidx/savedstate/savedstate-desktop/1.4.0/savedstate-desktop-1.4.0.jar:/home/mark/.cache/JetBrains/Kotlin/.m2.cache/androidx/compose/runtime/runtime-saveable-desktop/1.12.1/runtime-saveable-desktop-1.12.1.jar:/home/mark/.cache/JetBrains/Kotlin/.m2.cache/org/jetbrains/androidx/savedstate/savedstate-compose-desktop/1.3.6/savedstate-compose-desktop-1.3.6.jar:/home/mark/.cache/JetBrains/Kotlin/.m2.cache/androidx/lifecycle/lifecycle-common-jvm/2.11.0/lifecycle-common-jvm-2.11.0.jar:/home/mark/.cache/JetBrains/Kotlin/.m2.cache/androidx/lifecycle/lifecycle-viewmodel-desktop/2.11.0/lifecycle-viewmodel-desktop-2.11.0.jar:/home/mark/.cache/JetBrains/Kotlin/.m2.cache/androidx/lifecycle/lifecycle-viewmodel-savedstate-desktop/2.11.0/lifecycle-viewmodel-savedstate-desktop-2.11.0.jar:/home/mark/.cache/JetBrains/Kotlin/.m2.cache/org/jetbrains/kotlinx/kotlinx-serialization-core-jvm/1.7.3/kotlinx-serialization-core-jvm-1.7.3.jar:/home/mark/.cache/JetBrains/Kotlin/.m2.cache/androidx/lifecycle/lifecycle-runtime-desktop/2.11.0/lifecycle-runtime-desktop-2.11.0.jar:/home/mark/.cache/JetBrains/Kotlin/.m2.cache/org/jspecify/jspecify/1.0.0/jspecify-1.0.0.jar:/home/mark/.cache/JetBrains/Kotlin/.m2.cache/androidx/arch/core/core-common/2.2.0/core-common-2.2.0.jar -d /home/mark/Nextcloud/Documents/School/2026 - Fall/SWE/tmp/build/artifacts/CompiledJvmArtifact/sharedjvmTest/kotlin-output -Xfriend-paths=/home/mark/Nextcloud/Documents/School/2026 - Fall/SWE/tmp/build/artifacts/CompiledJvmArtifact/sharedjvm/kotlin-output,/home/mark/Nextcloud/Documents/School/2026 - Fall/SWE/tmp/build/artifacts/CompiledJvmArtifact/sharedjvm/resources-output -jdk-home /home/mark/.cache/JetBrains/Kotlin/extract.cache/5cadb5bf88-OpenJDK25U-jdk_x64_linux_hotspot_25.0.4.1_1.tar.gz.a609ba.d/jdk-25.0.4.1+1 -Xjdk-release=25 -module-name shared_test -no-stdlib -Xfragment-refines=jvmTest:commonTest -Xfragment-sources=commonTest:/home/mark/Nextcloud/Documents/School/2026 - Fall/SWE/tmp/shared/test/PlatformTest.kt,jvmTest:/home/mark/Nextcloud/Documents/School/2026 - Fall/SWE/tmp/shared/test@jvm/PlatformJvmTest.kt -Xfragments=commonTest,jvmTest -Xenable-incremental-compilation -Xmulti-platform -Xplugin=/home/mark/.cache/JetBrains/Kotlin/.m2.cache/org/jetbrains/kotlin/kotlin-compose-compiler-plugin-embeddable/2.4.20/kotlin-compose-compiler-plugin-embeddable-2.4.20.jar -P plugin:androidx.compose.compiler.plugins.kotlin:generateFunctionKeyMetaAnnotations=true,plugin:androidx.compose.compiler.plugins.kotlin:sourceInformation=true
00:52.422 DEBUG :shared:compileJvmTest    KotlinBuildToolsApiKt     Source changes: ToBeComputed
00:52.422 DEBUG :shared:compileJvmTest    KotlinBuildToolsApiKt     Configuration inputs: ConfigurationInputs(icConfigurationInputsSnapshot={rootProjectDir=/home/mark/Nextcloud/Documents/School/2026 - Fall/SWE/tmp, moduleBuildDir=/home/mark/Nextcloud/Documents/School/2026 - Fall/SWE/tmp/build, outputDirs=null, useFirRunner=false, unsafeIncrementalCompilationForMultiplatform=false, monotonousIncrementalCompileSetExpansion=true, usePreciseJavaTracking=false, kotlinSourceFileExtensions=kt,kts, kotlinVersion=2.4.20}, compilerArgumentsInputsSnapshot=[-P, -Xfragment-refines=jvmTest:commonTest, -Xfragment-sources=commonTest:/home/mark/Nextcloud/Documents/School/2026 - Fall/SWE/tmp/shared/test/PlatformTest.kt,jvmTest:/home/mark/Nextcloud/Documents/School/2026 - Fall/SWE/tmp/shared/test@jvm/PlatformJvmTest.kt, -Xfragments=commonTest,jvmTest, -Xfriend-paths=/home/mark/Nextcloud/Documents/School/2026 - Fall/SWE/tmp/build/artifacts/CompiledJvmArtifact/sharedjvm/kotlin-output,/home/mark/Nextcloud/Documents/School/2026 - Fall/SWE/tmp/build/artifacts/CompiledJvmArtifact/sharedjvm/resources-output, -Xjdk-release=25, -Xmulti-platform, -Xplugin=/home/mark/.cache/JetBrains/Kotlin/.m2.cache/org/jetbrains/kotlin/kotlin-compose-compiler-plugin-embeddable/2.4.20/kotlin-compose-compiler-plugin-embeddable-2.4.20.jar, -classpath, -jdk-home, -module-name, -no-stdlib, /home/mark/.cache/JetBrains/Kotlin/extract.cache/5cadb5bf88-OpenJDK25U-jdk_x64_linux_hotspot_25.0.4.1_1.tar.gz.a609ba.d/jdk-25.0.4.1+1, /home/mark/Nextcloud/Documents/School/2026 - Fall/SWE/tmp/build/artifacts/CompiledJvmArtifact/sharedjvm/kotlin-output:/home/mark/Nextcloud/Documents/School/2026 - Fall/SWE/tmp/build/artifacts/CompiledJvmArtifact/sharedjvm/resources-output:/home/mark/.cache/JetBrains/Kotlin/.m2.cache/org/jetbrains/kotlin/kotlin-stdlib/2.4.20/kotlin-stdlib-2.4.20.jar:/home/mark/.cache/JetBrains/Kotlin/.m2.cache/org/jetbrains/kotlin/kotlin-test-junit5/2.4.20/kotlin-test-junit5-2.4.20.jar:/home/mark/.cache/JetBrains/Kotlin/.m2.cache/org/jetbrains/compose/runtime/runtime-desktop/1.12.1/runtime-desktop-1.12.1.jar:/home/mark/.cache/JetBrains/Kotlin/.m2.cache/org/jetbrains/compose/foundation/foundation-desktop/1.12.1/foundation-desktop-1.12.1.jar:/home/mark/.cache/JetBrains/Kotlin/.m2.cache/org/jetbrains/compose/material3/material3-desktop/1.12.0-alpha03/material3-desktop-1.12.0-alpha03.jar:/home/mark/.cache/JetBrains/Kotlin/.m2.cache/org/jetbrains/compose/ui/ui-desktop/1.12.1/ui-desktop-1.12.1.jar:/home/mark/.cache/JetBrains/Kotlin/.m2.cache/org/jetbrains/compose/components/components-resources-desktop/1.12.1/components-resources-desktop-1.12.1.jar:/home/mark/.cache/JetBrains/Kotlin/.m2.cache/org/jetbrains/compose/ui/ui-tooling-preview-desktop/1.12.1/ui-tooling-preview-desktop-1.12.1.jar:/home/mark/.cache/JetBrains/Kotlin/.m2.cache/org/jetbrains/compose/hot-reload/hot-reload-runtime-api-jvm/1.2.0/hot-reload-runtime-api-jvm-1.2.0.jar:/home/mark/.cache/JetBrains/Kotlin/.m2.cache/org/jetbrains/androidx/lifecycle/lifecycle-viewmodel-compose-desktop/2.11.0/lifecycle-viewmodel-compose-desktop-2.11.0.jar:/home/mark/.cache/JetBrains/Kotlin/.m2.cache/org/jetbrains/androidx/lifecycle/lifecycle-runtime-compose-desktop/2.11.0/lifecycle-runtime-compose-desktop-2.11.0.jar:/home/mark/.cache/JetBrains/Kotlin/.m2.cache/org/jetbrains/annotations/23.0.0/annotations-23.0.0.jar:/home/mark/.cache/JetBrains/Kotlin/.m2.cache/org/jetbrains/kotlin/kotlin-test/2.4.20/kotlin-test-2.4.20.jar:/home/mark/.cache/JetBrains/Kotlin/.m2.cache/org/junit/jupiter/junit-jupiter-api/5.10.1/junit-jupiter-api-5.10.1.jar:/home/mark/.cache/JetBrains/Kotlin/.m2.cache/org/opentest4j/opentest4j/1.3.0/opentest4j-1.3.0.jar:/home/mark/.cache/JetBrains/Kotlin/.m2.cache/org/junit/platform/junit-platform-commons/1.10.1/junit-platform-commons-1.10.1.jar:/home/mark/.cache/JetBrains/Kotlin/.m2.cache/org/apiguardian/apiguardian-api/1.1.2/apiguardian-api-1.1.2.jar:/home/mark/.cache/JetBrains/Kotlin/.m2.cache/androidx/compose/runtime/runtime-desktop/1.12.1/runtime-desktop-1.12.1.jar:/home/mark/.cache/JetBrains/Kotlin/.m2.cache/androidx/collection/collection-jvm/1.5.0/collection-jvm-1.5.0.jar:/home/mark/.cache/JetBrains/Kotlin/.m2.cache/org/jetbrains/compose/animation/animation-desktop/1.12.1/animation-desktop-1.12.1.jar:/home/mark/.cache/JetBrains/Kotlin/.m2.cache/org/jetbrains/skiko/skiko-awt/0.150.1/skiko-awt-0.150.1.jar:/home/mark/.cache/JetBrains/Kotlin/.m2.cache/androidx/graphics/graphics-shapes-desktop/1.1.0/graphics-shapes-desktop-1.1.0.jar:/home/mark/.cache/JetBrains/Kotlin/.m2.cache/org/jetbrains/compose/foundation/foundation-layout-desktop/1.12.1/foundation-layout-desktop-1.12.1.jar:/home/mark/.cache/JetBrains/Kotlin/.m2.cache/org/jetbrains/compose/material/material-ripple-desktop/1.12.0-beta01/material-ripple-desktop-1.12.0-beta01.jar:/home/mark/.cache/JetBrains/Kotlin/.m2.cache/org/jetbrains/compose/ui/ui-text-desktop/1.12.1/ui-text-desktop-1.12.1.jar:/home/mark/.cache/JetBrains/Kotlin/.m2.cache/androidx/annotation/annotation-jvm/1.9.1/annotation-jvm-1.9.1.jar:/home/mark/.cache/JetBrains/Kotlin/.m2.cache/androidx/compose/runtime/runtime-retain-desktop/1.12.1/runtime-retain-desktop-1.12.1.jar:/home/mark/.cache/JetBrains/Kotlin/.m2.cache/androidx/savedstate/savedstate-compose-desktop/1.4.0/savedstate-compose-desktop-1.4.0.jar:/home/mark/.cache/JetBrains/Kotlin/.m2.cache/org/jetbrains/compose/runtime/runtime-saveable-desktop/1.12.1/runtime-saveable-desktop-1.12.1.jar:/home/mark/.cache/JetBrains/Kotlin/.m2.cache/org/jetbrains/compose/ui/ui-geometry-desktop/1.12.1/ui-geometry-desktop-1.12.1.jar:/home/mark/.cache/JetBrains/Kotlin/.m2.cache/org/jetbrains/compose/ui/ui-graphics-desktop/1.12.1/ui-graphics-desktop-1.12.1.jar:/home/mark/.cache/JetBrains/Kotlin/.m2.cache/org/jetbrains/compose/ui/ui-unit-desktop/1.12.1/ui-unit-desktop-1.12.1.jar:/home/mark/.cache/JetBrains/Kotlin/.m2.cache/org/jetbrains/compose/ui/ui-util-desktop/1.12.1/ui-util-desktop-1.12.1.jar:/home/mark/.cache/JetBrains/Kotlin/.m2.cache/org/jetbrains/compose/hot-reload/hot-reload-annotations-jvm/1.2.0/hot-reload-annotations-jvm-1.2.0.jar:/home/mark/.cache/JetBrains/Kotlin/.m2.cache/androidx/lifecycle/lifecycle-viewmodel-compose-desktop/2.11.0/lifecycle-viewmodel-compose-desktop-2.11.0.jar:/home/mark/.cache/JetBrains/Kotlin/.m2.cache/org/jetbrains/androidx/lifecycle/lifecycle-common-jvm/2.11.0/lifecycle-common-jvm-2.11.0.jar:/home/mark/.cache/JetBrains/Kotlin/.m2.cache/org/jetbrains/androidx/lifecycle/lifecycle-viewmodel-desktop/2.11.0/lifecycle-viewmodel-desktop-2.11.0.jar:/home/mark/.cache/JetBrains/Kotlin/.m2.cache/org/jetbrains/androidx/lifecycle/lifecycle-viewmodel-savedstate-desktop/2.11.0/lifecycle-viewmodel-savedstate-desktop-2.11.0.jar:/home/mark/.cache/JetBrains/Kotlin/.m2.cache/androidx/lifecycle/lifecycle-runtime-compose-desktop/2.11.0/lifecycle-runtime-compose-desktop-2.11.0.jar:/home/mark/.cache/JetBrains/Kotlin/.m2.cache/org/jetbrains/androidx/lifecycle/lifecycle-runtime-desktop/2.11.0/lifecycle-runtime-desktop-2.11.0.jar:/home/mark/.cache/JetBrains/Kotlin/.m2.cache/androidx/compose/runtime/runtime-annotation-jvm/1.12.1/runtime-annotation-jvm-1.12.1.jar:/home/mark/.cache/JetBrains/Kotlin/.m2.cache/org/jetbrains/kotlinx/kotlinx-coroutines-core-jvm/1.11.0/kotlinx-coroutines-core-jvm-1.11.0.jar:/home/mark/.cache/JetBrains/Kotlin/.m2.cache/org/jetbrains/compose/animation/animation-core-desktop/1.12.1/animation-core-desktop-1.12.1.jar:/home/mark/.cache/JetBrains/Kotlin/.m2.cache/androidx/savedstate/savedstate-desktop/1.4.0/savedstate-desktop-1.4.0.jar:/home/mark/.cache/JetBrains/Kotlin/.m2.cache/androidx/compose/runtime/runtime-saveable-desktop/1.12.1/runtime-saveable-desktop-1.12.1.jar:/home/mark/.cache/JetBrains/Kotlin/.m2.cache/org/jetbrains/androidx/savedstate/savedstate-compose-desktop/1.3.6/savedstate-compose-desktop-1.3.6.jar:/home/mark/.cache/JetBrains/Kotlin/.m2.cache/androidx/lifecycle/lifecycle-common-jvm/2.11.0/lifecycle-common-jvm-2.11.0.jar:/home/mark/.cache/JetBrains/Kotlin/.m2.cache/androidx/lifecycle/lifecycle-viewmodel-desktop/2.11.0/lifecycle-viewmodel-desktop-2.11.0.jar:/home/mark/.cache/JetBrains/Kotlin/.m2.cache/androidx/lifecycle/lifecycle-viewmodel-savedstate-desktop/2.11.0/lifecycle-viewmodel-savedstate-desktop-2.11.0.jar:/home/mark/.cache/JetBrains/Kotlin/.m2.cache/org/jetbrains/kotlinx/kotlinx-serialization-core-jvm/1.7.3/kotlinx-serialization-core-jvm-1.7.3.jar:/home/mark/.cache/JetBrains/Kotlin/.m2.cache/androidx/lifecycle/lifecycle-runtime-desktop/2.11.0/lifecycle-runtime-desktop-2.11.0.jar:/home/mark/.cache/JetBrains/Kotlin/.m2.cache/org/jspecify/jspecify/1.0.0/jspecify-1.0.0.jar:/home/mark/.cache/JetBrains/Kotlin/.m2.cache/androidx/arch/core/core-common/2.2.0/core-common-2.2.0.jar, plugin:androidx.compose.compiler.plugins.kotlin:generateFunctionKeyMetaAnnotations=true,plugin:androidx.compose.compiler.plugins.kotlin:sourceInformation=true, shared_test])
00:52.423 INFO  :shared:compileJvmTest    KotlinBuildToolsApiKt     Non-incremental compilation will be performed: Unknown inputs changes
00:52.423 DEBUG :shared:compileJvmTest    KotlinBuildToolsApiKt     Cleaning 2 output directories
00:52.423 DEBUG :desktopApp:compileJvm    KotlinBuildToolsApiKt     Kotlin compiler args: -classpath /home/mark/Nextcloud/Documents/School/2026 - Fall/SWE/tmp/build/artifacts/CompiledJvmArtifact/sharedjvm/kotlin-output:/home/mark/Nextcloud/Documents/School/2026 - Fall/SWE/tmp/build/artifacts/CompiledJvmArtifact/sharedjvm/resources-output:/home/mark/.cache/JetBrains/Kotlin/.m2.cache/org/jetbrains/kotlinx/kotlinx-coroutines-swing/1.11.0/kotlinx-coroutines-swing-1.11.0.jar:/home/mark/.cache/JetBrains/Kotlin/.m2.cache/ch/qos/logback/logback-classic/1.6.2/logback-classic-1.6.2.jar:/home/mark/.cache/JetBrains/Kotlin/.m2.cache/org/jetbrains/kotlin/kotlin-stdlib/2.4.20/kotlin-stdlib-2.4.20.jar:/home/mark/.cache/JetBrains/Kotlin/.m2.cache/org/jetbrains/compose/ui/ui-tooling-preview-desktop/1.12.1/ui-tooling-preview-desktop-1.12.1.jar:/home/mark/.cache/JetBrains/Kotlin/.m2.cache/ch/qos/logback/logback-core/1.6.2/logback-core-1.6.2.jar:/home/mark/.cache/JetBrains/Kotlin/.m2.cache/org/slf4j/slf4j-api/2.0.18/slf4j-api-2.0.18.jar:/home/mark/.cache/JetBrains/Kotlin/.m2.cache/org/jetbrains/annotations/23.0.0/annotations-23.0.0.jar:/home/mark/.cache/JetBrains/Kotlin/.m2.cache/org/jetbrains/compose/runtime/runtime-desktop/1.12.1/runtime-desktop-1.12.1.jar:/home/mark/.cache/JetBrains/Kotlin/.m2.cache/org/jetbrains/compose/components/components-resources-desktop/1.12.1/components-resources-desktop-1.12.1.jar:/home/mark/.cache/JetBrains/Kotlin/.m2.cache/org/jetbrains/compose/desktop/desktop-jvm/1.12.1/desktop-jvm-1.12.1.jar:/home/mark/.cache/JetBrains/Kotlin/.m2.cache/org/jetbrains/kotlinx/kotlinx-coroutines-core-jvm/1.11.0/kotlinx-coroutines-core-jvm-1.11.0.jar:/home/mark/.cache/JetBrains/Kotlin/.m2.cache/androidx/annotation/annotation-jvm/1.9.1/annotation-jvm-1.9.1.jar:/home/mark/.cache/JetBrains/Kotlin/.m2.cache/androidx/compose/runtime/runtime-desktop/1.12.1/runtime-desktop-1.12.1.jar:/home/mark/.cache/JetBrains/Kotlin/.m2.cache/org/jetbrains/compose/foundation/foundation-desktop/1.12.1/foundation-desktop-1.12.1.jar:/home/mark/.cache/JetBrains/Kotlin/.m2.cache/org/jetbrains/compose/material/material-desktop/1.12.1/material-desktop-1.12.1.jar:/home/mark/.cache/JetBrains/Kotlin/.m2.cache/org/jetbrains/compose/ui/ui-desktop/1.12.1/ui-desktop-1.12.1.jar:/home/mark/.cache/JetBrains/Kotlin/.m2.cache/androidx/compose/runtime/runtime-annotation-jvm/1.12.1/runtime-annotation-jvm-1.12.1.jar:/home/mark/.cache/JetBrains/Kotlin/.m2.cache/androidx/collection/collection-jvm/1.5.0/collection-jvm-1.5.0.jar:/home/mark/.cache/JetBrains/Kotlin/.m2.cache/org/jetbrains/compose/animation/animation-desktop/1.12.1/animation-desktop-1.12.1.jar:/home/mark/.cache/JetBrains/Kotlin/.m2.cache/org/jetbrains/skiko/skiko-awt/0.150.1/skiko-awt-0.150.1.jar:/home/mark/.cache/JetBrains/Kotlin/.m2.cache/org/jetbrains/compose/animation/animation-core-desktop/1.12.1/animation-core-desktop-1.12.1.jar:/home/mark/.cache/JetBrains/Kotlin/.m2.cache/org/jetbrains/compose/material/material-ripple-desktop/1.12.1/material-ripple-desktop-1.12.1.jar:/home/mark/.cache/JetBrains/Kotlin/.m2.cache/org/jetbrains/compose/ui/ui-text-desktop/1.12.1/ui-text-desktop-1.12.1.jar:/home/mark/.cache/JetBrains/Kotlin/.m2.cache/androidx/compose/runtime/runtime-retain-desktop/1.12.1/runtime-retain-desktop-1.12.1.jar:/home/mark/.cache/JetBrains/Kotlin/.m2.cache/androidx/savedstate/savedstate-compose-desktop/1.4.0/savedstate-compose-desktop-1.4.0.jar:/home/mark/.cache/JetBrains/Kotlin/.m2.cache/org/jetbrains/androidx/lifecycle/lifecycle-runtime-compose-desktop/2.11.0/lifecycle-runtime-compose-desktop-2.11.0.jar:/home/mark/.cache/JetBrains/Kotlin/.m2.cache/org/jetbrains/compose/runtime/runtime-saveable-desktop/1.12.1/runtime-saveable-desktop-1.12.1.jar:/home/mark/.cache/JetBrains/Kotlin/.m2.cache/org/jetbrains/compose/ui/ui-geometry-desktop/1.12.1/ui-geometry-desktop-1.12.1.jar:/home/mark/.cache/JetBrains/Kotlin/.m2.cache/org/jetbrains/compose/ui/ui-graphics-desktop/1.12.1/ui-graphics-desktop-1.12.1.jar:/home/mark/.cache/JetBrains/Kotlin/.m2.cache/org/jetbrains/compose/ui/ui-unit-desktop/1.12.1/ui-unit-desktop-1.12.1.jar:/home/mark/.cache/JetBrains/Kotlin/.m2.cache/org/jetbrains/compose/ui/ui-util-desktop/1.12.1/ui-util-desktop-1.12.1.jar:/home/mark/.cache/JetBrains/Kotlin/.m2.cache/org/jetbrains/compose/foundation/foundation-layout-desktop/1.12.1/foundation-layout-desktop-1.12.1.jar:/home/mark/.cache/JetBrains/Kotlin/.m2.cache/androidx/savedstate/savedstate-desktop/1.4.0/savedstate-desktop-1.4.0.jar:/home/mark/.cache/JetBrains/Kotlin/.m2.cache/androidx/lifecycle/lifecycle-runtime-compose-desktop/2.11.0/lifecycle-runtime-compose-desktop-2.11.0.jar:/home/mark/.cache/JetBrains/Kotlin/.m2.cache/org/jetbrains/androidx/lifecycle/lifecycle-runtime-desktop/2.11.0/lifecycle-runtime-desktop-2.11.0.jar:/home/mark/.cache/JetBrains/Kotlin/.m2.cache/androidx/compose/runtime/runtime-saveable-desktop/1.12.1/runtime-saveable-desktop-1.12.1.jar:/home/mark/.cache/JetBrains/Kotlin/.m2.cache/org/jetbrains/androidx/savedstate/savedstate-compose-desktop/1.3.6/savedstate-compose-desktop-1.3.6.jar:/home/mark/.cache/JetBrains/Kotlin/.m2.cache/org/jetbrains/kotlinx/kotlinx-serialization-core-jvm/1.7.3/kotlinx-serialization-core-jvm-1.7.3.jar:/home/mark/.cache/JetBrains/Kotlin/.m2.cache/androidx/lifecycle/lifecycle-runtime-desktop/2.11.0/lifecycle-runtime-desktop-2.11.0.jar:/home/mark/.cache/JetBrains/Kotlin/.m2.cache/org/jetbrains/androidx/lifecycle/lifecycle-common-jvm/2.11.0/lifecycle-common-jvm-2.11.0.jar:/home/mark/.cache/JetBrains/Kotlin/.m2.cache/androidx/arch/core/core-common/2.2.0/core-common-2.2.0.jar:/home/mark/.cache/JetBrains/Kotlin/.m2.cache/androidx/lifecycle/lifecycle-common-jvm/2.11.0/lifecycle-common-jvm-2.11.0.jar:/home/mark/.cache/JetBrains/Kotlin/.m2.cache/org/jspecify/jspecify/1.0.0/jspecify-1.0.0.jar -d /home/mark/Nextcloud/Documents/School/2026 - Fall/SWE/tmp/build/artifacts/CompiledJvmArtifact/desktopAppjvm/kotlin-output -jdk-home /home/mark/.cache/JetBrains/Kotlin/extract.cache/5cadb5bf88-OpenJDK25U-jdk_x64_linux_hotspot_25.0.4.1_1.tar.gz.a609ba.d/jdk-25.0.4.1+1 -Xjdk-release=25 -module-name desktopApp -no-stdlib -Xenable-incremental-compilation -Xplugin=/home/mark/.cache/JetBrains/Kotlin/.m2.cache/org/jetbrains/kotlin/kotlin-compose-compiler-plugin-embeddable/2.4.20/kotlin-compose-compiler-plugin-embeddable-2.4.20.jar -P plugin:androidx.compose.compiler.plugins.kotlin:generateFunctionKeyMetaAnnotations=true,plugin:androidx.compose.compiler.plugins.kotlin:sourceInformation=true
00:52.424 DEBUG :desktopApp:compileJvm    KotlinBuildToolsApiKt     Source changes: ToBeComputed
00:52.425 DEBUG :desktopApp:compileJvm    KotlinBuildToolsApiKt     Configuration inputs: ConfigurationInputs(icConfigurationInputsSnapshot={rootProjectDir=/home/mark/Nextcloud/Documents/School/2026 - Fall/SWE/tmp, moduleBuildDir=/home/mark/Nextcloud/Documents/School/2026 - Fall/SWE/tmp/build, outputDirs=null, useFirRunner=false, unsafeIncrementalCompilationForMultiplatform=false, monotonousIncrementalCompileSetExpansion=true, usePreciseJavaTracking=false, kotlinSourceFileExtensions=kt,kts, kotlinVersion=2.4.20}, compilerArgumentsInputsSnapshot=[-P, -Xjdk-release=25, -Xplugin=/home/mark/.cache/JetBrains/Kotlin/.m2.cache/org/jetbrains/kotlin/kotlin-compose-compiler-plugin-embeddable/2.4.20/kotlin-compose-compiler-plugin-embeddable-2.4.20.jar, -classpath, -jdk-home, -module-name, -no-stdlib, /home/mark/.cache/JetBrains/Kotlin/extract.cache/5cadb5bf88-OpenJDK25U-jdk_x64_linux_hotspot_25.0.4.1_1.tar.gz.a609ba.d/jdk-25.0.4.1+1, /home/mark/Nextcloud/Documents/School/2026 - Fall/SWE/tmp/build/artifacts/CompiledJvmArtifact/sharedjvm/kotlin-output:/home/mark/Nextcloud/Documents/School/2026 - Fall/SWE/tmp/build/artifacts/CompiledJvmArtifact/sharedjvm/resources-output:/home/mark/.cache/JetBrains/Kotlin/.m2.cache/org/jetbrains/kotlinx/kotlinx-coroutines-swing/1.11.0/kotlinx-coroutines-swing-1.11.0.jar:/home/mark/.cache/JetBrains/Kotlin/.m2.cache/ch/qos/logback/logback-classic/1.6.2/logback-classic-1.6.2.jar:/home/mark/.cache/JetBrains/Kotlin/.m2.cache/org/jetbrains/kotlin/kotlin-stdlib/2.4.20/kotlin-stdlib-2.4.20.jar:/home/mark/.cache/JetBrains/Kotlin/.m2.cache/org/jetbrains/compose/ui/ui-tooling-preview-desktop/1.12.1/ui-tooling-preview-desktop-1.12.1.jar:/home/mark/.cache/JetBrains/Kotlin/.m2.cache/ch/qos/logback/logback-core/1.6.2/logback-core-1.6.2.jar:/home/mark/.cache/JetBrains/Kotlin/.m2.cache/org/slf4j/slf4j-api/2.0.18/slf4j-api-2.0.18.jar:/home/mark/.cache/JetBrains/Kotlin/.m2.cache/org/jetbrains/annotations/23.0.0/annotations-23.0.0.jar:/home/mark/.cache/JetBrains/Kotlin/.m2.cache/org/jetbrains/compose/runtime/runtime-desktop/1.12.1/runtime-desktop-1.12.1.jar:/home/mark/.cache/JetBrains/Kotlin/.m2.cache/org/jetbrains/compose/components/components-resources-desktop/1.12.1/components-resources-desktop-1.12.1.jar:/home/mark/.cache/JetBrains/Kotlin/.m2.cache/org/jetbrains/compose/desktop/desktop-jvm/1.12.1/desktop-jvm-1.12.1.jar:/home/mark/.cache/JetBrains/Kotlin/.m2.cache/org/jetbrains/kotlinx/kotlinx-coroutines-core-jvm/1.11.0/kotlinx-coroutines-core-jvm-1.11.0.jar:/home/mark/.cache/JetBrains/Kotlin/.m2.cache/androidx/annotation/annotation-jvm/1.9.1/annotation-jvm-1.9.1.jar:/home/mark/.cache/JetBrains/Kotlin/.m2.cache/androidx/compose/runtime/runtime-desktop/1.12.1/runtime-desktop-1.12.1.jar:/home/mark/.cache/JetBrains/Kotlin/.m2.cache/org/jetbrains/compose/foundation/foundation-desktop/1.12.1/foundation-desktop-1.12.1.jar:/home/mark/.cache/JetBrains/Kotlin/.m2.cache/org/jetbrains/compose/material/material-desktop/1.12.1/material-desktop-1.12.1.jar:/home/mark/.cache/JetBrains/Kotlin/.m2.cache/org/jetbrains/compose/ui/ui-desktop/1.12.1/ui-desktop-1.12.1.jar:/home/mark/.cache/JetBrains/Kotlin/.m2.cache/androidx/compose/runtime/runtime-annotation-jvm/1.12.1/runtime-annotation-jvm-1.12.1.jar:/home/mark/.cache/JetBrains/Kotlin/.m2.cache/androidx/collection/collection-jvm/1.5.0/collection-jvm-1.5.0.jar:/home/mark/.cache/JetBrains/Kotlin/.m2.cache/org/jetbrains/compose/animation/animation-desktop/1.12.1/animation-desktop-1.12.1.jar:/home/mark/.cache/JetBrains/Kotlin/.m2.cache/org/jetbrains/skiko/skiko-awt/0.150.1/skiko-awt-0.150.1.jar:/home/mark/.cache/JetBrains/Kotlin/.m2.cache/org/jetbrains/compose/animation/animation-core-desktop/1.12.1/animation-core-desktop-1.12.1.jar:/home/mark/.cache/JetBrains/Kotlin/.m2.cache/org/jetbrains/compose/material/material-ripple-desktop/1.12.1/material-ripple-desktop-1.12.1.jar:/home/mark/.cache/JetBrains/Kotlin/.m2.cache/org/jetbrains/compose/ui/ui-text-desktop/1.12.1/ui-text-desktop-1.12.1.jar:/home/mark/.cache/JetBrains/Kotlin/.m2.cache/androidx/compose/runtime/runtime-retain-desktop/1.12.1/runtime-retain-desktop-1.12.1.jar:/home/mark/.cache/JetBrains/Kotlin/.m2.cache/androidx/savedstate/savedstate-compose-desktop/1.4.0/savedstate-compose-desktop-1.4.0.jar:/home/mark/.cache/JetBrains/Kotlin/.m2.cache/org/jetbrains/androidx/lifecycle/lifecycle-runtime-compose-desktop/2.11.0/lifecycle-runtime-compose-desktop-2.11.0.jar:/home/mark/.cache/JetBrains/Kotlin/.m2.cache/org/jetbrains/compose/runtime/runtime-saveable-desktop/1.12.1/runtime-saveable-desktop-1.12.1.jar:/home/mark/.cache/JetBrains/Kotlin/.m2.cache/org/jetbrains/compose/ui/ui-geometry-desktop/1.12.1/ui-geometry-desktop-1.12.1.jar:/home/mark/.cache/JetBrains/Kotlin/.m2.cache/org/jetbrains/compose/ui/ui-graphics-desktop/1.12.1/ui-graphics-desktop-1.12.1.jar:/home/mark/.cache/JetBrains/Kotlin/.m2.cache/org/jetbrains/compose/ui/ui-unit-desktop/1.12.1/ui-unit-desktop-1.12.1.jar:/home/mark/.cache/JetBrains/Kotlin/.m2.cache/org/jetbrains/compose/ui/ui-util-desktop/1.12.1/ui-util-desktop-1.12.1.jar:/home/mark/.cache/JetBrains/Kotlin/.m2.cache/org/jetbrains/compose/foundation/foundation-layout-desktop/1.12.1/foundation-layout-desktop-1.12.1.jar:/home/mark/.cache/JetBrains/Kotlin/.m2.cache/androidx/savedstate/savedstate-desktop/1.4.0/savedstate-desktop-1.4.0.jar:/home/mark/.cache/JetBrains/Kotlin/.m2.cache/androidx/lifecycle/lifecycle-runtime-compose-desktop/2.11.0/lifecycle-runtime-compose-desktop-2.11.0.jar:/home/mark/.cache/JetBrains/Kotlin/.m2.cache/org/jetbrains/androidx/lifecycle/lifecycle-runtime-desktop/2.11.0/lifecycle-runtime-desktop-2.11.0.jar:/home/mark/.cache/JetBrains/Kotlin/.m2.cache/androidx/compose/runtime/runtime-saveable-desktop/1.12.1/runtime-saveable-desktop-1.12.1.jar:/home/mark/.cache/JetBrains/Kotlin/.m2.cache/org/jetbrains/androidx/savedstate/savedstate-compose-desktop/1.3.6/savedstate-compose-desktop-1.3.6.jar:/home/mark/.cache/JetBrains/Kotlin/.m2.cache/org/jetbrains/kotlinx/kotlinx-serialization-core-jvm/1.7.3/kotlinx-serialization-core-jvm-1.7.3.jar:/home/mark/.cache/JetBrains/Kotlin/.m2.cache/androidx/lifecycle/lifecycle-runtime-desktop/2.11.0/lifecycle-runtime-desktop-2.11.0.jar:/home/mark/.cache/JetBrains/Kotlin/.m2.cache/org/jetbrains/androidx/lifecycle/lifecycle-common-jvm/2.11.0/lifecycle-common-jvm-2.11.0.jar:/home/mark/.cache/JetBrains/Kotlin/.m2.cache/androidx/arch/core/core-common/2.2.0/core-common-2.2.0.jar:/home/mark/.cache/JetBrains/Kotlin/.m2.cache/androidx/lifecycle/lifecycle-common-jvm/2.11.0/lifecycle-common-jvm-2.11.0.jar:/home/mark/.cache/JetBrains/Kotlin/.m2.cache/org/jspecify/jspecify/1.0.0/jspecify-1.0.0.jar, desktopApp, plugin:androidx.compose.compiler.plugins.kotlin:generateFunctionKeyMetaAnnotations=true,plugin:androidx.compose.compiler.plugins.kotlin:sourceInformation=true])
00:52.425 INFO  :desktopApp:compileJvm    KotlinBuildToolsApiKt     Non-incremental compilation will be performed: Unknown inputs changes
00:52.425 DEBUG :desktopApp:compileJvm    KotlinBuildToolsApiKt     Cleaning 2 output directories
00:52.977 DEBUG :shared:compileJvmTest    KotlinBuildToolsApiKt     [KOTLIN] compile iteration: shared/test/PlatformTest.kt, shared/test@jvm/PlatformJvmTest.kt
00:52.977 DEBUG :shared:compileJvmTest    KotlinBuildToolsApiKt     Compile iteration:
00:52.977 DEBUG :shared:compileJvmTest    KotlinBuildToolsApiKt       shared/test/PlatformTest.kt
00:52.977 DEBUG :shared:compileJvmTest    KotlinBuildToolsApiKt       shared/test@jvm/PlatformJvmTest.kt
00:52.977 DEBUG :shared:compileJvmTest    KotlinBuildToolsApiKt     Using Kotlin home directory <no_path>
00:52.977 DEBUG :shared:compileJvmTest    KotlinBuildToolsApiKt     Exception on loading scripting plugin: java.lang.ClassNotFoundException: org.jetbrains.kotlin.scripting.compiler.plugin.ScriptingK2CompilerPluginRegistrar
00:52.977 DEBUG :shared:compileJvmTest    KotlinBuildToolsApiKt     Scripting plugin will not be loaded: not all required jars are present in the classpath (missing files: [./kotlin-scripting-compiler.jar, ./kotlin-scripting-compiler-impl.jar, ./kotlin-scripting-common.jar, ./kotlin-scripting-jvm.jar])
00:52.977 DEBUG :shared:compileJvmTest    KotlinBuildToolsApiKt     Configuring the compilation environment
00:52.977 DEBUG :shared:compileJvmTest    KotlinBuildToolsApiKt     Using JDK home directory /home/mark/.cache/JetBrains/Kotlin/extract.cache/5cadb5bf88-OpenJDK25U-jdk_x64_linux_hotspot_25.0.4.1_1.tar.gz.a609ba.d/jdk-25.0.4.1+1
00:52.977 DEBUG :shared:compileJvmTest    KotlinBuildToolsApiKt     Loading modules: [java.se, jdk.accessibility, jdk.attach, jdk.compiler, jdk.dynalink, jdk.httpserver, jdk.incubator.vector, jdk.jartool, jdk.javadoc, jdk.jconsole, jdk.jdi, jdk.jfr, jdk.jshell, jdk.jsobject, jdk.management, jdk.management.jfr, jdk.net, jdk.nio.mapmode, jdk.sctp, jdk.security.auth, jdk.security.jgss, jdk.unsupported, jdk.unsupported.desktop, jdk.xml.dom, java.base, java.compiler, java.datatransfer, java.desktop, java.xml, java.instrument, java.logging, java.management, java.management.rmi, java.rmi, java.naming, java.net.http, java.prefs, java.scripting, java.security.jgss, java.security.sasl, java.sql, java.transaction.xa, java.sql.rowset, java.xml.crypto, jdk.internal.jvmstat, jdk.internal.opt, jdk.zipfs, jdk.internal.md, jdk.management.agent, jdk.jdwp.agent, jdk.internal.ed, jdk.internal.le]
00:52.977 DEBUG :shared:compileJvmTest    KotlinBuildToolsApiKt     Output:
/home/mark/Nextcloud/Documents/School/2026 - Fall/SWE/tmp/build/artifacts/CompiledJvmArtifact/sharedjvmTest/kotlin-output/com/swe/studyplanner/PlatformJvmTest.class
Sources:
/home/mark/Nextcloud/Documents/School/2026 - Fall/SWE/tmp/shared/test@jvm/PlatformJvmTest.kt
00:52.977 DEBUG :shared:compileJvmTest    KotlinBuildToolsApiKt     Output:
/home/mark/Nextcloud/Documents/School/2026 - Fall/SWE/tmp/build/artifacts/CompiledJvmArtifact/sharedjvmTest/kotlin-output/com/swe/studyplanner/PlatformTest.class
Sources:
/home/mark/Nextcloud/Documents/School/2026 - Fall/SWE/tmp/shared/test/PlatformTest.kt
00:52.977 DEBUG :shared:compileJvmTest    KotlinBuildToolsApiKt     Output:
/home/mark/Nextcloud/Documents/School/2026 - Fall/SWE/tmp/build/artifacts/CompiledJvmArtifact/sharedjvmTest/kotlin-output/META-INF/shared_test.kotlin_module
Sources:
/home/mark/Nextcloud/Documents/School/2026 - Fall/SWE/tmp/shared/test/PlatformTest.kt
/home/mark/Nextcloud/Documents/School/2026 - Fall/SWE/tmp/shared/test@jvm/PlatformJvmTest.kt
00:53.037 DEBUG :shared:compileJvmTest    KotlinBuildToolsApiKt     [ClasspathSnapshot] Shrunk current classpath snapshot after compilation (shrink mode = NonIncremental), retained 20 / 8156 classes
00:53.046 DEBUG :desktopApp:compileJvm    KotlinBuildToolsApiKt     [KOTLIN] compile iteration: desktopApp/src/main.kt
00:53.046 DEBUG :desktopApp:compileJvm    KotlinBuildToolsApiKt     Compile iteration:
00:53.046 DEBUG :desktopApp:compileJvm    KotlinBuildToolsApiKt       desktopApp/src/main.kt
00:53.046 DEBUG :desktopApp:compileJvm    KotlinBuildToolsApiKt     Using Kotlin home directory <no_path>
00:53.046 DEBUG :desktopApp:compileJvm    KotlinBuildToolsApiKt     Exception on loading scripting plugin: java.lang.ClassNotFoundException: org.jetbrains.kotlin.scripting.compiler.plugin.ScriptingK2CompilerPluginRegistrar
00:53.046 DEBUG :desktopApp:compileJvm    KotlinBuildToolsApiKt     Scripting plugin will not be loaded: not all required jars are present in the classpath (missing files: [./kotlin-scripting-compiler.jar, ./kotlin-scripting-compiler-impl.jar, ./kotlin-scripting-common.jar, ./kotlin-scripting-jvm.jar])
00:53.046 DEBUG :desktopApp:compileJvm    KotlinBuildToolsApiKt     Configuring the compilation environment
00:53.046 DEBUG :desktopApp:compileJvm    KotlinBuildToolsApiKt     Using JDK home directory /home/mark/.cache/JetBrains/Kotlin/extract.cache/5cadb5bf88-OpenJDK25U-jdk_x64_linux_hotspot_25.0.4.1_1.tar.gz.a609ba.d/jdk-25.0.4.1+1
00:53.046 DEBUG :desktopApp:compileJvm    KotlinBuildToolsApiKt     Loading modules: [java.se, jdk.accessibility, jdk.attach, jdk.compiler, jdk.dynalink, jdk.httpserver, jdk.incubator.vector, jdk.jartool, jdk.javadoc, jdk.jconsole, jdk.jdi, jdk.jfr, jdk.jshell, jdk.jsobject, jdk.management, jdk.management.jfr, jdk.net, jdk.nio.mapmode, jdk.sctp, jdk.security.auth, jdk.security.jgss, jdk.unsupported, jdk.unsupported.desktop, jdk.xml.dom, java.base, java.compiler, java.datatransfer, java.desktop, java.xml, java.instrument, java.logging, java.management, java.management.rmi, java.rmi, java.naming, java.net.http, java.prefs, java.scripting, java.security.jgss, java.security.sasl, java.sql, java.transaction.xa, java.sql.rowset, java.xml.crypto, jdk.internal.jvmstat, jdk.internal.opt, jdk.zipfs, jdk.internal.md, jdk.management.agent, jdk.jdwp.agent, jdk.internal.ed, jdk.internal.le]
00:53.046 DEBUG :desktopApp:compileJvm    KotlinBuildToolsApiKt     Output:
/home/mark/Nextcloud/Documents/School/2026 - Fall/SWE/tmp/build/artifacts/CompiledJvmArtifact/desktopAppjvm/kotlin-output/com/swe/studyplanner/ComposableSingletons$MainKt.class
Sources:
/home/mark/Nextcloud/Documents/School/2026 - Fall/SWE/tmp/desktopApp/src/main.kt
00:53.046 DEBUG :desktopApp:compileJvm    KotlinBuildToolsApiKt     Output:
/home/mark/Nextcloud/Documents/School/2026 - Fall/SWE/tmp/build/artifacts/CompiledJvmArtifact/desktopAppjvm/kotlin-output/com/swe/studyplanner/ComposableSingletons$MainKt$lambda$-716796637$1$1$1.class
Sources:
/home/mark/Nextcloud/Documents/School/2026 - Fall/SWE/tmp/desktopApp/src/main.kt
00:53.046 DEBUG :desktopApp:compileJvm    KotlinBuildToolsApiKt     Output:
/home/mark/Nextcloud/Documents/School/2026 - Fall/SWE/tmp/build/artifacts/CompiledJvmArtifact/desktopAppjvm/kotlin-output/com/swe/studyplanner/MainKt.class
Sources:
/home/mark/Nextcloud/Documents/School/2026 - Fall/SWE/tmp/desktopApp/src/main.kt
00:53.046 DEBUG :desktopApp:compileJvm    KotlinBuildToolsApiKt     Output:
/home/mark/Nextcloud/Documents/School/2026 - Fall/SWE/tmp/build/artifacts/CompiledJvmArtifact/desktopAppjvm/kotlin-output/META-INF/desktopApp.kotlin_module
Sources:
/home/mark/Nextcloud/Documents/School/2026 - Fall/SWE/tmp/desktopApp/src/main.kt
00:53.050 INFO  :shared:compileJvmTest    MessagesKt                Compilation successful for shared [jvm tests]
00:53.076 DEBUG :shared:compileJvmTest    IncrementalCache          [inc] ':shared:compileJvmTest' changes: '/home/mark/Nextcloud/Documents/School/2026 - Fall/SWE/tmp/build/artifacts/CompiledJvmArtifact/sharedjvmTest/kotlin-output/META-INF/shared_test.kotlin_module' CREATED, '/home/mark/Nextcloud/Documents/School/2026 - Fall/SWE/tmp/build/artifacts/CompiledJvmArtifact/sharedjvmTest/kotlin-output/com/swe/studyplanner/PlatformJvmTest.class' CREATED, '/home/mark/Nextcloud/Documents/School/2026 - Fall/SWE/tmp/build/artifacts/CompiledJvmArtifact/sharedjvmTest/kotlin-output/com/swe/studyplanner/PlatformTest.class' CREATED
00:53.089 DEBUG :desktopApp:compileJvm    KotlinBuildToolsApiKt     [ClasspathSnapshot] Shrunk current classpath snapshot after compilation (shrink mode = NonIncremental), retained 23 / 7924 classes
00:53.099 INFO  :desktopApp:compileJvm    MessagesKt                Compilation successful for desktopApp [jvm]
00:53.099 DEBUG :desktopApp:compileJvm    JvmCompileTask            Copying resources from '/home/mark/Nextcloud/Documents/School/2026 - Fall/SWE/tmp/desktopApp/resources' to '/home/mark/Nextcloud/Documents/School/2026 - Fall/SWE/tmp/build/artifacts/CompiledJvmArtifact/desktopAppjvm/resources-output'...
00:53.118 DEBUG :desktopApp:compileJvm    IncrementalCache          [inc] ':desktopApp:compileJvm' changes: '/home/mark/Nextcloud/Documents/School/2026 - Fall/SWE/tmp/build/artifacts/CompiledJvmArtifact/desktopAppjvm/kotlin-output/META-INF/desktopApp.kotlin_module' CREATED, '/home/mark/Nextcloud/Documents/School/2026 - Fall/SWE/tmp/build/artifacts/CompiledJvmArtifact/desktopAppjvm/kotlin-output/com/swe/studyplanner/ComposableSingletons$MainKt.class' CREATED, '/home/mark/Nextcloud/Documents/School/2026 - Fall/SWE/tmp/build/artifacts/CompiledJvmArtifact/desktopAppjvm/kotlin-output/com/swe/studyplanner/ComposableSingletons$MainKt$lambda$-716796637$1$1$1.class' CREATED, '/home/mark/Nextcloud/Documents/School/2026 - Fall/SWE/tmp/build/artifacts/CompiledJvmArtifact/desktopAppjvm/kotlin-output/com/swe/studyplanner/MainKt.class' CREATED, '/home/mark/Nextcloud/Documents/School/2026 - Fall/SWE/tmp/build/artifacts/CompiledJvmArtifact/desktopAppjvm/resources-output/logback.xml' CREATED
00:53.120 DEBUG :desktopApp:compileJvmTest JvmCompileTask            compile desktopApp -- test
00:53.120 DEBUG :desktopApp:compileJvmTest JdkProvider               JAVA_HOME is not set (or empty). The Kotlin Toolchain will provision a JDK instead.
00:53.120 DEBUG :desktopApp:jarJvm        IncrementalCache          [inc] building ':desktopApp:jarJvm'
00:53.121 DEBUG :desktopApp:compileJvmTest IncrementalCache          [inc] building ':desktopApp:compileJvmTest'
00:53.122 DEBUG :desktopApp:compileJvmTest JvmCompileTask            No sources were found for fragment 'test' of module 'desktopApp', skipping compilation
00:53.124 DEBUG :desktopApp:jarJvm        IncrementalCache          [inc] ':desktopApp:jarJvm' changes: '/home/mark/Nextcloud/Documents/School/2026 - Fall/SWE/tmp/build/tasks/_desktopApp_jarJvm/desktopApp-jvm.jar' CREATED
00:53.142 DEBUG :desktopApp:compileJvmTest IncrementalCache          [inc] ':desktopApp:compileJvmTest' changes: 
